rank,sample_id,group,teacher_dice,student_dice,dice_gap,teacher_iou,student_iou,teacher_acc,student_acc,teacher_hd95,student_hd95,hd95_gap
1,2983,hard,0.8419,0.0000,0.8419,0.7269,0.0000,0.8908,0.4998,2.83,118.73,115.91
2,3014,hard,0.7826,0.0000,0.7826,0.6429,0.0000,0.8685,0.4998,2.83,121.03,118.20
3,4209,hard,0.7810,0.0000,0.7810,0.6406,0.0000,0.8796,0.5000,3.45,68.55,65.10
4,1472,hard,0.7647,0.0000,0.7647,0.6190,0.0000,0.8197,0.5000,3.56,103.48,99.92
5,1386,hard,0.7647,0.0000,0.7647,0.6190,0.0000,0.8714,0.5000,1.41,54.52,53.10
6,3343,hard,0.7647,0.0000,0.7647,0.6190,0.0000,0.8823,0.4999,2.00,33.50,31.50
7,2985,hard,0.7605,0.0000,0.7605,0.6136,0.0000,0.9125,0.4999,7.67,121.46,113.79
8,2966,hard,0.7310,0.0000,0.7310,0.5761,0.0000,0.8370,0.5000,7.02,31.39,24.36
9,4211,hard,0.7308,0.0000,0.7308,0.5758,0.0000,0.8518,0.5000,2.00,68.55,66.55
10,2061,hard,0.7255,0.0000,0.7255,0.5692,0.0000,0.8854,0.5000,2.00,109.23,107.23
11,4210,hard,0.7255,0.0000,0.7255,0.5692,0.0000,0.8426,0.5000,2.91,68.55,65.65
12,2064,hard,0.7229,0.0000,0.7229,0.5660,0.0000,0.8261,0.5000,5.17,107.84,102.68
13,2958,hard,0.8152,0.0938,0.7213,0.6880,0.0492,0.8799,0.5246,4.24,14.22,9.98
14,1909,hard,0.7149,0.0000,0.7149,0.5563,0.0000,0.7805,0.4999,13.43,106.31,92.88
15,132,hard,0.7131,0.0000,0.7131,0.5541,0.0000,0.8301,0.4995,6.13,25.53,19.40
16,3012,hard,0.7124,0.0000,0.7124,0.5533,0.0000,0.8469,0.4998,4.47,129.50,125.02
17,2959,hard,0.8088,0.0972,0.7117,0.6790,0.0511,0.8441,0.5255,4.97,14.32,9.34
18,1910,hard,0.7093,0.0000,0.7093,0.5496,0.0000,0.7753,0.4999,13.42,105.88,92.47
19,2062,hard,0.7048,0.0000,0.7048,0.5441,0.0000,0.8854,0.5000,2.15,109.23,107.08
20,4216,hard,0.7045,0.0000,0.7045,0.5439,0.0000,0.7818,0.5000,10.00,129.02,119.02
21,1908,hard,0.7009,0.0000,0.7009,0.5395,0.0000,0.7743,0.5000,15.00,115.50,100.50
22,2063,hard,0.7000,0.0000,0.7000,0.5385,0.0000,0.8043,0.5000,5.83,107.84,102.01
23,130,hard,0.6741,0.0031,0.6710,0.5084,0.0015,0.8251,0.5008,8.08,27.00,18.92
24,1912,hard,0.6688,0.0000,0.6688,0.5024,0.0000,0.7800,0.4998,73.10,98.23,25.12
25,2967,hard,0.6657,0.0000,0.6657,0.4989,0.0000,0.7925,0.5000,8.23,100.01,91.78
26,1940,hard,0.6781,0.0142,0.6639,0.5129,0.0071,0.7630,0.5037,10.00,42.07,32.07
27,1742,hard,0.6611,0.0000,0.6611,0.4938,0.0000,0.7616,0.4994,5.76,96.35,90.59
28,2745,hard,0.6606,0.0000,0.6606,0.4932,0.0000,0.7552,0.5000,9.42,105.75,96.33
29,2981,hard,0.6596,0.0000,0.6596,0.4921,0.0000,0.8339,0.4999,5.94,134.43,128.49
30,2968,hard,0.6591,0.0000,0.6591,0.4915,0.0000,0.7570,0.5000,8.00,100.01,92.01
31,1865,hard,0.6575,0.0000,0.6575,0.4898,0.0000,0.8750,0.5000,2.00,118.06,116.06
32,2939,hard,0.6555,0.0000,0.6555,0.4876,0.0000,0.7673,0.4996,85.63,98.33,12.69
33,1911,hard,0.6989,0.0494,0.6495,0.5372,0.0253,0.7701,0.5132,13.03,70.09,57.07
34,1480,hard,0.6429,0.0000,0.6429,0.4737,0.0000,0.7903,0.5000,3.16,103.10,99.94
35,2065,hard,0.6424,0.0000,0.6424,0.4732,0.0000,0.7880,0.5000,5.69,107.84,102.15
36,1863,hard,0.6410,0.0000,0.6410,0.4717,0.0000,0.8906,0.5000,2.00,129.34,127.34
37,1939,hard,0.6802,0.0399,0.6403,0.5154,0.0204,0.7611,0.5108,9.22,40.87,31.65
38,507,hard,0.8575,0.2179,0.6396,0.7506,0.1223,0.8911,0.5628,4.24,36.32,32.07
39,2747,hard,0.6393,0.0000,0.6393,0.4698,0.0000,0.7447,0.5000,9.58,105.75,96.17
40,2987,hard,0.7224,0.0837,0.6388,0.5654,0.0437,0.9283,0.5218,8.60,20.52,11.92
41,128,hard,0.7015,0.0651,0.6364,0.5402,0.0337,0.8550,0.5224,10.09,21.40,11.31
42,1778,hard,0.6333,0.0000,0.6333,0.4634,0.0000,0.9596,0.5000,5.33,71.52,66.19
43,1861,hard,0.6316,0.0000,0.6316,0.4615,0.0000,0.8750,0.5000,2.00,129.34,127.34
44,1907,hard,0.6802,0.0517,0.6286,0.5154,0.0265,0.7609,0.5133,22.00,40.28,18.28
45,2749,hard,0.6196,0.0000,0.6196,0.4488,0.0000,0.7377,0.5000,9.15,105.75,96.60
46,4025,hard,0.6154,0.0000,0.6154,0.4444,0.0000,0.7609,0.5000,3.55,205.36,201.81
47,2069,hard,0.6109,0.0000,0.6109,0.4398,0.0000,0.7253,0.5000,4.00,108.83,104.83
48,1921,hard,0.6080,0.0000,0.6080,0.4368,0.0000,0.7320,0.5000,15.97,116.67,100.71
49,2973,hard,0.6050,0.0000,0.6050,0.4337,0.0000,0.7795,0.5000,7.14,97.39,90.25
50,1208,hard,0.6032,0.0000,0.6032,0.4318,0.0000,0.9523,0.5000,2.00,131.36,129.36
51,1335,hard,0.6029,0.0000,0.6029,0.4316,0.0000,0.7204,0.4999,5.00,136.45,131.45
52,1916,hard,0.5980,0.0000,0.5980,0.4266,0.0000,0.7186,0.4999,22.48,99.48,77.00
53,126,hard,0.7813,0.1846,0.5967,0.6411,0.1017,0.8770,0.5687,8.06,20.02,11.96
54,2974,hard,0.5852,0.0000,0.5852,0.4136,0.0000,0.7598,0.5000,8.06,97.39,89.33
55,1915,hard,0.5850,0.0000,0.5850,0.4134,0.0000,0.7280,0.4999,73.16,99.19,26.03
56,1920,hard,0.5838,0.0000,0.5838,0.4122,0.0000,0.7211,0.4999,70.40,99.56,29.15
57,1741,hard,0.5818,0.0000,0.5818,0.4103,0.0000,0.7119,0.4993,6.32,96.16,89.84
58,2070,hard,0.5690,0.0000,0.5690,0.3976,0.0000,0.7037,0.5000,4.24,108.83,104.58
59,2896,hard,0.5683,0.0000,0.5683,0.3970,0.0000,0.7629,0.4998,12.96,33.01,20.05
60,3344,hard,0.5667,0.0000,0.5667,0.3953,0.0000,0.7499,0.4999,21.29,31.94,10.65
61,2071,hard,0.5665,0.0000,0.5665,0.3952,0.0000,0.7037,0.5000,4.44,108.83,104.39
62,2938,hard,0.5659,0.0000,0.5659,0.3946,0.0000,0.7278,0.4996,87.59,101.57,13.98
63,2068,hard,0.5783,0.0125,0.5658,0.4068,0.0063,0.7307,0.5032,3.09,12.19,9.10
64,1941,hard,0.5805,0.0150,0.5655,0.4089,0.0076,0.7295,0.5039,63.21,43.83,-19.38
65,1938,hard,0.6437,0.0787,0.5650,0.4746,0.0410,0.7393,0.5217,10.97,39.21,28.25
66,1732,hard,0.5584,0.0000,0.5584,0.3873,0.0000,0.7433,0.4999,4.52,96.06,91.54
67,2937,hard,0.5579,0.0000,0.5579,0.3869,0.0000,0.7040,0.4997,15.06,103.77,88.71
68,2739,hard,0.5565,0.0000,0.5565,0.3855,0.0000,0.8502,0.5000,6.26,105.99,99.73
69,2979,hard,0.5897,0.0339,0.5558,0.4181,0.0172,0.8080,0.5086,8.08,24.70,16.62
70,1922,hard,0.5554,0.0000,0.5554,0.3845,0.0000,0.6956,0.4999,18.51,94.49,75.98
71,2050,hard,0.5498,0.0000,0.5498,0.3791,0.0000,0.7101,0.5000,5.00,107.35,102.35
72,2975,hard,0.5455,0.0000,0.5455,0.3750,0.0000,0.7565,0.5000,68.48,97.39,28.91
73,3018,hard,0.8329,0.2929,0.5400,0.7137,0.1716,0.8584,0.5858,10.00,21.98,11.98
74,1752,hard,0.5364,0.0000,0.5364,0.3665,0.0000,0.7610,0.4999,2.83,96.54,93.71
75,4023,hard,0.5333,0.0000,0.5333,0.3636,0.0000,0.7609,0.5000,9.56,118.43,108.87
76,3574,hard,0.7840,0.2508,0.5332,0.6447,0.1434,0.9031,0.5717,5.00,12.31,7.31
77,1917,hard,0.5288,0.0000,0.5288,0.3595,0.0000,0.7189,0.4997,73.45,96.00,22.55
78,2965,hard,0.8081,0.2817,0.5264,0.6779,0.1639,0.8533,0.5822,4.24,11.82,7.58
79,2741,hard,0.5241,0.0000,0.5241,0.3551,0.0000,0.8173,0.5000,4.52,105.99,101.47
80,1906,hard,0.6578,0.1343,0.5236,0.4901,0.0720,0.7471,0.5360,23.22,39.06,15.84
81,1743,hard,0.7184,0.1972,0.5212,0.5606,0.1094,0.7817,0.6264,4.24,94.02,89.78
82,3168,hard,0.9499,0.4294,0.5206,0.9047,0.2734,0.9570,0.6367,2.24,26.40,24.17
83,2743,hard,0.5204,0.0000,0.5204,0.3517,0.0000,0.8027,0.5000,5.00,105.99,100.99
84,134,hard,0.5171,0.0000,0.5171,0.3487,0.0000,0.7091,0.5000,7.97,97.05,89.07
85,2073,hard,0.5135,0.0000,0.5135,0.3455,0.0000,0.7345,0.5000,6.03,143.61,137.57
86,54,hard,0.8710,0.3619,0.5091,0.7714,0.2209,0.9655,0.8274,1.00,62.48,61.48
87,2765,hard,0.5065,0.0000,0.5065,0.3391,0.0000,0.7670,0.5000,3.41,102.67,99.27
88,1913,hard,0.5041,0.0000,0.5041,0.3370,0.0000,0.7177,0.4996,76.18,95.06,18.89
89,1929,hard,0.5009,0.0000,0.5009,0.3341,0.0000,0.6703,0.4999,17.09,64.41,47.32
90,1919,hard,0.5004,0.0000,0.5004,0.3337,0.0000,0.7175,0.4996,73.22,91.59,18.37
91,1888,hard,0.6959,0.1958,0.5001,0.5336,0.1085,0.8457,0.5713,80.02,85.83,5.81
92,2059,hard,0.5000,0.0000,0.5000,0.3333,0.0000,0.8749,0.5000,14.50,109.23,94.73
93,4022,hard,0.4912,0.0000,0.4912,0.3256,0.0000,0.8043,0.5000,9.42,118.43,109.01
94,2072,hard,0.4907,0.0000,0.4907,0.3252,0.0000,0.6920,0.5000,5.00,107.35,102.35
95,1738,hard,0.4889,0.0000,0.4889,0.3235,0.0000,0.7157,0.5000,11.08,101.97,90.89
96,1923,hard,0.4879,0.0000,0.4879,0.3227,0.0000,0.6620,0.4999,20.02,95.54,75.52
97,1887,hard,0.4865,0.0000,0.4865,0.3214,0.0000,0.7106,0.4994,80.17,110.82,30.66
98,2764,hard,0.4848,0.0000,0.4848,0.3200,0.0000,0.7191,0.5000,11.96,102.67,90.71
99,2762,hard,0.4839,0.0000,0.4839,0.3191,0.0000,0.7054,0.5000,18.32,102.67,84.35
100,1867,hard,0.4819,0.0000,0.4819,0.3175,0.0000,0.7631,0.4999,101.26,117.10,15.83
101,3231,hard,0.6344,0.1525,0.4819,0.4646,0.0826,0.7489,0.5413,10.30,27.56,17.26
102,1914,hard,0.4800,0.0000,0.4800,0.3158,0.0000,0.7051,0.4995,75.39,95.00,19.61
103,1918,hard,0.4796,0.0000,0.4796,0.3154,0.0000,0.7226,0.4996,73.55,92.10,18.55
104,4010,hard,0.4795,0.0000,0.4795,0.3154,0.0000,0.7562,0.5000,8.80,126.55,117.75
105,1820,hard,0.5430,0.0637,0.4794,0.3727,0.0329,0.8331,0.5203,5.10,13.78,8.68
106,2969,hard,0.6067,0.1329,0.4738,0.4354,0.0712,0.7714,0.5356,6.52,15.02,8.50
107,1075,hard,0.4717,0.0000,0.4717,0.3086,0.0000,0.6670,0.4997,90.21,106.11,15.90
108,3019,hard,0.7836,0.3127,0.4708,0.6442,0.1854,0.8221,0.5927,10.77,22.11,11.34
109,2766,hard,0.4693,0.0000,0.4693,0.3066,0.0000,0.7875,0.5000,5.49,102.67,97.18
110,1930,hard,0.4991,0.0312,0.4679,0.3325,0.0158,0.6734,0.5085,18.34,35.41,17.07
111,2052,hard,0.4673,0.0000,0.4673,0.3049,0.0000,0.6811,0.5000,5.39,107.35,101.96
112,4020,hard,0.4667,0.0000,0.4667,0.3043,0.0000,0.7413,0.5000,8.60,120.23,111.63
113,3576,hard,0.8147,0.3491,0.4656,0.6873,0.2115,0.8781,0.6057,5.00,11.60,6.60
114,1739,hard,0.4622,0.0000,0.4622,0.3005,0.0000,0.6920,0.4993,16.47,94.36,77.89
115,4008,hard,0.4615,0.0000,0.4615,0.3000,0.0000,0.7624,0.5000,8.62,126.55,117.92
116,4012,hard,0.4545,0.0000,0.4545,0.2941,0.0000,0.6875,0.5000,10.86,126.55,115.68
117,627,hard,0.4528,0.0000,0.4528,0.2927,0.0000,0.8000,0.5000,43.69,18.25,-25.44
118,1740,hard,0.4471,0.0000,0.4471,0.2879,0.0000,0.6862,0.5000,11.14,64.41,53.27
119,2225,hard,0.5643,0.1238,0.4405,0.3931,0.0660,0.7690,0.5455,16.01,22.65,6.63
120,3326,hard,0.4397,0.0000,0.4397,0.2818,0.0000,0.6465,0.5000,12.21,83.87,71.66
121,4024,hard,0.4390,0.0000,0.4390,0.2812,0.0000,0.6956,0.5000,8.85,207.15,198.30
122,1859,hard,0.4375,0.0000,0.4375,0.2800,0.0000,0.7413,0.5000,2.21,131.51,129.30
123,3170,hard,0.9334,0.5002,0.4332,0.8751,0.3335,0.9390,0.6668,2.83,25.90,23.07
124,2067,hard,0.4686,0.0357,0.4329,0.3060,0.0182,0.6794,0.5096,3.86,9.90,6.04
125,625,hard,0.8315,0.4000,0.4315,0.7115,0.2500,0.8854,0.6250,8.90,12.89,3.99
126,1857,hard,0.4314,0.0000,0.4314,0.2750,0.0000,0.6896,0.5000,2.30,131.51,129.21
127,3233,hard,0.6478,0.2194,0.4284,0.4790,0.1232,0.7662,0.5632,6.71,23.37,16.66
128,2778,hard,0.8563,0.4305,0.4258,0.7487,0.2743,0.8893,0.6372,6.90,43.80,36.90
129,1336,hard,0.4255,0.0000,0.4255,0.2703,0.0000,0.6492,0.5000,136.96,100.06,-36.90
130,4214,hard,0.4225,0.0000,0.4225,0.2679,0.0000,0.6562,0.5000,10.24,68.68,58.44
131,3017,hard,0.8553,0.4330,0.4223,0.7472,0.2764,0.8743,0.6382,9.06,18.37,9.31
132,3324,hard,0.4159,0.0000,0.4159,0.2626,0.0000,0.6350,0.5000,12.85,83.87,71.02
133,640,hard,0.5017,0.0874,0.4142,0.3348,0.0457,0.7142,0.5229,48.15,18.55,-29.60
134,4018,hard,0.4138,0.0000,0.4138,0.2609,0.0000,0.7069,0.4998,9.46,182.68,173.21
135,2135,hard,0.4074,0.0000,0.4074,0.2558,0.0000,0.7340,0.4996,4.00,46.70,42.70
136,3924,hard,0.4070,0.0000,0.4070,0.2555,0.0000,0.8975,0.4999,119.28,121.31,2.03
137,4215,hard,0.4062,0.0000,0.4062,0.2549,0.0000,0.6354,0.5000,10.41,68.68,58.27
138,3020,hard,0.7864,0.3830,0.4034,0.6480,0.2368,0.8244,0.6184,10.92,20.10,9.18
139,4016,hard,0.4000,0.0000,0.4000,0.2500,0.0000,0.7069,0.4998,9.43,182.97,173.54
140,2781,hard,0.4901,0.0935,0.3967,0.3246,0.0490,0.9131,0.5333,16.27,18.79,2.51
141,1736,hard,0.3925,0.0000,0.3925,0.2442,0.0000,0.6666,0.5000,4.47,98.55,94.08
142,2809,hard,0.7898,0.3979,0.3919,0.6527,0.2484,0.8324,0.6244,8.95,42.58,33.64
143,4014,hard,0.3871,0.0000,0.3871,0.2400,0.0000,0.7069,0.5000,9.42,120.23,110.81
144,3229,hard,0.5871,0.2033,0.3837,0.4155,0.1132,0.7143,0.5566,10.79,25.96,15.17
145,4305,hard,0.5843,0.2014,0.3828,0.4127,0.1120,0.7080,0.5560,8.91,11.02,2.12
146,4492,hard,0.3827,0.0000,0.3827,0.2366,0.0000,0.6324,0.5000,19.24,115.34,96.11
147,932,hard,0.3803,0.0000,0.3803,0.2348,0.0000,0.6867,0.4997,24.84,37.01,12.17
148,266,hard,0.5974,0.2215,0.3759,0.4259,0.1245,0.8134,0.5745,7.28,15.18,7.90
149,2756,hard,0.3738,0.0000,0.3738,0.2299,0.0000,0.6449,0.5000,15.33,102.27,86.94
150,1897,hard,0.7574,0.3843,0.3732,0.6096,0.2378,0.9054,0.6253,22.00,100.99,78.99
151,3322,hard,0.3721,0.0000,0.3721,0.2286,0.0000,0.6860,0.4999,9.00,19.75,10.75
152,2223,hard,0.6324,0.2614,0.3710,0.4625,0.1504,0.8362,0.6174,13.54,19.35,5.81
153,2963,hard,0.8095,0.4388,0.3708,0.6800,0.2810,0.8591,0.6408,4.00,10.04,6.04
154,2964,hard,0.8168,0.4465,0.3703,0.6903,0.2874,0.8661,0.6444,3.61,9.90,6.29
155,3725,hard,0.3701,0.0000,0.3701,0.2271,0.0000,0.9811,0.4998,10.57,34.64,24.07
156,633,hard,0.3693,0.0000,0.3693,0.2264,0.0000,0.6784,0.5000,75.67,28.10,-47.58
157,2989,hard,0.7287,0.3599,0.3687,0.5732,0.2195,0.8479,0.6148,6.71,15.02,8.31
158,3295,hard,0.5801,0.2122,0.3678,0.4085,0.1187,0.8136,0.6076,28.02,104.68,76.66
159,4213,hard,0.3678,0.0000,0.3678,0.2254,0.0000,0.6666,0.5000,55.04,68.68,13.64
160,271,hard,0.7438,0.3764,0.3674,0.5921,0.2318,0.8341,0.9099,14.78,27.40,12.62
161,4493,hard,0.3921,0.0249,0.3672,0.2439,0.0126,0.6391,0.5063,18.36,39.05,20.69
162,2066,hard,0.4310,0.0714,0.3596,0.2747,0.0370,0.6602,0.5192,4.89,9.89,4.99
163,3021,hard,0.7889,0.4302,0.3588,0.6514,0.2740,0.8261,0.6370,11.00,19.20,8.20
164,4241,hard,0.3566,0.0000,0.3566,0.2170,0.0000,0.8964,0.5000,21.45,120.83,99.38
165,3297,hard,0.6505,0.2985,0.3519,0.4820,0.1754,0.8495,0.6631,9.32,104.83,95.52
166,3166,hard,0.9449,0.5944,0.3505,0.8955,0.4229,0.9501,0.7115,2.24,22.01,19.78
167,2224,hard,0.5914,0.2415,0.3499,0.4198,0.1373,0.8148,0.6032,14.42,20.32,5.90
168,1729,hard,0.3497,0.0000,0.3497,0.2119,0.0000,0.6355,0.4996,9.46,100.54,91.09
169,2750,hard,0.3487,0.0000,0.3487,0.2112,0.0000,0.6557,0.5000,9.61,91.27,81.66
170,2970,hard,0.6180,0.2701,0.3479,0.4472,0.1561,0.7696,0.5786,6.37,12.88,6.51
171,3723,hard,0.3478,0.0000,0.3478,0.2105,0.0000,0.6481,0.4998,34.86,35.64,0.78
172,2936,hard,0.5587,0.2110,0.3477,0.3876,0.1179,0.7016,0.5597,9.48,19.68,10.20
173,1733,hard,0.3474,0.0000,0.3474,0.2102,0.0000,0.6330,0.4997,10.40,97.65,87.25
174,4237,hard,0.3462,0.0000,0.3462,0.2093,0.0000,0.9653,0.5000,5.66,120.83,115.17
175,4239,hard,0.3448,0.0000,0.3448,0.2083,0.0000,0.9309,0.5000,18.26,120.83,102.57
176,1004,hard,0.3429,0.0000,0.3429,0.2069,0.0000,0.8883,0.4997,93.28,165.63,72.35
177,2758,hard,0.3426,0.0000,0.3426,0.2067,0.0000,0.6340,0.5000,15.42,102.27,86.85
178,1369,hard,0.7612,0.4198,0.3414,0.6145,0.2656,0.9636,0.8090,20.37,21.93,1.56
179,2348,hard,0.3404,0.0000,0.3404,0.2051,0.0000,0.7105,0.5000,4.88,89.97,85.09
180,1735,hard,0.3400,0.0000,0.3400,0.2048,0.0000,0.6370,0.4995,10.87,90.14,79.27
181,1931,hard,0.4639,0.1248,0.3391,0.3020,0.0665,0.6526,0.5349,17.46,33.96,16.50
182,1851,hard,0.3390,0.0000,0.3390,0.2041,0.0000,0.6785,0.5000,97.22,135.23,38.01
183,1731,hard,0.3370,0.0000,0.3370,0.2026,0.0000,0.6313,0.4998,9.46,100.37,90.91
184,2655,hard,0.3333,0.0000,0.3333,0.2000,0.0000,0.8592,0.4996,42.15,90.09,47.95
185,2133,hard,0.3333,0.0000,0.3333,0.2000,0.0000,0.7446,0.4997,4.10,46.13,42.03
186,639,hard,0.3275,0.0000,0.3275,0.1958,0.0000,0.6379,0.5000,48.91,24.72,-24.20
187,3436,hard,0.3269,0.0000,0.3269,0.1954,0.0000,0.9249,0.5000,4.47,96.51,92.03
188,3022,hard,0.7836,0.4576,0.3260,0.6442,0.2967,0.8221,0.6483,10.48,17.48,7.00
189,273,hard,0.7506,0.4258,0.3248,0.6008,0.2705,0.8836,0.8830,13.76,21.42,7.65
190,2222,hard,0.6435,0.3203,0.3232,0.4744,0.1907,0.8512,0.6358,12.15,18.30,6.15
191,2780,hard,0.8894,0.5668,0.3226,0.8009,0.3955,0.9594,0.6983,5.09,35.39,30.31
192,1819,hard,0.6883,0.3676,0.3207,0.5248,0.2252,0.9307,0.6382,2.97,10.00,7.03
193,1734,hard,0.3188,0.0000,0.3188,0.1897,0.0000,0.6745,0.5000,4.19,98.45,94.26
194,509,hard,0.8124,0.4940,0.3184,0.6841,0.3280,0.8514,0.6673,6.19,14.59,8.40
195,2054,hard,0.3175,0.0000,0.3175,0.1887,0.0000,0.6234,0.5000,6.08,106.22,100.14
196,2752,hard,0.3175,0.0000,0.3175,0.1887,0.0000,0.6176,0.5000,11.35,89.26,77.91
197,3025,hard,0.7985,0.4823,0.3162,0.6645,0.3177,0.8326,0.6589,10.57,19.23,8.66
198,1928,hard,0.3147,0.0000,0.3147,0.1868,0.0000,0.5975,0.4999,20.25,45.24,25.00
199,2653,hard,0.3143,0.0000,0.3143,0.1864,0.0000,0.8436,0.4995,42.08,86.56,44.48
200,2947,hard,0.7956,0.4819,0.3137,0.6605,0.3174,0.9108,0.6692,5.00,9.04,4.04
201,1980,hard,0.3743,0.0606,0.3137,0.2302,0.0312,0.6250,0.5156,22.74,24.65,1.90
202,3026,hard,0.8199,0.5081,0.3118,0.6948,0.3406,0.8478,0.6703,10.61,18.44,7.83
203,4212,hard,0.3107,0.0000,0.3107,0.1839,0.0000,0.6666,0.5000,51.43,68.68,17.25
204,124,hard,0.7937,0.4832,0.3105,0.6579,0.3186,0.8844,0.6658,7.01,16.62,9.60
205,2760,hard,0.3092,0.0000,0.3092,0.1829,0.0000,0.6159,0.5000,16.12,102.27,86.15
206,2949,hard,0.7810,0.4720,0.3090,0.6407,0.3089,0.8988,0.6560,4.08,8.17,4.08
207,2754,hard,0.3071,0.0000,0.3071,0.1814,0.0000,0.6088,0.5000,15.46,104.20,88.74
208,1737,hard,0.3048,0.0000,0.3048,0.1798,0.0000,0.6651,0.4993,20.09,91.16,71.07
209,1898,hard,0.7897,0.4864,0.3033,0.6525,0.3213,0.8991,0.6775,63.81,71.52,7.71
210,473,hard,0.3013,0.0000,0.3013,0.1774,0.0000,0.5893,0.5000,14.74,87.87,73.13
211,3024,hard,0.7979,0.4967,0.3012,0.6637,0.3304,0.8320,0.6652,10.77,17.09,6.32
212,1899,hard,0.7589,0.4585,0.3005,0.6115,0.2974,0.8481,0.6516,63.89,33.05,-30.84
213,2971,hard,0.5877,0.2884,0.2993,0.4161,0.1685,0.7415,0.5861,7.21,11.95,4.74
214,3435,hard,0.3878,0.0889,0.2989,0.2405,0.0465,0.9749,0.5999,22.21,23.35,1.14
215,2875,hard,0.2979,0.0000,0.2979,0.1750,0.0000,0.8344,0.5000,11.68,118.36,106.68
216,3023,hard,0.7901,0.4967,0.2934,0.6530,0.3304,0.8265,0.6652,10.77,16.57,5.80
217,3328,hard,0.5060,0.2154,0.2906,0.3387,0.1207,0.6810,0.5603,6.14,14.21,8.08
218,239,hard,0.8211,0.5311,0.2899,0.6964,0.3616,0.9698,0.9877,6.10,10.50,4.39
219,2767,hard,0.2890,0.0000,0.2890,0.1689,0.0000,0.7117,0.5000,7.81,101.52,93.71
220,1869,hard,0.2889,0.0000,0.2889,0.1688,0.0000,0.6710,0.4999,116.57,117.06,0.49
221,2130,hard,0.2876,0.0000,0.2876,0.1679,0.0000,0.8665,0.4999,128.71,134.80,6.09
222,3010,hard,0.4109,0.1244,0.2865,0.2585,0.0663,0.7756,0.5338,11.35,16.83,5.48
223,1932,hard,0.4596,0.1738,0.2857,0.2983,0.0952,0.6521,0.5504,18.03,32.91,14.89
224,241,hard,0.7407,0.4566,0.2841,0.5882,0.2959,0.9901,0.9900,10.13,12.19,2.06
225,3507,hard,0.2829,0.0000,0.2829,0.1648,0.0000,0.9675,0.4998,133.54,133.56,0.03
226,2783,hard,0.5000,0.2174,0.2826,0.3333,0.1220,0.8931,0.5999,16.82,17.80,0.98
227,1816,hard,0.8000,0.5178,0.2822,0.6667,0.3493,0.9434,0.7217,2.00,6.64,4.64
228,2226,hard,0.2817,0.0000,0.2817,0.1639,0.0000,0.6737,0.4997,15.25,31.15,15.90
229,2132,hard,0.3165,0.0351,0.2815,0.1880,0.0179,0.8665,0.5166,127.55,9.01,-118.55
230,619,hard,0.2806,0.0000,0.2806,0.1632,0.0000,0.6021,0.5000,49.04,26.18,-22.86
231,3197,hard,0.9351,0.6565,0.2785,0.8780,0.4887,0.9408,0.7446,2.35,19.00,16.65
232,1073,hard,0.5515,0.2739,0.2776,0.3808,0.1587,0.6904,0.6041,9.15,95.35,86.21
233,2957,hard,0.8411,0.5647,0.2764,0.7258,0.3934,0.9030,0.7015,3.61,6.71,3.10
234,40,hard,0.6508,0.3761,0.2748,0.4824,0.2316,0.7526,0.6158,6.63,8.06,1.43
235,2972,hard,0.6013,0.3265,0.2748,0.4299,0.1951,0.8025,0.6052,6.71,11.47,4.76
236,3227,hard,0.5457,0.2709,0.2748,0.3752,0.1567,0.6991,0.5783,13.66,24.05,10.39
237,3323,hard,0.2712,0.0000,0.2712,0.1569,0.0000,0.6859,0.4998,10.00,19.05,9.05
238,1479,hard,0.7179,0.4468,0.2711,0.5600,0.2877,0.8000,0.6500,4.16,5.36,1.19
239,3027,hard,0.8489,0.5780,0.2709,0.7375,0.4065,0.8688,0.7032,10.57,16.32,5.75
240,2676,hard,0.5847,0.3139,0.2708,0.4131,0.1862,0.7142,0.5941,21.84,26.91,5.07
241,1876,hard,0.2692,0.0000,0.2692,0.1555,0.0000,0.6071,0.4998,82.64,136.40,53.76
242,683,hard,0.7506,0.4822,0.2684,0.6007,0.3177,0.8171,0.6605,7.73,18.03,10.30
243,2737,hard,0.2680,0.0000,0.2680,0.1548,0.0000,0.9531,0.5000,9.73,106.57,96.84
244,1818,hard,0.6357,0.3677,0.2680,0.4660,0.2253,0.8868,0.6781,4.00,5.86,1.86
245,4304,hard,0.2677,0.0000,0.2677,0.1545,0.0000,0.5993,0.4997,59.89,97.82,37.93
246,3735,hard,0.2667,0.0000,0.2667,0.1538,0.0000,0.9999,0.5000,3.61,115.37,111.77
247,2134,hard,0.2667,0.0000,0.2667,0.1538,0.0000,0.7284,0.5000,6.24,10.05,3.81
248,2948,hard,0.7896,0.5234,0.2662,0.6524,0.3545,0.9057,0.6920,5.23,8.02,2.79
249,1991,hard,0.8333,0.5676,0.2658,0.7143,0.3962,0.9500,0.9199,1.79,146.77,144.97
250,2950,hard,0.8123,0.5497,0.2625,0.6839,0.3791,0.8899,0.6944,3.49,8.15,4.65
251,1886,hard,0.2594,0.0000,0.2594,0.1490,0.0000,0.5936,0.4995,80.69,111.01,30.32
252,1142,hard,0.2581,0.0000,0.2581,0.1481,0.0000,0.9999,0.5000,20.68,97.04,76.36
253,4491,hard,0.2570,0.0000,0.2570,0.1474,0.0000,0.5821,0.5000,20.85,115.34,94.50
254,2735,hard,0.2566,0.0000,0.2566,0.1472,0.0000,0.9531,0.5000,10.00,106.57,96.57
255,4488,hard,0.2555,0.0000,0.2555,0.1465,0.0000,0.5814,0.5000,31.09,112.30,81.21
256,2733,hard,0.2548,0.0000,0.2548,0.1460,0.0000,0.9647,0.5000,9.72,106.57,96.84
257,636,hard,0.2542,0.0000,0.2542,0.1456,0.0000,0.6009,0.5000,74.38,27.74,-46.64
258,4007,hard,0.2525,0.0000,0.2525,0.1445,0.0000,0.5862,0.5000,10.85,133.32,122.46
259,145,hard,0.8862,0.6347,0.2515,0.7956,0.4648,0.9534,0.7389,3.61,14.36,10.76
260,2543,hard,0.4938,0.2430,0.2508,0.3279,0.1383,0.7163,0.5699,33.64,56.80,23.16
261,4005,hard,0.2500,0.0000,0.2500,0.1429,0.0000,0.5827,0.5000,11.45,133.32,121.86
262,4003,hard,0.2500,0.0000,0.2500,0.1429,0.0000,0.5793,0.5000,11.48,133.32,121.84
263,1753,hard,0.2500,0.0000,0.2500,0.1429,0.0000,0.6586,0.4999,4.24,97.94,93.70
264,1905,hard,0.7165,0.4707,0.2458,0.5582,0.3078,0.7836,0.6539,20.19,29.04,8.85
265,1337,hard,0.2456,0.0000,0.2456,0.1400,0.0000,0.5700,0.5000,5.21,99.14,93.92
266,3167,hard,0.4039,0.1583,0.2456,0.2531,0.0860,0.6863,0.5862,9.59,15.55,5.96
267,4487,hard,0.2445,0.0000,0.2445,0.1393,0.0000,0.5783,0.5000,31.12,112.30,81.19
268,2137,hard,0.2424,0.0000,0.2424,0.1379,0.0000,0.7126,0.4996,42.35,46.92,4.57
269,1817,hard,0.6765,0.4364,0.2401,0.5111,0.2791,0.8999,0.7086,3.52,5.47,1.96
270,1849,hard,0.2388,0.0000,0.2388,0.1356,0.0000,0.6428,0.5000,98.46,135.23,36.77
271,1874,hard,0.2359,0.0000,0.2359,0.1337,0.0000,0.6064,0.4998,87.85,128.22,40.37
272,39,hard,0.5896,0.3549,0.2346,0.4180,0.2158,0.7116,0.6079,7.67,8.99,1.32
273,3228,hard,0.2345,0.0000,0.2345,0.1328,0.0000,0.9998,0.4992,15.30,111.63,96.33
274,2977,hard,0.2345,0.0000,0.2345,0.1328,0.0000,0.7740,0.5000,80.02,117.00,36.98
275,2541,hard,0.2386,0.0049,0.2336,0.1354,0.0025,0.6155,0.5012,37.06,64.27,27.21
276,947,hard,0.8671,0.6340,0.2330,0.7653,0.4642,0.9616,0.7427,4.00,13.91,9.91
277,2731,hard,0.2324,0.0000,0.2324,0.1315,0.0000,0.9414,0.5000,9.49,106.57,97.08
278,2540,hard,0.2306,0.0000,0.2306,0.1303,0.0000,0.6059,0.5000,37.96,66.70,28.74
279,3509,hard,0.6963,0.4659,0.2304,0.5341,0.3037,0.7733,0.7383,2.91,128.32,125.40
280,634,hard,0.2285,0.0000,0.2285,0.1290,0.0000,0.6271,0.5000,76.07,28.07,-48.00
281,2035,hard,0.8085,0.5818,0.2267,0.6786,0.4103,1.0000,0.9210,1.02,141.12,140.10
282,4357,hard,0.2264,0.0000,0.2264,0.1277,0.0000,0.7628,0.5000,7.42,69.55,62.13
283,2542,hard,0.2559,0.0302,0.2257,0.1467,0.0153,0.6328,0.5083,34.86,62.97,28.11
284,2960,hard,0.8279,0.6030,0.2249,0.7063,0.4316,0.8589,0.7164,4.12,7.07,2.95
285,1091,hard,0.2240,0.0000,0.2240,0.1261,0.0000,0.5837,0.4997,95.17,107.08,11.90
286,2976,hard,0.2237,0.0000,0.2237,0.1259,0.0000,0.7740,0.5000,80.02,85.72,5.70
287,2962,hard,0.8016,0.5781,0.2235,0.6689,0.4065,0.8486,0.7042,5.00,8.06,3.06
288,3230,hard,0.2207,0.0000,0.2207,0.1240,0.0000,0.9704,0.4993,16.00,111.50,95.50
289,3968,hard,0.2204,0.0000,0.2204,0.1239,0.0000,0.9814,0.5000,12.47,46.10,33.62
290,1933,hard,0.4819,0.2618,0.2201,0.3174,0.1506,0.6661,0.5804,27.55,31.55,3.99
291,3016,hard,0.8310,0.6121,0.2189,0.7109,0.4410,0.8559,0.7205,9.45,15.65,6.21
292,2811,hard,0.8720,0.6536,0.2184,0.7731,0.4854,0.8885,0.7430,7.00,30.29,23.29
293,2956,hard,0.8513,0.6341,0.2171,0.7410,0.4643,0.9138,0.7400,3.61,6.00,2.39
294,4507,hard,0.2167,0.0000,0.2167,0.1215,0.0000,0.7958,0.4998,13.00,21.61,8.61
295,4489,hard,0.2444,0.0277,0.2167,0.1392,0.0140,0.5766,0.5070,31.11,51.45,20.34
296,3226,hard,0.2138,0.0000,0.2138,0.1197,0.0000,0.9998,0.4991,15.02,111.82,96.80
297,3169,hard,0.5913,0.3782,0.2131,0.4198,0.2332,0.8090,0.7361,8.12,14.70,6.58
298,269,hard,0.2852,0.0741,0.2111,0.1663,0.0385,0.8030,0.5880,23.50,28.14,4.64
299,4208,hard,0.7706,0.5600,0.2106,0.6269,0.3889,0.8889,0.6944,3.54,6.91,3.37
300,3382,hard,0.2078,0.0000,0.2078,0.1159,0.0000,0.9998,0.4998,14.32,125.11,110.79
301,1807,hard,0.7395,0.5319,0.2076,0.5867,0.3623,0.8283,0.6866,5.37,7.02,1.66
302,3225,hard,0.4659,0.2583,0.2075,0.3037,0.1483,0.6649,0.5742,14.18,24.18,10.01
303,2421,hard,0.3275,0.1208,0.2067,0.1958,0.0643,0.7233,0.5433,7.18,19.00,11.82
304,4490,hard,0.2256,0.0191,0.2064,0.1271,0.0097,0.5692,0.5048,31.11,53.00,21.89
305,3737,hard,0.2059,0.0000,0.2059,0.1148,0.0000,0.9998,0.5000,26.97,115.37,88.41
306,3216,hard,0.2057,0.0000,0.2057,0.1146,0.0000,0.9997,0.4989,18.02,115.00,96.98
307,1821,hard,0.2051,0.0000,0.2051,0.1143,0.0000,0.5974,0.4999,9.53,15.42,5.89
308,2946,hard,0.7975,0.5926,0.2049,0.6632,0.4211,0.9057,0.7239,4.73,7.81,3.08
309,3701,hard,0.6559,0.4520,0.2039,0.4880,0.2920,0.7510,0.6516,10.20,15.97,5.77
310,3232,hard,0.2038,0.0000,0.2038,0.1135,0.0000,0.9704,0.4994,18.05,110.92,92.87
311,373,hard,0.6490,0.4459,0.2031,0.4804,0.2869,0.8769,0.7691,4.27,137.55,133.28
312,4508,hard,0.2027,0.0000,0.2027,0.1128,0.0000,0.7811,0.4997,12.08,21.02,8.94
313,3172,hard,0.9362,0.7347,0.2015,0.8801,0.5807,0.9417,0.7907,2.83,17.44,14.62
314,3036,hard,0.8424,0.6412,0.2012,0.7277,0.4719,0.8712,0.7367,12.00,16.24,4.24
315,1853,hard,0.2000,0.0000,0.2000,0.1111,0.0000,0.5862,0.5000,7.32,131.51,124.19
316,1937,hard,0.4808,0.2809,0.1999,0.3165,0.1634,0.6634,0.5841,15.77,29.70,13.92
317,1473,hard,0.7679,0.5684,0.1994,0.6232,0.3971,0.8162,0.6985,3.00,3.15,0.15
318,3327,hard,0.7458,0.5464,0.1993,0.5946,0.3759,0.9313,0.7450,11.37,163.61,152.24
319,3028,hard,0.8750,0.6763,0.1987,0.7778,0.5109,0.8905,0.7556,10.61,14.69,4.09
320,3966,hard,0.1984,0.0000,0.1984,0.1101,0.0000,0.8298,0.4999,13.17,43.06,29.89
321,1871,hard,0.1982,0.0000,0.1982,0.1100,0.0000,0.6446,0.4999,118.32,118.53,0.22
322,475,hard,0.7150,0.5201,0.1949,0.5564,0.3515,0.7991,0.6757,6.46,10.00,3.54
323,120,hard,0.8601,0.6653,0.1948,0.7545,0.4985,0.9515,0.7581,4.00,12.48,8.48
324,632,hard,0.3357,0.1411,0.1946,0.2017,0.0759,0.6554,0.5380,75.85,14.95,-60.89
325,2807,hard,0.6098,0.4163,0.1935,0.4386,0.2629,0.7197,0.6319,20.10,33.97,13.87
326,144,hard,0.8955,0.7029,0.1925,0.8107,0.5420,0.9635,0.7806,2.24,11.18,8.94
327,2221,hard,0.7471,0.5551,0.1919,0.5963,0.3842,0.8356,0.7063,16.31,22.45,6.14
328,4326,hard,0.1916,0.0000,0.1916,0.1059,0.0000,0.7190,0.5000,8.00,69.55,61.55
329,41,hard,0.6081,0.4167,0.1914,0.4368,0.2632,0.7184,0.6316,7.01,7.90,0.89
330,2988,hard,0.1913,0.0000,0.1913,0.1058,0.0000,0.9709,0.5000,18.03,81.32,63.29
331,2890,hard,0.1905,0.0000,0.1905,0.1053,0.0000,0.6554,0.5000,24.23,37.10,12.87
332,2423,hard,0.3480,0.1589,0.1891,0.2106,0.0863,0.7407,0.5628,8.06,16.98,8.92
333,4509,hard,0.1886,0.0000,0.1886,0.1041,0.0000,0.7605,0.4996,12.33,20.78,8.45
334,2992,hard,0.4505,0.2623,0.1882,0.2907,0.1509,0.9897,0.5784,11.18,5.04,-6.14
335,3320,hard,0.3756,0.1875,0.1881,0.2313,0.1034,0.6340,0.5543,9.98,13.18,3.20
336,2785,hard,0.4675,0.2803,0.1873,0.3051,0.1630,0.8598,0.6466,16.38,17.75,1.37
337,682,hard,0.8444,0.6575,0.1869,0.7307,0.4898,0.8826,0.7507,4.24,9.22,4.98
338,635,hard,0.1854,0.0000,0.1854,0.1022,0.0000,0.6055,0.5000,75.16,28.07,-47.09
339,2990,hard,0.1844,0.0000,0.1844,0.1015,0.0000,0.9709,0.5000,17.72,81.32,63.60
340,2935,hard,0.5029,0.3196,0.1833,0.3359,0.1902,0.6706,0.5951,13.68,16.12,2.44
341,2438,hard,0.1830,0.0000,0.1830,0.1007,0.0000,0.9121,0.5000,17.81,64.90,47.08
342,3034,hard,0.8445,0.6618,0.1827,0.7308,0.4946,0.8687,0.7473,12.00,16.97,4.97
343,2557,hard,0.8012,0.6189,0.1823,0.6683,0.4482,0.8629,0.7317,13.94,29.05,15.10
344,3972,hard,0.2600,0.0780,0.1820,0.1495,0.0406,0.9943,0.5359,11.61,39.42,27.81
345,4176,hard,0.1810,0.0000,0.1810,0.0995,0.0000,0.5790,0.5000,24.76,102.44,77.68
346,3234,hard,0.1807,0.0000,0.1807,0.0993,0.0000,0.9409,0.4997,18.10,110.11,92.01
347,2350,hard,0.1806,0.0000,0.1806,0.0992,0.0000,0.6411,0.5000,19.17,111.00,91.83
348,949,hard,0.8735,0.6933,0.1803,0.7755,0.5305,0.9515,0.7829,4.00,12.08,8.08
349,3238,hard,0.1802,0.0000,0.1802,0.0990,0.0000,0.9344,0.4998,18.69,114.68,95.99
350,122,hard,0.8206,0.6408,0.1798,0.6958,0.4715,0.9552,0.7470,4.00,13.02,9.02
351,3195,hard,0.9118,0.7325,0.1793,0.8380,0.5780,0.9202,0.7893,3.04,12.18,9.14
352,1992,hard,0.8108,0.6316,0.1792,0.6818,0.4615,0.9500,0.9199,1.79,145.84,144.04
353,3211,hard,0.1789,0.0000,0.1789,0.0982,0.0000,0.6996,0.5000,31.72,66.24,34.52
354,2768,hard,0.1786,0.0000,0.1786,0.0980,0.0000,0.6269,0.5000,9.43,101.52,92.08
355,1961,hard,0.4346,0.2565,0.1781,0.2776,0.1471,0.6427,0.5743,14.70,26.00,11.30
356,2436,hard,0.1775,0.0000,0.1775,0.0974,0.0000,0.9584,0.5000,14.22,62.43,48.21
357,2407,hard,0.1767,0.0000,0.1767,0.0969,0.0000,0.9121,0.5000,20.78,64.90,44.12
358,2410,hard,0.1767,0.0000,0.1767,0.0969,0.0000,0.9898,0.5000,20.43,60.27,39.84
359,631,hard,0.3101,0.1343,0.1758,0.1835,0.0720,0.6397,0.5360,76.61,15.00,-61.61
360,2544,hard,0.4967,0.3211,0.1755,0.3304,0.1913,0.7238,0.5988,34.48,56.41,21.93
361,3015,hard,0.8104,0.6352,0.1752,0.6812,0.4654,0.8412,0.7327,9.43,16.17,6.74
362,2539,hard,0.1750,0.0000,0.1750,0.0959,0.0000,0.5931,0.5000,45.53,145.12,99.60
363,3033,hard,0.8606,0.6857,0.1749,0.7553,0.5218,0.8848,0.7610,11.64,16.00,4.36
364,2409,hard,0.1747,0.0000,0.1747,0.0957,0.0000,0.9048,0.5000,22.03,64.90,42.87
365,3035,hard,0.8472,0.6729,0.1743,0.7349,0.5071,0.8798,0.7549,11.35,15.90,4.55
366,2787,hard,0.5890,0.4151,0.1739,0.4175,0.2619,0.7687,0.6718,7.07,7.06,-0.01
367,3240,hard,0.1739,0.0000,0.1739,0.0952,0.0000,0.9344,0.4998,19.30,113.67,94.36
368,4413,hard,0.1739,0.0000,0.1739,0.0952,0.0000,0.6384,0.4994,30.00,43.94,13.94
369,4486,hard,0.1737,0.0000,0.1737,0.0951,0.0000,0.5518,0.5000,30.45,116.81,86.36
370,1900,hard,0.8279,0.6544,0.1735,0.7064,0.4864,0.8931,0.7450,4.50,17.95,13.45
371,3133,hard,0.7936,0.6202,0.1734,0.6578,0.4494,0.8342,0.7251,15.92,22.62,6.70
372,2408,hard,0.1733,0.0000,0.1733,0.0949,0.0000,0.9436,0.5000,20.42,60.27,39.85
373,3235,hard,0.7069,0.5337,0.1732,0.5467,0.3639,0.7758,0.6822,7.94,13.35,5.40
374,2084,hard,0.5455,0.3724,0.1730,0.3750,0.2288,0.9999,0.9998,2.83,134.00,131.17
375,2892,hard,0.1724,0.0000,0.1724,0.0943,0.0000,0.6664,0.4999,22.51,33.99,11.49
376,624,hard,0.1714,0.0000,0.1714,0.0937,0.0000,0.6295,0.5000,78.96,26.46,-52.50
377,637,hard,0.1713,0.0000,0.1713,0.0937,0.0000,0.5671,0.5000,73.92,27.74,-46.18
378,1241,hard,0.7544,0.5846,0.1698,0.6057,0.4130,0.8950,0.7518,8.05,10.00,1.95
379,2961,hard,0.8524,0.6831,0.1693,0.7428,0.5187,0.8804,0.7607,3.54,5.93,2.39
380,1896,hard,0.7883,0.6190,0.1693,0.6505,0.4482,0.8755,0.7393,21.25,100.78,79.54
381,1619,hard,0.1688,0.0000,0.1688,0.0922,0.0000,0.6583,0.5000,103.47,96.43,-7.04
382,3213,hard,0.1677,0.0000,0.1677,0.0915,0.0000,0.6924,0.5000,32.75,66.24,33.49
383,3136,hard,0.7464,0.5788,0.1676,0.5955,0.4073,0.8023,0.7043,20.25,25.34,5.10
384,1410,hard,0.7121,0.5446,0.1676,0.5529,0.3741,0.8357,0.6964,3.47,4.00,0.53
385,2751,hard,0.5056,0.3380,0.1675,0.3383,0.2034,0.6706,0.6030,14.38,16.70,2.32
386,3727,hard,0.2935,0.1283,0.1651,0.1720,0.0686,0.9995,0.6109,33.54,34.46,0.92
387,3037,hard,0.8374,0.6727,0.1647,0.7203,0.5068,0.8657,0.7543,12.08,16.31,4.23
388,2538,hard,0.1644,0.0000,0.1644,0.0896,0.0000,0.5843,0.5000,49.56,145.12,95.56
389,2940,hard,0.7362,0.5718,0.1644,0.5825,0.4004,0.8057,0.7658,6.00,90.78,84.78
390,1026,hard,0.7902,0.6264,0.1638,0.6532,0.4560,0.9717,0.9724,3.61,11.89,8.28
391,3667,hard,0.6866,0.5228,0.1638,0.5227,0.3539,0.8743,0.6915,17.69,10.88,-6.81
392,3244,hard,0.1630,0.0000,0.1630,0.0887,0.0000,0.6853,0.5000,33.66,138.39,104.73
393,4499,hard,0.1627,0.0000,0.1627,0.0886,0.0000,0.5986,0.4999,69.31,111.90,42.59
394,2207,hard,0.8666,0.7041,0.1625,0.7646,0.5434,0.9430,0.7913,10.19,21.12,10.93
395,3236,hard,0.1622,0.0000,0.1622,0.0882,0.0000,0.9409,0.4999,19.20,119.05,99.85
396,2136,hard,0.1618,0.0000,0.1618,0.0880,0.0000,0.6570,0.5000,9.50,11.05,1.55
397,3970,hard,0.1614,0.0000,0.1614,0.0878,0.0000,0.9989,0.5000,11.36,50.36,38.99
398,2537,hard,0.1602,0.0000,0.1602,0.0871,0.0000,0.5794,0.5000,49.45,145.12,95.67
399,3158,hard,0.4403,0.2802,0.1601,0.2823,0.1629,0.6704,0.5838,12.00,15.56,3.56
400,4026,hard,0.1600,0.0000,0.1600,0.0870,0.0000,0.5435,0.5000,5.41,117.08,111.67
401,3224,hard,0.1600,0.0000,0.1600,0.0870,0.0000,0.9997,0.4990,15.46,113.21,97.75
402,3157,hard,0.5714,0.4115,0.1599,0.4000,0.2591,0.7369,0.6344,9.22,12.47,3.25
403,2558,hard,0.8062,0.6468,0.1594,0.6753,0.4780,0.8684,0.7479,13.44,27.25,13.81
404,3964,hard,0.1588,0.0000,0.1588,0.0863,0.0000,0.6960,0.4998,9.43,29.14,19.70
405,4506,hard,0.2164,0.0577,0.1587,0.1214,0.0297,0.7012,0.5174,25.19,25.30,0.11
406,2211,hard,0.8737,0.7150,0.1587,0.7757,0.5564,0.9291,0.7874,10.35,20.16,9.82
407,951,hard,0.9130,0.7545,0.1585,0.8400,0.6058,0.9513,0.8110,3.61,11.31,7.71
408,4009,hard,0.2660,0.1084,0.1576,0.1534,0.0573,0.5930,0.5310,10.64,11.56,0.92
409,3242,hard,0.1575,0.0000,0.1575,0.0855,0.0000,0.9344,0.5000,19.54,118.61,99.06
410,1885,hard,0.2076,0.0501,0.1574,0.1158,0.0257,0.5702,0.5164,82.62,87.11,4.48
411,2206,hard,0.8602,0.7029,0.1573,0.7547,0.5419,0.9443,0.7959,9.96,19.20,9.24
412,3134,hard,0.7590,0.6019,0.1571,0.6115,0.4305,0.8105,0.7159,19.21,23.54,4.33
413,3009,hard,0.8419,0.6855,0.1564,0.7270,0.5215,0.8640,0.7607,7.75,9.88,2.12
414,1847,hard,0.1562,0.0000,0.1562,0.0847,0.0000,0.5892,0.5000,98.04,135.23,37.19
415,3007,hard,0.8717,0.7158,0.1559,0.7726,0.5574,0.8969,0.7805,8.94,10.01,1.07
416,3079,hard,0.1553,0.0000,0.1553,0.0842,0.0000,0.5870,0.4997,19.14,39.22,20.07
417,3137,hard,0.7365,0.5817,0.1548,0.5830,0.4101,0.7938,0.7056,20.25,24.70,4.45
418,3123,hard,0.9027,0.7484,0.1544,0.8227,0.5979,0.9120,0.7989,6.00,16.33,10.33
419,3135,hard,0.7797,0.6257,0.1540,0.6389,0.4553,0.8278,0.7284,18.03,22.84,4.82
420,3013,hard,0.8585,0.7049,0.1536,0.7521,0.5443,0.8774,0.7727,7.52,13.43,5.92
421,2212,hard,0.8522,0.6988,0.1534,0.7425,0.5371,0.9103,0.7786,10.44,19.05,8.61
422,1478,hard,0.7328,0.5794,0.1534,0.5783,0.4079,0.8428,0.7214,3.16,4.24,1.07
423,3124,hard,0.8899,0.7376,0.1523,0.8016,0.5843,0.9009,0.7923,7.21,16.76,9.55
424,2406,hard,0.1522,0.0000,0.1522,0.0824,0.0000,0.8234,0.5000,20.81,60.27,39.46
425,3926,hard,0.4636,0.3116,0.1520,0.3017,0.1845,0.8976,0.8520,118.13,119.88,1.74
426,2276,hard,0.1517,0.0000,0.1517,0.0821,0.0000,0.7993,0.5000,17.00,73.84,56.84
427,4504,hard,0.1517,0.0000,0.1517,0.0821,0.0000,0.6139,0.4998,78.93,122.03,43.11
428,2208,hard,0.8805,0.7288,0.1516,0.7865,0.5734,0.9471,0.7994,10.06,21.48,11.42
429,4513,hard,0.1511,0.0000,0.1511,0.0817,0.0000,0.8581,0.4996,18.85,23.03,4.18
430,4505,hard,0.2072,0.0561,0.1511,0.1156,0.0289,0.6837,0.5155,78.01,36.24,-41.76
431,1006,hard,0.1508,0.0000,0.1508,0.0816,0.0000,0.6952,0.4996,121.33,166.54,45.21
432,3222,hard,0.1505,0.0000,0.1505,0.0814,0.0000,0.9997,0.4989,15.34,113.21,97.87
433,141,hard,0.9138,0.7634,0.1504,0.8413,0.6174,0.9671,0.8251,2.97,8.94,5.98
434,2545,hard,0.5020,0.3522,0.1497,0.3351,0.2138,0.7318,0.6148,34.90,55.82,20.92
435,1815,hard,0.7340,0.5846,0.1494,0.5798,0.4130,0.9858,0.7676,2.24,4.03,1.79
436,3218,hard,0.1493,0.0000,0.1493,0.0806,0.0000,0.9163,0.4989,17.96,115.05,97.09
437,2213,hard,0.8538,0.7048,0.1490,0.7449,0.5442,0.9076,0.7823,10.62,19.14,8.52
438,505,hard,0.8385,0.6902,0.1483,0.7219,0.5270,0.8895,0.7758,6.32,14.09,7.77
439,2550,hard,0.7179,0.5700,0.1480,0.5600,0.3986,0.8109,0.7042,31.54,49.73,18.19
440,1243,hard,0.7722,0.6250,0.1472,0.6289,0.4545,0.9112,0.7789,6.02,8.49,2.46
441,2769,hard,0.1463,0.0000,0.1463,0.0789,0.0000,0.6015,0.5000,9.90,30.22,20.32
442,2547,hard,0.6188,0.4728,0.1459,0.4480,0.3096,0.7630,0.6624,36.49,54.64,18.15
443,1808,hard,0.7258,0.5800,0.1458,0.5696,0.4085,0.8358,0.7164,4.65,6.54,1.89
444,3125,hard,0.8730,0.7276,0.1454,0.7746,0.5718,0.8875,0.7859,7.00,17.46,10.46
445,3702,hard,0.5669,0.4219,0.1451,0.3956,0.2673,0.7009,0.6373,12.19,18.82,6.63
446,1872,hard,0.1451,0.0000,0.1451,0.0782,0.0000,0.5620,0.4998,88.49,128.95,40.46
447,2485,hard,0.2370,0.0924,0.1446,0.1345,0.0484,0.6378,0.5242,13.71,17.03,3.32
448,2210,hard,0.8704,0.7258,0.1446,0.7706,0.5697,0.9338,0.7969,10.35,20.73,10.39
449,2417,hard,0.1606,0.0160,0.1446,0.0873,0.0081,0.7128,0.5048,7.00,93.04,86.04
450,953,hard,0.9018,0.7575,0.1443,0.8212,0.6097,0.9438,0.8156,4.24,11.18,6.94
451,2214,hard,0.8486,0.7047,0.1439,0.7371,0.5441,0.8989,0.7809,11.43,20.15,8.72
452,3068,hard,0.6503,0.5068,0.1436,0.4818,0.3394,0.8037,0.6949,11.31,12.65,1.34
453,626,hard,0.1436,0.0000,0.1436,0.0773,0.0000,0.6146,0.5000,77.84,84.42,6.58
454,118,hard,0.9259,0.7829,0.1430,0.8619,0.6432,0.9745,0.8321,2.00,7.36,5.36
455,2548,hard,0.6253,0.4824,0.1429,0.4549,0.3179,0.7661,0.6679,36.49,54.34,17.85
456,3029,hard,0.8723,0.7298,0.1424,0.7734,0.5746,0.8971,0.7876,10.42,13.96,3.54
457,3223,hard,0.3947,0.2525,0.1422,0.2459,0.1445,0.6374,0.5725,15.40,24.18,8.79
458,4510,hard,0.1783,0.0365,0.1418,0.0979,0.0186,0.7311,0.5315,12.53,20.00,7.47
459,4202,hard,0.8966,0.7547,0.1418,0.8125,0.6061,0.9535,0.9651,1.00,7.02,6.02
460,2196,hard,0.7528,0.6111,0.1418,0.6037,0.4400,0.8860,0.7929,12.65,18.00,5.35
461,1476,hard,0.7724,0.6308,0.1416,0.6292,0.4607,0.8146,0.7303,3.26,4.32,1.06
462,2209,hard,0.8667,0.7254,0.1413,0.7648,0.5691,0.9365,0.7990,10.66,21.21,10.56
463,2274,hard,0.1411,0.0000,0.1411,0.0759,0.0000,0.7630,0.5000,16.13,73.84,57.70
464,1873,hard,0.1406,0.0000,0.1406,0.0756,0.0000,0.5788,0.4998,118.99,124.39,5.41
465,3639,hard,0.5655,0.4249,0.1406,0.3942,0.2698,0.7937,0.6358,16.09,27.79,11.71
466,1774,hard,0.1404,0.0000,0.1404,0.0755,0.0000,0.6428,0.5000,10.00,67.44,57.44
467,3333,hard,0.8446,0.7043,0.1403,0.7311,0.5436,0.8833,0.7718,2.83,5.04,2.22
468,2877,hard,0.1403,0.0000,0.1403,0.0754,0.0000,0.7700,0.5000,20.35,116.81,96.45
469,2727,hard,0.1395,0.0000,0.1395,0.0750,0.0000,0.9195,0.5000,10.69,106.99,96.31
470,2894,hard,0.1395,0.0000,0.1395,0.0750,0.0000,0.6664,0.4999,20.85,31.81,10.96
471,2986,hard,0.1394,0.0000,0.1394,0.0749,0.0000,0.7853,0.5000,18.37,81.32,62.95
472,3138,hard,0.7193,0.5803,0.1390,0.5617,0.4087,0.7814,0.7044,19.70,23.72,4.02
473,2801,hard,0.6878,0.5488,0.1390,0.5241,0.3782,0.8206,0.7198,24.24,21.22,-3.02
474,3011,hard,0.8502,0.7118,0.1384,0.7394,0.5525,0.8700,0.7763,7.50,11.02,3.52
475,2325,hard,0.1384,0.0000,0.1384,0.0744,0.0000,0.5500,0.5000,40.70,91.68,50.97
476,2729,hard,0.1382,0.0000,0.1382,0.0742,0.0000,0.9195,0.5000,10.87,106.99,96.12
477,3434,hard,0.4500,0.3119,0.1381,0.2903,0.1848,0.9499,0.9249,20.38,23.35,2.96
478,3032,hard,0.8699,0.7329,0.1369,0.7697,0.5785,0.9021,0.7894,11.60,14.97,3.37
479,3220,hard,0.1366,0.0000,0.1366,0.0733,0.0000,0.9997,0.4989,15.55,113.20,97.65
480,1771,hard,0.8321,0.6957,0.1365,0.7125,0.5333,0.8958,0.7778,2.24,2.94,0.71
481,1878,hard,0.1358,0.0000,0.1358,0.0728,0.0000,0.5447,0.4998,68.03,135.41,67.39
482,0,hard,0.2548,0.1194,0.1354,0.1460,0.0635,0.7437,0.5487,22.50,47.80,25.30
483,2057,hard,0.1348,0.0000,0.1348,0.0723,0.0000,0.5810,0.5000,18.00,109.28,91.28
484,3126,hard,0.8708,0.7363,0.1345,0.7712,0.5826,0.8874,0.7916,8.00,17.08,9.08
485,2205,hard,0.8760,0.7416,0.1344,0.7793,0.5893,0.9503,0.8175,7.11,17.01,9.91
486,3099,hard,0.6557,0.5214,0.1343,0.4878,0.3527,0.8054,0.7046,11.05,11.39,0.34
487,3101,hard,0.6443,0.5103,0.1340,0.4753,0.3426,0.7548,0.6789,13.94,13.04,-0.90
488,2546,hard,0.4994,0.3660,0.1333,0.3328,0.2240,0.7337,0.6279,35.39,54.99,19.59
489,42,hard,0.4976,0.3646,0.1330,0.3312,0.2229,0.6656,0.6115,6.69,7.71,1.01
490,4425,hard,0.7568,0.6239,0.1329,0.6087,0.4533,0.8567,0.7299,27.91,33.84,5.92
491,2195,hard,0.8065,0.6741,0.1323,0.6757,0.5084,0.9122,0.8317,11.00,16.28,5.28
492,4328,hard,0.1908,0.0588,0.1320,0.1055,0.0303,0.7365,0.5262,7.39,14.18,6.79
493,3122,hard,0.9257,0.7949,0.1308,0.8617,0.6596,0.9347,0.8298,5.10,12.34,7.25
494,1474,hard,0.7840,0.6535,0.1305,0.6447,0.4853,0.8603,0.7426,2.00,3.00,1.00
495,3064,hard,0.1295,0.0000,0.1295,0.0692,0.0000,0.7810,0.5000,28.63,72.77,44.14
496,2194,hard,0.7859,0.6564,0.1294,0.6473,0.4886,0.9090,0.8373,11.92,16.66,4.75
497,811,hard,0.5906,0.4612,0.1294,0.4191,0.2997,0.7952,0.8125,8.00,10.09,2.09
498,2789,hard,0.5762,0.4468,0.1294,0.4047,0.2877,0.7718,0.6968,7.62,6.71,-0.91
499,4494,hard,0.2993,0.1700,0.1293,0.1760,0.0929,0.6222,0.5474,19.87,38.20,18.33
500,628,hard,0.1293,0.0000,0.1293,0.0691,0.0000,0.5812,0.5000,77.15,82.22,5.07
501,142,hard,0.9196,0.7906,0.1290,0.8512,0.6537,0.9674,0.8418,2.74,7.62,4.88
502,3081,hard,0.2087,0.0800,0.1287,0.1165,0.0417,0.6245,0.5269,16.14,19.10,2.97
503,3121,hard,0.9256,0.7971,0.1285,0.8615,0.6626,0.9319,0.8314,5.00,13.00,8.00
504,1160,hard,0.7544,0.6259,0.1285,0.6056,0.4554,0.8432,0.7429,8.10,9.42,1.32
505,3127,hard,0.8652,0.7368,0.1283,0.7624,0.5833,0.8832,0.7927,8.06,17.46,9.40
506,4017,hard,0.7479,0.6204,0.1275,0.5973,0.4497,0.7987,0.7248,4.22,5.83,1.61
507,1776,hard,0.1263,0.0000,0.1263,0.0674,0.0000,0.7141,0.5000,5.39,67.44,62.06
508,4325,hard,0.1259,0.0000,0.1259,0.0672,0.0000,0.6402,0.4999,16.62,10.40,-6.22
509,2549,hard,0.6328,0.5070,0.1258,0.4628,0.3396,0.7771,0.6807,34.50,53.37,18.86
510,2215,hard,0.8308,0.7053,0.1255,0.7106,0.5447,0.8767,0.7793,13.26,20.80,7.54
511,3221,hard,0.4599,0.3348,0.1252,0.2986,0.2010,0.6713,0.6013,23.08,26.17,3.09
512,2556,hard,0.7488,0.6236,0.1251,0.5984,0.4531,0.8488,0.7386,21.56,39.41,17.85
513,3132,hard,0.8729,0.7481,0.1248,0.7744,0.5976,0.8957,0.8000,8.94,16.75,7.81
514,2878,hard,0.1247,0.0000,0.1247,0.0665,0.0000,0.7145,0.5000,20.86,116.81,95.94
515,4006,hard,0.5862,0.4625,0.1237,0.4146,0.3008,0.7073,0.6504,8.94,9.38,0.43
516,2415,hard,0.1745,0.0508,0.1237,0.0956,0.0261,0.7419,0.5145,5.67,17.48,11.80
517,3087,hard,0.5425,0.4192,0.1233,0.3722,0.2652,0.8471,0.7347,6.40,14.12,7.72
518,4394,hard,0.4677,0.3448,0.1229,0.3053,0.2083,0.9256,0.6703,12.53,16.55,4.02
519,2192,hard,0.7517,0.6289,0.1229,0.6022,0.4586,0.9312,0.8500,13.60,17.69,4.09
520,3031,hard,0.8766,0.7548,0.1218,0.7803,0.6062,0.9006,0.8036,10.44,13.03,2.59
521,4512,hard,0.1454,0.0236,0.1217,0.0784,0.0120,0.8791,0.5345,13.92,17.15,3.23
522,2551,hard,0.7342,0.6126,0.1216,0.5800,0.4415,0.8269,0.7299,30.56,46.47,15.91
523,3342,hard,0.6608,0.5395,0.1213,0.4934,0.3694,0.8599,0.7355,5.39,6.20,0.82
524,1367,hard,0.1212,0.0000,0.1212,0.0645,0.0000,0.8330,0.4998,28.28,26.99,-1.30
525,3462,hard,0.7946,0.6737,0.1209,0.6592,0.5080,0.8450,0.7617,3.16,7.05,3.89
526,3219,hard,0.4303,0.3097,0.1206,0.2741,0.1832,0.6622,0.5935,24.02,27.17,3.15
527,2535,hard,0.1202,0.0000,0.1202,0.0640,0.0000,0.5650,0.5000,53.88,142.37,88.49
528,3030,hard,0.8759,0.7562,0.1197,0.7792,0.6080,0.9001,0.8046,10.43,13.04,2.61
529,140,hard,0.8940,0.7748,0.1192,0.8083,0.6324,0.9564,0.8333,3.00,9.19,6.19
530,237,hard,0.6257,0.5072,0.1185,0.4553,0.3398,0.9677,0.9915,7.27,8.25,0.98
531,1777,hard,0.6625,0.5441,0.1184,0.4953,0.3737,0.7944,0.7055,4.47,5.83,1.36
532,2803,hard,0.6634,0.5451,0.1184,0.4964,0.3746,0.8560,0.7259,20.36,19.74,-0.62
533,2876,hard,0.1183,0.0000,0.1183,0.0629,0.0000,0.7767,0.5000,20.17,116.81,96.64
534,2805,hard,0.6294,0.5111,0.1183,0.4592,0.3433,0.8715,0.7197,18.21,17.63,-0.58
535,1475,hard,0.7463,0.6281,0.1182,0.5952,0.4578,0.8012,0.7289,4.14,5.00,0.86
536,1855,hard,0.1176,0.0000,0.1176,0.0625,0.0000,0.5345,0.5000,8.73,131.51,122.78
537,116,hard,0.9194,0.8019,0.1175,0.8509,0.6693,0.9649,0.8452,2.24,7.08,4.84
538,980,hard,0.8856,0.7681,0.1174,0.7947,0.6236,0.9633,0.8343,3.00,9.90,6.90
539,2559,hard,0.8104,0.6938,0.1167,0.6813,0.5311,0.8723,0.7764,13.06,23.35,10.29
540,146,hard,0.7010,0.5846,0.1164,0.5397,0.4130,0.9146,0.7317,3.46,7.15,3.69
541,2419,hard,0.1727,0.0563,0.1164,0.0945,0.0290,0.7177,0.5194,6.08,16.66,10.58
542,4307,hard,0.1161,0.0000,0.1161,0.0616,0.0000,0.6045,0.5000,153.50,123.95,-29.55
543,3445,hard,0.7789,0.6630,0.1159,0.6378,0.4958,0.8430,0.8458,4.21,7.18,2.98
544,2777,hard,0.1156,0.0000,0.1156,0.0613,0.0000,0.9543,0.5000,17.60,26.85,9.24
545,3005,hard,0.8740,0.7584,0.1155,0.7762,0.6109,0.8981,0.8062,9.00,10.05,1.05
546,2319,hard,0.6230,0.5075,0.1155,0.4524,0.3400,0.7756,0.6864,37.18,40.47,3.30
547,2868,hard,0.7525,0.6370,0.1155,0.6032,0.4674,0.8121,0.7352,9.19,12.15,2.97
548,2647,hard,0.1154,0.0000,0.1154,0.0612,0.0000,0.6665,0.4994,49.66,80.62,30.96
549,43,hard,0.4286,0.3133,0.1153,0.2727,0.1857,0.6500,0.5929,44.06,8.37,-35.69
550,4426,hard,0.7635,0.6488,0.1147,0.6175,0.4802,0.8677,0.7454,28.09,33.24,5.15
551,2197,hard,0.7887,0.6742,0.1145,0.6512,0.5085,0.9282,0.8370,9.00,15.00,6.00
552,2555,hard,0.7424,0.6279,0.1145,0.5904,0.4576,0.8366,0.7406,22.57,37.50,14.93
553,4415,hard,0.1145,0.0000,0.1145,0.0607,0.0000,0.5902,0.4994,31.16,44.60,13.44
554,2220,hard,0.7729,0.6586,0.1143,0.6299,0.4910,0.8611,0.7615,16.17,22.42,6.25
555,3139,hard,0.7518,0.6378,0.1140,0.6023,0.4682,0.8066,0.7350,18.38,21.47,3.09
556,955,hard,0.9041,0.7901,0.1140,0.8250,0.6531,0.9392,0.8349,5.49,11.40,5.91
557,1419,hard,0.6320,0.5182,0.1138,0.4620,0.3497,0.9046,0.7713,3.00,4.12,1.12
558,246,hard,0.8369,0.7232,0.1137,0.7196,0.5665,0.9127,0.8468,4.10,138.21,134.11
559,3676,hard,0.6861,0.5734,0.1127,0.5222,0.4020,0.7808,0.7138,19.87,22.31,2.44
560,3174,hard,0.9375,0.8248,0.1127,0.8823,0.7018,0.9430,0.8517,2.83,10.02,7.19
561,1435,hard,0.8592,0.7468,0.1124,0.7531,0.5960,0.9687,0.9607,1.41,12.81,11.39
562,3074,hard,0.7343,0.6220,0.1123,0.5802,0.4513,0.8034,0.7292,14.32,16.67,2.35
563,1767,hard,0.7786,0.6667,0.1120,0.6375,0.5000,0.8542,0.7569,2.04,3.00,0.96
564,3834,hard,0.1900,0.0781,0.1119,0.1050,0.0407,0.9521,0.6189,7.11,7.00,-0.11
565,2649,hard,0.1111,0.0000,0.1111,0.0588,0.0000,0.6665,0.4995,47.63,79.69,32.06
566,3140,hard,0.7376,0.6268,0.1108,0.5843,0.4564,0.7956,0.7289,18.82,21.60,2.78
567,2531,hard,0.1106,0.0000,0.1106,0.0585,0.0000,0.5575,0.5000,58.81,142.37,83.56
568,2533,hard,0.1105,0.0000,0.1105,0.0585,0.0000,0.5587,0.5000,54.51,142.37,87.86
569,4169,hard,0.6104,0.5010,0.1094,0.4393,0.3342,0.7272,0.6671,10.13,11.25,1.12
570,3070,hard,0.6167,0.5074,0.1093,0.4459,0.3400,0.7305,0.6701,16.02,20.40,4.38
571,2793,hard,0.5501,0.4409,0.1093,0.3794,0.2828,0.7998,0.7560,9.31,6.91,-2.41
572,2193,hard,0.7533,0.6443,0.1090,0.6043,0.4753,0.9094,0.8403,13.09,17.24,4.15
573,3332,hard,0.7500,0.6411,0.1089,0.6000,0.4718,0.8000,0.7359,4.23,6.24,2.01
574,3131,hard,0.8369,0.7285,0.1084,0.7195,0.5729,0.8613,0.7870,10.05,16.58,6.53
575,3953,hard,0.1078,0.0000,0.1078,0.0570,0.0000,0.9997,0.4999,13.04,55.88,42.84
576,818,hard,0.8197,0.7123,0.1073,0.6944,0.5532,0.8725,0.7865,9.89,18.38,8.49
577,2216,hard,0.7934,0.6863,0.1071,0.6575,0.5224,0.8558,0.7759,15.10,21.30,6.20
578,2553,hard,0.7186,0.6118,0.1068,0.5608,0.4407,0.8110,0.7317,24.93,35.59,10.66
579,4358,hard,0.9222,0.8156,0.1066,0.8556,0.6886,0.9316,0.8443,7.18,10.63,3.45
580,3038,hard,0.8321,0.7256,0.1065,0.7125,0.5694,0.8604,0.7856,12.08,15.03,2.95
581,1875,hard,0.1064,0.0000,0.1064,0.0562,0.0000,0.5875,0.4999,117.97,125.33,7.36
582,2791,hard,0.5621,0.4558,0.1063,0.3909,0.2952,0.7967,0.7092,8.28,6.49,-1.78
583,1334,hard,0.8049,0.6986,0.1062,0.6735,0.5368,0.8548,0.7742,3.48,4.28,0.80
584,3120,hard,0.9199,0.8136,0.1062,0.8516,0.6858,0.9274,0.8429,5.10,10.99,5.89
585,793,hard,0.9176,0.8118,0.1058,0.8477,0.6832,0.9926,0.9828,2.00,6.79,4.79
586,4203,hard,0.8764,0.7706,0.1058,0.7800,0.6269,0.9535,0.9883,1.00,5.04,4.04
587,3237,hard,0.7112,0.6054,0.1058,0.5518,0.4342,0.7775,0.7180,7.81,9.69,1.88
588,982,hard,0.8986,0.7933,0.1052,0.8158,0.6574,0.9652,0.8457,3.10,9.85,6.75
589,2418,hard,0.1045,0.0000,0.1045,0.0551,0.0000,0.9990,0.5000,20.96,61.32,40.35
590,3130,hard,0.8512,0.7467,0.1045,0.7410,0.5958,0.8719,0.7989,9.00,16.28,7.28
591,1082,hard,0.7384,0.6340,0.1044,0.5853,0.4642,0.8354,0.7732,7.91,10.81,2.89
592,2529,hard,0.1043,0.0000,0.1043,0.0550,0.0000,0.5525,0.5000,59.66,142.37,82.71
593,4424,hard,0.7127,0.6085,0.1042,0.5537,0.4373,0.8459,0.7275,26.00,33.13,7.13
594,3066,hard,0.6683,0.5644,0.1040,0.5019,0.3931,0.8248,0.7371,10.82,10.20,-0.62
595,3063,hard,0.1039,0.0000,0.1039,0.0548,0.0000,0.7498,0.5000,15.98,36.37,20.39
596,3141,hard,0.7150,0.6118,0.1033,0.5565,0.4407,0.7805,0.7207,19.35,21.93,2.58
597,3653,hard,0.7317,0.6284,0.1032,0.5769,0.4582,0.8331,0.7334,14.84,23.66,8.83
598,143,hard,0.9218,0.8187,0.1032,0.8550,0.6930,0.9705,0.8649,2.00,6.08,4.08
599,3128,hard,0.8476,0.7447,0.1029,0.7355,0.5932,0.8678,0.7971,8.97,17.00,8.03
600,2416,hard,0.1029,0.0000,0.1029,0.0542,0.0000,0.9990,0.5000,21.38,61.32,39.93
601,1158,hard,0.6596,0.5567,0.1029,0.4921,0.3857,0.8245,0.7120,9.35,13.15,3.80
602,1477,hard,0.7297,0.6269,0.1029,0.5745,0.4565,0.8068,0.7386,2.98,3.63,0.65
603,2651,hard,0.1026,0.0000,0.1026,0.0541,0.0000,0.6665,0.4995,41.11,80.69,39.58
604,4404,hard,0.6725,0.5700,0.1025,0.5066,0.3986,0.9197,0.7422,5.64,16.66,11.01
605,3299,hard,0.5910,0.4885,0.1025,0.4195,0.3232,0.7522,0.6914,10.39,13.81,3.42
606,2414,hard,0.1024,0.0000,0.1024,0.0540,0.0000,0.9990,0.5000,21.27,12.44,-8.83
607,2554,hard,0.7317,0.6300,0.1016,0.5769,0.4599,0.8247,0.7422,23.54,35.27,11.73
608,978,hard,0.9030,0.8014,0.1016,0.8232,0.6687,0.9873,0.8418,2.83,10.00,7.17
609,2779,hard,0.1015,0.0000,0.1015,0.0535,0.0000,0.9542,0.5000,18.07,24.50,6.43
610,3293,hard,0.5511,0.4496,0.1015,0.3803,0.2900,0.7907,0.7547,11.18,101.76,90.58
611,820,hard,0.7784,0.6772,0.1012,0.6372,0.5119,0.8401,0.7656,12.66,20.87,8.21
612,2315,hard,0.7284,0.6272,0.1012,0.5728,0.4569,0.8023,0.7325,31.64,34.84,3.20
613,4402,hard,0.6837,0.5836,0.1000,0.5194,0.4121,0.9524,0.7531,10.00,16.67,6.67
614,4177,hard,0.1000,0.0000,0.1000,0.0526,0.0000,0.5488,0.5000,27.55,99.92,72.37
615,3657,hard,0.7134,0.6137,0.0997,0.5545,0.4427,0.8080,0.7306,13.00,25.00,12.00
616,3143,hard,0.7384,0.6390,0.0993,0.5852,0.4695,0.7991,0.7374,18.43,19.01,0.57
617,1744,hard,0.7500,0.6507,0.0993,0.6000,0.4823,0.8046,0.7766,4.24,90.83,86.59
618,2753,hard,0.5174,0.4182,0.0991,0.3489,0.2644,0.6760,0.6330,14.37,15.68,1.31
619,3739,hard,0.0982,0.0000,0.0982,0.0516,0.0000,0.9996,0.5000,32.61,111.66,79.05
620,2674,hard,0.5932,0.4953,0.0979,0.4216,0.3291,0.7183,0.6696,22.81,25.06,2.25
621,3085,hard,0.4298,0.3320,0.0978,0.2737,0.1990,0.7394,0.6448,7.81,20.46,12.65
622,831,hard,0.6578,0.5604,0.0974,0.4901,0.3893,0.7596,0.7034,15.23,18.01,2.78
623,3849,hard,0.8927,0.7960,0.0967,0.8062,0.6611,0.9836,0.9626,40.03,78.89,38.86
624,38,hard,0.5550,0.4585,0.0965,0.3841,0.2974,0.6985,0.6498,8.20,9.25,1.05
625,1024,hard,0.5969,0.5004,0.0965,0.4254,0.3337,0.9189,0.8628,10.19,12.72,2.53
626,4452,hard,0.8969,0.8005,0.0964,0.8131,0.6674,0.9392,0.8432,8.54,19.72,11.18
627,2329,hard,0.0960,0.0000,0.0960,0.0504,0.0000,0.5314,0.5000,60.85,88.44,27.59
628,3682,hard,0.8268,0.7308,0.0960,0.7047,0.5758,0.8874,0.8059,7.07,15.13,8.06
629,4410,hard,0.7211,0.6253,0.0958,0.5639,0.4549,0.9389,0.7586,10.61,20.06,9.45
630,804,hard,0.8278,0.7321,0.0957,0.7062,0.5774,0.9194,0.9629,1.41,10.46,9.04
631,2217,hard,0.7865,0.6913,0.0952,0.6481,0.5283,0.8466,0.7745,16.40,21.79,5.39
632,2204,hard,0.8747,0.7796,0.0952,0.7774,0.6388,0.9605,0.8420,6.46,16.00,9.54
633,4359,hard,0.9236,0.8288,0.0948,0.8580,0.7076,0.9341,0.8538,7.18,10.63,3.45
634,3681,hard,0.7431,0.6485,0.0947,0.5912,0.4798,0.8202,0.7508,16.00,21.02,5.02
635,3743,hard,0.0940,0.0000,0.0940,0.0493,0.0000,0.9996,0.4999,38.87,131.09,92.22
636,1200,hard,0.8108,0.7170,0.0938,0.6818,0.5588,0.9545,0.7879,1.41,1.62,0.21
637,4406,hard,0.7217,0.6280,0.0937,0.5646,0.4577,0.9348,0.7719,11.18,20.62,9.44
638,2190,hard,0.6881,0.5945,0.0936,0.5245,0.4230,0.9655,0.8864,8.00,13.29,5.29
639,2324,hard,0.0932,0.0000,0.0932,0.0489,0.0000,0.5378,0.5000,40.14,53.41,13.28
640,4485,hard,0.2368,0.1438,0.0931,0.1343,0.0774,0.5735,0.5388,29.15,35.77,6.61
641,3655,hard,0.7167,0.6238,0.0929,0.5584,0.4533,0.8143,0.7337,15.00,24.75,9.75
642,4454,hard,0.8344,0.7421,0.0924,0.7159,0.5899,0.9051,0.8217,10.47,20.59,10.12
643,2218,hard,0.7787,0.6864,0.0923,0.6376,0.5225,0.8385,0.7671,17.10,22.76,5.66
644,1625,hard,0.8054,0.7131,0.0923,0.6742,0.5541,0.9650,0.9959,2.24,3.09,0.85
645,2955,hard,0.7964,0.7042,0.0922,0.6616,0.5434,0.8807,0.7820,4.15,5.00,0.85
646,2191,hard,0.6720,0.5799,0.0921,0.5060,0.4083,0.9599,0.8767,10.04,13.34,3.30
647,1296,hard,0.1115,0.0200,0.0915,0.0590,0.0101,0.5805,0.5051,43.72,13.88,-29.84
648,4455,hard,0.8332,0.7420,0.0912,0.7141,0.5898,0.8999,0.8211,10.77,20.23,9.46
649,629,hard,0.0911,0.0000,0.0911,0.0477,0.0000,0.5463,0.5000,77.11,27.79,-49.32
650,3118,hard,0.9195,0.8285,0.0910,0.8509,0.7072,0.9268,0.8537,6.00,9.85,3.85
651,2527,hard,0.0908,0.0000,0.0908,0.0476,0.0000,0.5493,0.5000,60.83,140.42,79.59
652,4453,hard,0.8789,0.7882,0.0907,0.7840,0.6505,0.9199,0.8347,9.90,19.94,10.04
653,251,hard,0.8432,0.7525,0.0907,0.7289,0.6032,0.9194,0.8774,3.12,3.88,0.76
654,2328,hard,0.0907,0.0000,0.0907,0.0475,0.0000,0.5295,0.5000,60.44,88.44,28.00
655,617,hard,0.0906,0.0000,0.0906,0.0475,0.0000,0.5336,0.5000,68.26,27.32,-40.93
656,3637,hard,0.5905,0.4999,0.0906,0.4190,0.3332,0.8129,0.6681,16.27,25.91,9.64
657,3741,hard,0.0902,0.0000,0.0902,0.0472,0.0000,0.9996,0.5000,37.04,131.86,94.82
658,2227,hard,0.0900,0.0000,0.0900,0.0471,0.0000,0.5384,0.4997,16.31,32.94,16.63
659,2867,hard,0.7689,0.6790,0.0899,0.6246,0.5140,0.8229,0.7593,8.49,10.63,2.14
660,3148,hard,0.6597,0.5700,0.0897,0.4922,0.3986,0.7461,0.7006,17.20,16.87,-0.33
661,3144,hard,0.7226,0.6333,0.0893,0.5656,0.4634,0.7868,0.7332,18.61,18.64,0.03
662,248,hard,0.8745,0.7853,0.0892,0.7770,0.6465,0.9166,0.8677,5.00,5.66,0.66
663,3117,hard,0.9221,0.8329,0.0892,0.8554,0.7136,0.9291,0.8569,6.00,9.22,3.22
664,1765,hard,0.7619,0.6727,0.0892,0.6154,0.5068,0.8333,0.7569,4.47,5.32,0.85
665,3321,hard,0.0892,0.0000,0.0892,0.0467,0.0000,0.5253,0.5000,21.28,82.38,61.10
666,2816,hard,0.8988,0.8098,0.0890,0.8163,0.6804,0.9082,0.8402,6.00,14.21,8.21
667,1772,hard,0.0889,0.0000,0.0889,0.0465,0.0000,0.5714,0.5000,10.02,67.44,57.42
668,3062,hard,0.0889,0.0000,0.0889,0.0465,0.0000,0.7497,0.5000,15.00,9.89,-5.11
669,3072,hard,0.6284,0.5396,0.0888,0.4582,0.3695,0.7346,0.6852,17.22,20.13,2.91
670,3675,hard,0.7248,0.6364,0.0884,0.5684,0.4667,0.8120,0.7493,9.85,15.56,5.71
671,3928,hard,0.4575,0.3691,0.0884,0.2966,0.2263,0.8976,0.9884,5.33,8.60,3.27
672,1313,hard,0.8432,0.7549,0.0883,0.7290,0.6063,0.9534,0.9476,2.56,2.44,-0.12
673,3003,hard,0.8679,0.7795,0.0883,0.7666,0.6387,0.8957,0.8196,9.01,10.05,1.04
674,267,hard,0.1692,0.0809,0.0883,0.0924,0.0422,0.7215,0.6203,24.19,33.01,8.82
675,3119,hard,0.9158,0.8278,0.0880,0.8447,0.7061,0.9252,0.8531,6.00,9.22,3.22
676,2748,hard,0.2951,0.2072,0.0879,0.1731,0.1156,0.6322,0.5764,9.47,11.19,1.73
677,4501,hard,0.0877,0.0000,0.0877,0.0459,0.0000,0.5545,0.4996,78.00,111.01,33.01
678,1763,hard,0.7840,0.6964,0.0876,0.6447,0.5342,0.8403,0.7708,4.00,5.10,1.10
679,4408,hard,0.7182,0.6311,0.0871,0.5603,0.4610,0.9287,0.7668,11.18,20.03,8.85
680,2991,hard,0.7552,0.6681,0.0871,0.6067,0.5016,0.8868,0.7823,5.74,9.71,3.97
681,139,hard,0.9088,0.8219,0.0869,0.8329,0.6977,0.9578,0.8682,3.00,7.28,4.28
682,2552,hard,0.7420,0.6559,0.0862,0.5899,0.4879,0.8386,0.7574,29.61,42.27,12.66
683,3129,hard,0.8412,0.7551,0.0861,0.7260,0.6065,0.8638,0.8044,10.22,15.56,5.34
684,2525,hard,0.0858,0.0000,0.0858,0.0448,0.0000,0.5463,0.5000,60.05,140.42,80.37
685,4175,hard,0.0857,0.0000,0.0857,0.0448,0.0000,0.5373,0.5000,23.35,102.44,79.09
686,2898,hard,0.6258,0.5403,0.0854,0.4554,0.3702,0.8071,0.7689,10.70,13.25,2.55
687,2268,hard,0.0853,0.0000,0.0853,0.0445,0.0000,0.7746,0.5000,30.69,63.26,32.57
688,83,hard,0.8640,0.7789,0.0851,0.7606,0.6379,0.9026,0.8236,7.81,11.00,3.19
689,2312,hard,0.8049,0.7200,0.0849,0.6735,0.5625,0.8397,0.7812,32.26,33.45,1.20
690,4170,hard,0.5059,0.4211,0.0849,0.3386,0.2667,0.6711,0.6337,11.35,19.31,7.96
691,4392,hard,0.3531,0.2683,0.0848,0.2144,0.1549,0.7790,0.6496,13.04,18.00,4.97
692,2817,hard,0.8908,0.8061,0.0847,0.8030,0.6751,0.9016,0.8376,6.32,14.87,8.54
693,791,hard,0.9341,0.8496,0.0845,0.8763,0.7385,0.9806,0.9821,1.41,5.04,3.63
694,2440,hard,0.2007,0.1163,0.0844,0.1115,0.0617,0.9194,0.5362,22.63,13.62,-9.01
695,1769,hard,0.8030,0.7193,0.0837,0.6709,0.5616,0.8680,0.7847,2.02,2.41,0.39
696,4000,hard,0.7374,0.6540,0.0834,0.5840,0.4858,0.7967,0.7439,6.79,7.79,1.00
697,4074,hard,0.5810,0.4976,0.0834,0.4094,0.3312,0.8170,0.8169,34.71,34.69,-0.02
698,2483,hard,0.3313,0.2484,0.0828,0.1985,0.1418,0.7311,0.6362,8.34,10.00,1.66
699,2560,hard,0.8156,0.7329,0.0827,0.6886,0.5784,0.8674,0.7997,13.28,19.54,6.26
700,1411,hard,0.7794,0.6968,0.0826,0.6385,0.5347,0.8434,0.7727,3.38,4.22,0.84
701,3142,hard,0.7594,0.6769,0.0825,0.6121,0.5116,0.8182,0.7600,17.89,19.03,1.14
702,2314,hard,0.7417,0.6593,0.0824,0.5895,0.4918,0.8137,0.7534,31.62,33.11,1.48
703,2327,hard,0.0824,0.0000,0.0824,0.0430,0.0000,0.5276,0.5000,58.14,88.44,30.30
704,4511,hard,0.1333,0.0510,0.0824,0.0714,0.0262,0.8509,0.5907,21.02,16.31,-4.71
705,4451,hard,0.9021,0.8199,0.0822,0.8216,0.6948,0.9518,0.8582,7.62,18.03,10.41
706,816,hard,0.8093,0.7275,0.0819,0.6798,0.5717,0.8620,0.7956,10.75,16.61,5.86
707,501,hard,0.8554,0.7738,0.0817,0.7474,0.6310,0.9099,0.8285,5.61,11.27,5.66
708,2352,hard,0.0816,0.0000,0.0816,0.0426,0.0000,0.5650,0.5000,26.00,29.12,3.12
709,84,hard,0.8841,0.8029,0.0812,0.7923,0.6707,0.9308,0.8575,5.01,7.69,2.68
710,2083,hard,0.5094,0.4286,0.0809,0.3418,0.2727,0.9999,0.9999,3.52,131.28,127.76
711,2888,hard,0.0808,0.0000,0.0808,0.0421,0.0000,0.5768,0.5000,26.36,99.10,72.74
712,3890,hard,0.8338,0.7532,0.0805,0.7149,0.6042,0.8998,0.8275,9.43,14.21,4.78
713,2128,hard,0.0805,0.0000,0.0805,0.0420,0.0000,0.5998,0.5000,129.96,138.74,8.78
714,1775,hard,0.6456,0.5652,0.0804,0.4766,0.3939,0.7833,0.7166,4.19,5.29,1.10
715,2523,hard,0.0803,0.0000,0.0803,0.0418,0.0000,0.5432,0.5000,60.22,140.42,80.21
716,2434,hard,0.1856,0.1053,0.0803,0.1023,0.0556,0.9584,0.5306,10.34,11.79,1.45
717,2799,hard,0.5984,0.5182,0.0803,0.4270,0.3497,0.7958,0.7513,8.53,8.00,-0.53
718,3578,hard,0.8460,0.7659,0.0801,0.7331,0.6206,0.8979,0.8204,3.03,4.24,1.21
719,33,hard,0.6531,0.5730,0.0801,0.4848,0.4015,0.7689,0.7184,5.84,6.36,0.52
720,4412,hard,0.6348,0.5549,0.0799,0.4650,0.3840,0.8772,0.7283,8.34,19.72,11.38
721,4168,hard,0.6602,0.5805,0.0796,0.4927,0.4090,0.7713,0.7072,9.85,10.44,0.59
722,4108,hard,0.8425,0.7630,0.0795,0.7279,0.6169,0.9146,0.8307,4.08,14.44,10.36
723,4502,hard,0.0795,0.0000,0.0795,0.0414,0.0000,0.5481,0.4996,77.97,112.01,34.04
724,2198,hard,0.7992,0.7197,0.0794,0.6655,0.5622,0.9570,0.8694,7.02,12.07,5.05
725,3897,hard,0.0793,0.0000,0.0793,0.0413,0.0000,0.5278,0.5000,40.18,51.29,11.11
726,2320,hard,0.3434,0.2643,0.0791,0.2073,0.1523,0.6769,0.6076,37.83,40.88,3.05
727,1134,hard,0.7752,0.6972,0.0779,0.6329,0.5352,0.8731,0.7836,3.56,4.15,0.59
728,1942,hard,0.6046,0.5268,0.0777,0.4332,0.3576,0.7562,0.6832,65.31,11.52,-53.78
729,1408,hard,0.8665,0.7889,0.0776,0.7645,0.6514,0.9515,0.9595,1.82,4.12,2.30
730,2219,hard,0.7707,0.6936,0.0771,0.6269,0.5310,0.8666,0.7852,16.32,22.38,6.06
731,2672,hard,0.6051,0.5284,0.0767,0.4338,0.3591,0.7232,0.6850,23.00,24.62,1.62
732,2874,hard,0.2980,0.2214,0.0766,0.1751,0.1245,0.8390,0.5662,10.29,20.15,9.86
733,1979,hard,0.3699,0.2933,0.0766,0.2270,0.1719,0.6250,0.5859,22.17,22.79,0.62
734,3156,hard,0.6334,0.5568,0.0766,0.4635,0.3858,0.8393,0.7124,6.08,9.22,3.14
735,30,hard,0.1387,0.0621,0.0766,0.0745,0.0321,0.6705,0.5389,22.13,12.72,-9.41
736,814,hard,0.8218,0.7453,0.0765,0.6975,0.5940,0.8764,0.8119,8.11,11.18,3.07
737,464,hard,0.8839,0.8077,0.0762,0.7920,0.6774,0.9041,0.8429,3.12,5.70,2.58
738,2818,hard,0.8905,0.8144,0.0761,0.8026,0.6869,0.9014,0.8435,6.08,13.53,7.44
739,2318,hard,0.6298,0.5538,0.0759,0.4596,0.3830,0.7896,0.7115,35.82,39.41,3.58
740,3039,hard,0.8449,0.7690,0.0759,0.7314,0.6247,0.8731,0.8144,12.01,15.11,3.10
741,4011,hard,0.4576,0.3818,0.0758,0.2967,0.2360,0.6543,0.6200,8.21,8.98,0.77
742,3076,hard,0.7806,0.7048,0.0758,0.6401,0.5442,0.8248,0.7721,11.00,15.08,4.08
743,4450,hard,0.9011,0.8253,0.0758,0.8199,0.7025,0.9458,0.8595,7.07,15.13,8.06
744,1789,hard,0.7131,0.6379,0.0752,0.5541,0.4684,0.8175,0.7700,7.57,6.68,-0.89
745,2323,hard,0.1010,0.0259,0.0751,0.0532,0.0131,0.5514,0.5085,40.02,42.28,2.26
746,3728,hard,0.3755,0.3005,0.0750,0.2312,0.1768,0.9256,0.7961,33.26,33.44,0.18
747,4382,hard,0.0748,0.0000,0.0748,0.0389,0.0000,0.5842,0.4995,34.06,48.07,14.01
748,4354,hard,0.9116,0.8369,0.0747,0.8376,0.7195,0.9402,0.8616,5.89,9.23,3.34
749,1699,hard,0.7273,0.6531,0.0742,0.5714,0.4848,1.0000,1.0000,1.00,2.00,1.00
750,4106,hard,0.8347,0.7606,0.0741,0.7163,0.6137,0.8618,0.8099,11.34,13.93,2.58
751,3835,hard,0.1392,0.0652,0.0740,0.0748,0.0337,0.7617,0.5713,6.71,13.81,7.10
752,29,hard,0.0845,0.0107,0.0738,0.0441,0.0054,0.6975,0.5062,28.46,12.53,-15.93
753,4360,hard,0.9181,0.8445,0.0736,0.8486,0.7308,0.9306,0.8658,7.57,10.12,2.55
754,4356,hard,0.8977,0.8242,0.0735,0.8143,0.7009,0.9264,0.8544,7.12,10.01,2.89
755,137,hard,0.8974,0.8245,0.0729,0.8140,0.7014,0.9520,0.8783,3.16,7.13,3.97
756,264,hard,0.7316,0.6590,0.0727,0.5768,0.4914,0.9667,0.8864,9.49,8.15,-1.34
757,3388,hard,0.7970,0.7244,0.0726,0.6626,0.5679,0.8333,0.7840,2.24,3.37,1.14
758,3116,hard,0.9257,0.8532,0.0725,0.8616,0.7440,0.9367,0.8720,5.39,7.81,2.43
759,3401,hard,0.8825,0.8103,0.0722,0.7897,0.6811,0.8991,0.8406,2.44,5.00,2.56
760,815,hard,0.5930,0.5210,0.0720,0.4215,0.3522,0.8795,0.8668,4.45,6.93,2.49
761,957,hard,0.8970,0.8250,0.0720,0.8133,0.7021,0.9360,0.8598,5.00,9.43,4.43
762,1294,hard,0.0720,0.0000,0.0720,0.0373,0.0000,0.5702,0.5000,61.84,41.07,-20.77
763,3446,hard,0.7614,0.6895,0.0719,0.6147,0.5261,0.8284,0.8455,4.47,6.45,1.97
764,3589,hard,0.6003,0.5287,0.0716,0.4289,0.3594,0.9254,0.7844,8.05,6.36,-1.69
765,3859,hard,0.8463,0.7748,0.0715,0.7335,0.6324,0.9117,0.8417,8.26,12.69,4.43
766,2272,hard,0.0712,0.0000,0.0712,0.0369,0.0000,0.7745,0.5000,13.04,63.26,50.22
767,4262,hard,0.9154,0.8442,0.0711,0.8439,0.7305,0.9401,0.8758,3.00,4.47,1.47
768,31,hard,0.2646,0.1938,0.0709,0.1525,0.1073,0.6779,0.5904,13.96,10.10,-3.86
769,2871,hard,0.6778,0.6070,0.0709,0.5127,0.4357,0.8995,0.7246,9.06,16.14,7.08
770,1924,hard,0.0706,0.0000,0.0706,0.0366,0.0000,0.5196,0.5000,32.29,49.03,16.75
771,3973,hard,0.5217,0.4513,0.0704,0.3529,0.2914,0.9845,0.9794,14.91,24.03,9.12
772,446,hard,0.8538,0.7834,0.0704,0.7449,0.6439,0.9463,0.9412,7.02,7.95,0.93
773,4352,hard,0.9015,0.8314,0.0700,0.8206,0.7115,0.9305,0.8590,5.91,8.47,2.57
774,10,hard,0.8039,0.7339,0.0699,0.6721,0.5797,0.9491,0.9345,4.12,5.79,1.66
775,827,hard,0.6493,0.5794,0.0699,0.4807,0.4079,0.7590,0.7088,18.63,20.71,2.08
776,3330,hard,0.6864,0.6166,0.0698,0.5226,0.4457,0.7653,0.7271,4.92,5.47,0.55
777,845,hard,0.7828,0.7130,0.0697,0.6431,0.5540,0.8488,0.7927,9.15,11.70,2.55
778,4207,hard,0.8800,0.8103,0.0697,0.7857,0.6812,0.9044,0.8456,1.00,2.00,1.00
779,3433,hard,0.4533,0.3838,0.0695,0.2931,0.2375,0.9249,0.9749,3.64,21.23,17.59
780,1934,hard,0.4825,0.4130,0.0694,0.3179,0.2603,0.6686,0.6395,65.30,26.42,-38.88
781,4456,hard,0.8343,0.7650,0.0693,0.7156,0.6194,0.8990,0.8363,10.45,18.37,7.92
782,2270,hard,0.0690,0.0000,0.0690,0.0357,0.0000,0.7495,0.5000,21.41,63.26,41.85
783,1428,hard,0.5057,0.4369,0.0689,0.3385,0.2795,0.6697,0.6401,9.00,16.12,7.13
784,2951,hard,0.8111,0.7424,0.0687,0.6822,0.5904,0.8925,0.8133,3.61,6.39,2.78
785,4109,hard,0.8224,0.7538,0.0685,0.6983,0.6049,0.9275,0.8165,3.34,14.73,11.39
786,3164,hard,0.9204,0.8521,0.0683,0.8526,0.7423,0.9284,0.8726,4.01,5.00,0.99
787,375,hard,0.7475,0.6792,0.0682,0.5968,0.5143,0.8523,0.8428,6.23,135.25,129.02
788,787,hard,0.9129,0.8447,0.0682,0.8397,0.7311,0.9764,0.9700,2.00,5.00,3.00
789,2827,hard,0.8724,0.8043,0.0682,0.7737,0.6726,0.8875,0.8364,8.00,13.00,5.00
790,623,hard,0.6237,0.5556,0.0681,0.4531,0.3846,0.7500,0.6940,47.67,8.35,-39.32
791,3464,hard,0.8120,0.7440,0.0680,0.6836,0.5924,0.8954,0.8274,3.00,4.47,1.47
792,4077,hard,0.8350,0.7670,0.0680,0.7167,0.6220,0.9518,0.9322,2.74,7.91,5.17
793,1755,hard,0.8707,0.8029,0.0678,0.7711,0.6707,0.9324,0.8716,3.18,4.55,1.37
794,2311,hard,0.8261,0.7585,0.0676,0.7038,0.6110,0.8544,0.8055,32.28,33.70,1.43
795,1157,hard,0.7379,0.6703,0.0675,0.5846,0.5041,0.8333,0.7675,2.83,3.61,0.78
796,1128,hard,0.8451,0.7778,0.0673,0.7317,0.6364,0.9000,0.8267,1.65,2.24,0.59
797,2189,hard,0.6721,0.6051,0.0670,0.5061,0.4338,0.9171,0.8844,9.22,13.15,3.93
798,3239,hard,0.7284,0.6617,0.0667,0.5728,0.4944,0.7909,0.7494,8.06,8.95,0.88
799,4332,hard,0.6922,0.6255,0.0667,0.5292,0.4550,0.8769,0.8477,8.53,8.11,-0.42
800,1773,hard,0.8000,0.7333,0.0667,0.6667,0.5789,0.8889,0.8055,2.24,3.23,0.99
801,1788,hard,0.8408,0.7746,0.0661,0.7253,0.6322,0.9125,0.8437,1.00,2.01,1.01
802,1791,hard,0.6917,0.6256,0.0661,0.5287,0.4551,0.8029,0.7591,7.76,7.76,0.00
803,2203,hard,0.8682,0.8021,0.0661,0.7671,0.6696,0.9642,0.8602,6.40,15.13,8.72
804,2563,hard,0.8311,0.7651,0.0661,0.7111,0.6195,0.8735,0.8207,14.20,17.88,3.68
805,3417,hard,0.7755,0.7097,0.0658,0.6333,0.5500,0.8167,0.7750,4.07,5.00,0.93
806,503,hard,0.8515,0.7858,0.0657,0.7414,0.6471,0.8943,0.8385,6.02,10.94,4.92
807,2755,hard,0.5228,0.4572,0.0656,0.3539,0.2964,0.6781,0.6491,14.50,15.21,0.71
808,1416,hard,0.7653,0.7000,0.0653,0.6199,0.5385,0.8581,0.8074,2.96,5.37,2.41
809,3896,hard,0.0861,0.0208,0.0653,0.0450,0.0105,0.5369,0.5068,39.08,42.36,3.28
810,789,hard,0.9376,0.8723,0.0653,0.8825,0.7735,0.9656,0.9746,2.35,4.07,1.71
811,1204,hard,0.9057,0.8408,0.0649,0.8276,0.7253,0.9675,0.9285,1.00,1.04,0.04
812,3650,hard,0.5134,0.4486,0.0649,0.3454,0.2891,0.7266,0.6467,26.93,40.61,13.68
813,2819,hard,0.8898,0.8249,0.0649,0.8015,0.7020,0.9013,0.8511,6.40,13.04,6.64
814,680,hard,0.8713,0.8065,0.0648,0.7720,0.6758,0.8906,0.8422,8.15,10.78,2.63
815,1213,hard,0.8471,0.7824,0.0647,0.7348,0.6426,0.9091,0.8552,3.99,5.18,1.19
816,2322,hard,0.2801,0.2155,0.0646,0.1629,0.1208,0.6278,0.5765,38.49,40.50,2.00
817,3043,hard,0.8068,0.7424,0.0645,0.6762,0.5903,0.8419,0.7963,11.18,13.04,1.86
818,1895,hard,0.8072,0.7429,0.0643,0.6767,0.5910,0.8840,0.8146,66.76,12.87,-53.89
819,1781,hard,0.7005,0.6364,0.0641,0.5391,0.4667,0.8194,0.7592,8.12,8.79,0.67
820,499,hard,0.8648,0.8007,0.0641,0.7618,0.6676,0.9134,0.8518,5.39,10.00,4.61
821,2804,hard,0.9003,0.8363,0.0641,0.8188,0.7186,0.9101,0.8593,6.32,12.73,6.40
822,4362,hard,0.9285,0.8647,0.0638,0.8666,0.7617,0.9370,0.8808,6.28,8.73,2.45
823,2797,hard,0.5678,0.5042,0.0636,0.3965,0.3371,0.7407,0.7298,10.04,9.00,-1.04
824,4384,hard,0.0634,0.0000,0.0634,0.0328,0.0000,0.5501,0.4993,35.72,44.59,8.87
825,4178,hard,0.0778,0.0146,0.0632,0.0405,0.0074,0.5379,0.5054,27.92,31.94,4.03
826,4067,hard,0.6806,0.6174,0.0632,0.5159,0.4466,0.8431,0.7429,18.54,10.70,-7.84
827,3176,hard,0.9195,0.8565,0.0630,0.8510,0.7490,0.9264,0.8749,4.10,5.83,1.73
828,3002,hard,0.3395,0.2765,0.0630,0.2045,0.1604,0.8706,0.6725,17.73,13.53,-4.19
829,2821,hard,0.8869,0.8240,0.0629,0.7968,0.7007,0.8986,0.8504,6.00,11.66,5.66
830,2828,hard,0.8861,0.8232,0.0628,0.7955,0.6996,0.8980,0.8499,7.00,10.20,3.20
831,2820,hard,0.8887,0.8258,0.0628,0.7996,0.7033,0.9001,0.8517,6.31,12.08,5.77
832,3078,hard,0.7772,0.7147,0.0625,0.6356,0.5560,0.8207,0.7780,11.18,15.50,4.32
833,4361,hard,0.9056,0.8431,0.0624,0.8274,0.7288,0.9186,0.8648,7.81,10.13,2.32
834,3444,hard,0.7671,0.7051,0.0620,0.6222,0.5446,0.8256,0.8197,4.95,5.70,0.75
835,1786,hard,0.8707,0.8088,0.0619,0.7711,0.6790,0.9324,0.8716,3.18,4.55,1.37
836,3251,hard,0.7560,0.6942,0.0619,0.6078,0.5316,0.8039,0.7658,9.76,12.00,2.24
837,2280,hard,0.1388,0.0769,0.0619,0.0746,0.0400,0.6903,0.5392,28.18,37.27,9.09
838,3089,hard,0.5482,0.4863,0.0618,0.3776,0.3213,0.8657,0.7909,7.26,12.02,4.76
839,1015,hard,0.4986,0.4370,0.0616,0.3321,0.2796,0.9585,0.9459,159.96,160.57,0.60
840,3044,hard,0.7798,0.7182,0.0616,0.6391,0.5604,0.8237,0.7810,11.18,13.03,1.85
841,3825,hard,0.8443,0.7831,0.0613,0.7306,0.6435,0.9093,0.8571,8.35,15.27,6.92
842,2802,hard,0.9101,0.8488,0.0613,0.8350,0.7374,0.9180,0.8688,5.66,11.56,5.90
843,4341,hard,0.0612,0.0000,0.0612,0.0316,0.0000,0.6576,0.5000,16.52,73.61,57.09
844,2865,hard,0.8484,0.7873,0.0611,0.7367,0.6492,0.8732,0.8256,7.00,8.00,1.00
845,817,hard,0.7593,0.6984,0.0609,0.6120,0.5365,0.9334,0.9308,3.16,5.51,2.35
846,970,hard,0.9080,0.8472,0.0608,0.8316,0.7349,0.9796,0.8795,2.24,6.38,4.15
847,235,hard,0.4941,0.4333,0.0608,0.3281,0.2765,0.9995,0.9994,7.63,8.74,1.11
848,1814,hard,0.7541,0.6935,0.0605,0.6053,0.5309,0.9858,0.8028,2.59,4.03,1.44
849,2519,hard,0.0604,0.0000,0.0604,0.0312,0.0000,0.5317,0.5000,61.55,140.34,78.79
850,974,hard,0.8953,0.8350,0.0603,0.8105,0.7168,0.9878,0.8689,2.00,8.00,6.00
851,3083,hard,0.2782,0.2181,0.0601,0.1616,0.1224,0.6641,0.5852,10.59,18.97,8.38
852,3386,hard,0.7985,0.7385,0.0601,0.6646,0.5854,0.8364,0.7963,2.85,3.66,0.82
853,3747,hard,0.0598,0.0000,0.0598,0.0308,0.0000,0.6746,0.4999,31.30,128.88,97.58
854,195,hard,0.8327,0.7729,0.0598,0.7134,0.6299,0.9148,0.8592,1.41,2.24,0.82
855,751,hard,0.7321,0.6726,0.0595,0.5774,0.5067,0.8254,0.7665,5.51,6.40,0.89
856,4449,hard,0.9014,0.8419,0.0595,0.8205,0.7270,0.9547,0.8787,6.49,13.48,6.98
857,4302,hard,0.0593,0.0000,0.0593,0.0306,0.0000,0.5300,0.4997,195.02,102.49,-92.53
858,1844,hard,0.0593,0.0000,0.0593,0.0305,0.0000,0.5349,0.4999,72.08,126.45,54.37
859,3040,hard,0.8368,0.7776,0.0592,0.7194,0.6362,0.8632,0.8193,11.40,14.97,3.57
860,4363,hard,0.9211,0.8620,0.0591,0.8537,0.7574,0.9295,0.8787,6.40,8.63,2.23
861,781,hard,0.7293,0.6702,0.0591,0.5740,0.5040,0.9934,0.9795,7.00,10.30,3.30
862,254,hard,0.8520,0.7931,0.0590,0.7422,0.6571,0.9758,0.9877,2.85,3.47,0.63
863,3048,hard,0.7560,0.6971,0.0589,0.6078,0.5350,0.8192,0.7766,10.20,11.26,1.06
864,4500,hard,0.0588,0.0000,0.0588,0.0303,0.0000,0.5336,0.4996,71.90,105.46,33.55
865,2822,hard,0.8856,0.8269,0.0587,0.7947,0.7048,0.8977,0.8524,7.00,11.66,4.66
866,2482,hard,0.3972,0.3386,0.0585,0.2478,0.2038,0.7899,0.7208,7.71,8.39,0.68
867,4364,hard,0.9072,0.8488,0.0584,0.8302,0.7373,0.9168,0.8686,6.71,9.03,2.32
868,2056,hard,0.0583,0.0000,0.0583,0.0300,0.0000,0.5185,0.5000,7.35,106.22,98.87
869,2321,hard,0.3008,0.2425,0.0582,0.1770,0.1380,0.6434,0.5921,38.52,40.88,2.36
870,2806,hard,0.9052,0.8470,0.0582,0.8269,0.7346,0.9140,0.8673,5.83,10.94,5.11
871,4107,hard,0.8265,0.7683,0.0582,0.7043,0.6238,0.9030,0.8384,4.41,13.47,9.06
872,3171,hard,0.5725,0.5145,0.0580,0.4011,0.3463,0.8408,0.8634,5.80,10.39,4.59
873,2815,hard,0.9128,0.8548,0.0580,0.8396,0.7464,0.9202,0.8732,5.00,8.52,3.52
874,2429,hard,0.6074,0.5494,0.0580,0.4361,0.3787,0.8142,0.7663,8.69,9.85,1.17
875,961,hard,0.9330,0.8752,0.0578,0.8744,0.7781,0.9665,0.8940,2.24,7.28,5.04
876,135,hard,0.9051,0.8476,0.0574,0.8266,0.7356,0.9579,0.8936,3.00,6.40,3.40
877,3246,hard,0.4956,0.4384,0.0572,0.3294,0.2807,0.7566,0.6468,28.05,31.14,3.08
878,1623,hard,0.6795,0.6224,0.0572,0.5146,0.4518,0.9229,0.9950,2.88,4.25,1.37
879,785,hard,0.8848,0.8276,0.0572,0.7934,0.7060,0.9790,0.9680,2.24,5.00,2.76
880,3505,hard,0.0571,0.0000,0.0571,0.0294,0.0000,0.5964,0.4997,133.73,133.67,-0.06
881,959,hard,0.9135,0.8564,0.0571,0.8408,0.7488,0.9474,0.8837,4.00,7.83,3.83
882,3631,hard,0.6468,0.5897,0.0571,0.4780,0.4181,0.8264,0.7115,25.71,30.84,5.13
883,2564,hard,0.8372,0.7801,0.0570,0.7199,0.6395,0.8796,0.8324,13.59,16.59,3.00
884,458,hard,0.5481,0.4912,0.0569,0.3776,0.3256,0.8161,0.7392,4.81,7.91,3.10
885,3593,hard,0.5050,0.4481,0.0569,0.3378,0.2888,0.9499,0.8365,9.00,9.00,0.00
886,3179,hard,0.8011,0.7444,0.0568,0.6682,0.5928,0.8345,0.7967,4.24,6.32,2.08
887,3607,hard,0.8214,0.7647,0.0567,0.6970,0.6190,0.8485,0.8095,3.13,5.00,1.87
888,813,hard,0.6859,0.6292,0.0567,0.5220,0.4590,0.8189,0.8009,7.07,7.07,0.00
889,250,hard,0.8470,0.7906,0.0564,0.7346,0.6537,0.8993,0.8674,4.12,4.52,0.40
890,833,hard,0.6524,0.5961,0.0563,0.4841,0.4246,0.7569,0.7226,14.54,16.16,1.62
891,2561,hard,0.8220,0.7658,0.0562,0.6977,0.6205,0.8721,0.8219,13.56,17.34,3.78
892,37,hard,0.5751,0.5189,0.0561,0.4036,0.3504,0.7148,0.6825,7.21,7.87,0.66
893,3399,hard,0.9252,0.8690,0.0561,0.8608,0.7684,0.9425,0.8850,1.50,2.24,0.73
894,3393,hard,0.9298,0.8738,0.0560,0.8688,0.7759,0.9426,0.8891,1.41,3.00,1.59
895,2413,hard,0.2325,0.1765,0.0560,0.1315,0.0968,0.8327,0.5689,10.30,14.86,4.56
896,1215,hard,0.8938,0.8378,0.0560,0.8079,0.7209,0.9868,0.9509,3.16,6.28,3.12
897,3652,hard,0.5503,0.4945,0.0557,0.3796,0.3285,0.7428,0.6671,25.50,34.18,8.67
898,3804,hard,0.8387,0.7830,0.0557,0.7222,0.6434,0.9813,0.9154,5.39,5.00,-0.39
899,1414,hard,0.8235,0.7680,0.0556,0.7000,0.6233,0.8666,0.8309,3.00,3.00,0.00
900,4072,hard,0.5943,0.5389,0.0554,0.4228,0.3688,0.8170,0.8170,35.45,35.44,-0.01
901,552,hard,0.7153,0.6599,0.0553,0.5567,0.4924,0.8701,0.8842,27.51,22.71,-4.80
902,3408,hard,0.8761,0.8208,0.0553,0.7794,0.6961,0.8919,0.8487,2.83,4.15,1.32
903,232,hard,0.9236,0.8684,0.0552,0.8581,0.7674,0.9468,0.9364,3.61,5.66,2.05
904,1730,hard,0.6335,0.5783,0.0552,0.4636,0.4068,0.8097,0.7124,4.12,7.25,3.13
905,3998,hard,0.6966,0.6414,0.0552,0.5344,0.4721,0.7672,0.7361,5.05,5.79,0.73
906,2826,hard,0.8666,0.8115,0.0551,0.7646,0.6827,0.8832,0.8415,9.09,12.73,3.64
907,1787,hard,0.7102,0.6552,0.0550,0.5506,0.4872,0.8175,0.7773,7.76,7.67,-0.10
908,4321,hard,0.1084,0.0535,0.0550,0.0573,0.0275,0.6401,0.5388,16.59,11.40,-5.19
909,795,hard,0.9519,0.8972,0.0547,0.9082,0.8136,0.9864,0.9784,1.00,2.83,1.83
910,3149,hard,0.7768,0.7224,0.0545,0.6351,0.5654,0.8431,0.7995,14.43,14.14,-0.29
911,2562,hard,0.8270,0.7728,0.0543,0.7051,0.6297,0.8747,0.8268,13.92,17.33,3.41
912,3088,hard,0.8646,0.8104,0.0542,0.7615,0.6812,0.8823,0.8412,7.81,10.76,2.95
913,4380,hard,0.0542,0.0000,0.0542,0.0278,0.0000,0.5560,0.4995,38.99,47.56,8.57
914,2885,hard,0.7566,0.7024,0.0542,0.6084,0.5413,0.8093,0.7711,8.00,9.00,1.00
915,2521,hard,0.0541,0.0000,0.0541,0.0278,0.0000,0.5287,0.5000,61.39,140.34,78.95
916,2795,hard,0.5216,0.4676,0.0540,0.3528,0.3051,0.7131,0.7099,10.42,9.00,-1.42
917,2517,hard,0.0540,0.0000,0.0540,0.0277,0.0000,0.5273,0.5000,64.25,140.34,76.09
918,977,hard,0.9243,0.8703,0.0539,0.8592,0.7704,0.9723,0.8913,3.00,7.14,4.14
919,3250,hard,0.7045,0.6506,0.0539,0.5438,0.4821,0.7719,0.7411,10.19,12.66,2.47
920,4457,hard,0.8368,0.7830,0.0539,0.7195,0.6433,0.9195,0.8619,12.19,16.28,4.09
921,1779,hard,0.6404,0.5867,0.0538,0.4711,0.4151,0.8166,0.7444,4.63,5.76,1.13
922,3080,hard,0.8263,0.7726,0.0536,0.7040,0.6295,0.8582,0.8152,9.01,13.93,4.91
923,2800,hard,0.9130,0.8594,0.0536,0.8399,0.7535,0.9206,0.8767,5.39,9.90,4.51
924,4427,hard,0.7652,0.7116,0.0536,0.6197,0.5524,0.8884,0.7979,27.34,29.31,1.97
925,753,hard,0.7670,0.7135,0.0535,0.6220,0.5546,0.8405,0.7845,5.77,8.01,2.24
926,2435,hard,0.6833,0.6299,0.0534,0.5189,0.4597,0.8249,0.7803,9.94,11.64,1.70
927,4070,hard,0.5977,0.5445,0.0532,0.4262,0.3741,0.8170,0.8170,35.45,35.44,-0.01
928,3114,hard,0.9297,0.8765,0.0532,0.8687,0.7802,0.9405,0.8904,5.00,7.81,2.81
929,3641,hard,0.5874,0.5342,0.0531,0.4158,0.3645,0.8107,0.6837,15.73,22.01,6.27
930,3395,hard,0.9049,0.8520,0.0529,0.8263,0.7421,0.9151,0.8711,2.30,4.05,1.75
931,1278,hard,0.7005,0.6476,0.0528,0.5390,0.4789,0.7984,0.7682,11.18,12.32,1.14
932,1028,hard,0.8689,0.8160,0.0528,0.7681,0.6892,0.9587,0.9629,4.23,4.03,-0.20
933,3745,hard,0.0528,0.0000,0.0528,0.0271,0.0000,0.6745,0.4999,31.52,129.84,98.33
934,2620,hard,0.0528,0.0000,0.0528,0.0271,0.0000,0.5203,0.4998,19.25,94.23,74.98
935,3480,hard,0.9291,0.8763,0.0528,0.8676,0.7798,0.9434,0.8917,4.02,7.81,3.79
936,3146,hard,0.7638,0.7111,0.0527,0.6179,0.5517,0.8223,0.7826,15.60,14.56,-1.04
937,90,hard,0.8581,0.8055,0.0526,0.7514,0.6743,0.8977,0.8545,5.83,9.05,3.22
938,3677,hard,0.6352,0.5827,0.0525,0.4654,0.4111,0.7470,0.7188,22.00,23.93,1.92
939,4103,hard,0.7965,0.7441,0.0524,0.6618,0.5925,0.8353,0.8023,8.41,11.40,2.99
940,2842,hard,0.9166,0.8642,0.0524,0.8460,0.7609,0.9273,0.8804,4.47,7.81,3.34
941,2841,hard,0.8901,0.8377,0.0524,0.8019,0.7207,0.9046,0.8606,5.83,8.82,2.99
942,3763,hard,0.0523,0.0000,0.0523,0.0268,0.0000,0.5798,0.4997,22.53,32.47,9.94
943,1162,hard,0.8442,0.7920,0.0522,0.7304,0.6556,0.8943,0.8485,16.49,16.61,0.12
944,3678,hard,0.6741,0.6221,0.0520,0.5084,0.4515,0.7702,0.7408,21.84,23.19,1.35
945,4431,hard,0.8093,0.7574,0.0519,0.6797,0.6095,0.8652,0.8164,24.04,30.00,5.96
946,2313,hard,0.7549,0.7031,0.0519,0.6063,0.5421,0.8341,0.7858,31.12,32.21,1.09
947,1759,hard,0.8344,0.7826,0.0518,0.7159,0.6429,0.8937,0.8375,1.41,2.35,0.94
948,3996,hard,0.7371,0.6853,0.0517,0.5836,0.5213,0.7918,0.7607,4.74,5.00,0.26
949,783,hard,0.7954,0.7437,0.0517,0.6603,0.5920,0.9856,0.9715,5.10,8.06,2.96
950,972,hard,0.8915,0.8398,0.0517,0.8042,0.7239,0.9917,0.8765,2.53,7.15,4.62
951,3147,hard,0.7332,0.6815,0.0516,0.5787,0.5169,0.7948,0.7610,16.25,15.56,-0.69
952,2437,hard,0.7039,0.6524,0.0514,0.5431,0.4842,0.8385,0.7921,9.66,11.64,1.98
953,2843,hard,0.9081,0.8570,0.0511,0.8316,0.7498,0.9203,0.8750,6.32,8.06,1.74
954,1119,hard,0.8123,0.7613,0.0510,0.6839,0.6146,0.8474,0.8105,2.91,3.71,0.79
955,3150,hard,0.7761,0.7251,0.0509,0.6341,0.5688,0.8389,0.7974,14.85,14.26,-0.59
956,497,hard,0.8608,0.8099,0.0509,0.7556,0.6805,0.9022,0.8571,5.39,9.00,3.61
957,3335,hard,0.8536,0.8027,0.0509,0.7446,0.6704,0.9104,0.8568,2.83,4.40,1.57
958,3515,hard,0.7840,0.7333,0.0507,0.6447,0.5789,0.8224,0.7895,2.00,2.56,0.56
959,3499,hard,0.9030,0.8524,0.0506,0.8231,0.7428,0.9731,0.9342,5.10,9.03,3.93
960,3591,hard,0.5191,0.4686,0.0505,0.3505,0.3060,0.9570,0.8436,8.12,8.00,-0.12
961,4468,hard,0.8056,0.7551,0.0505,0.6745,0.6066,0.8565,0.8168,17.73,21.59,3.86
962,679,hard,0.8968,0.8464,0.0504,0.8129,0.7337,0.9257,0.8711,7.08,8.52,1.44
963,3341,hard,0.6841,0.6338,0.0503,0.5199,0.4639,0.9001,0.8197,6.03,5.39,-0.64
964,233,hard,0.5669,0.5166,0.0503,0.3956,0.3482,0.9967,0.9994,7.22,7.81,0.59
965,1155,hard,0.6692,0.6190,0.0502,0.5029,0.4483,0.7551,0.7274,7.26,8.25,0.99
966,2326,hard,0.0500,0.0000,0.0500,0.0256,0.0000,0.5183,0.5000,51.42,88.44,37.01
967,2619,hard,0.5008,0.4509,0.0499,0.3340,0.2911,0.6672,0.6457,17.46,18.46,1.00
968,1790,hard,0.8442,0.7943,0.0498,0.7303,0.6588,0.9062,0.8500,1.37,2.24,0.86
969,3041,hard,0.8433,0.7938,0.0495,0.7291,0.6581,0.8689,0.8306,10.23,12.37,2.14
970,1270,hard,0.8618,0.8123,0.0495,0.7572,0.6840,0.9116,0.8658,8.27,10.22,1.95
971,3185,hard,0.8469,0.7975,0.0494,0.7344,0.6631,0.8681,0.8316,4.24,5.44,1.20
972,4467,hard,0.8151,0.7660,0.0491,0.6879,0.6207,0.8695,0.8260,17.03,21.60,4.57
973,4173,hard,0.4000,0.3509,0.0491,0.2500,0.2128,0.6428,0.6099,26.87,27.73,0.86
974,655,hard,0.8827,0.8336,0.0491,0.7900,0.7147,0.9217,0.8703,3.16,7.31,4.14
975,230,hard,0.9174,0.8683,0.0491,0.8473,0.7673,0.9578,0.9281,3.16,5.26,2.10
976,2757,hard,0.5361,0.4870,0.0490,0.3662,0.3219,0.6835,0.6609,14.26,14.71,0.45
977,4355,hard,0.0490,0.0000,0.0490,0.0251,0.0000,0.6030,0.5000,10.34,70.71,60.37
978,3500,hard,0.8981,0.8492,0.0489,0.8151,0.7380,0.9386,0.9136,6.28,10.06,3.78
979,89,hard,0.8779,0.8290,0.0489,0.7823,0.7080,0.9078,0.8658,7.46,7.07,-0.39
980,638,hard,0.0487,0.0000,0.0487,0.0250,0.0000,0.5188,0.5000,68.99,27.32,-41.67
981,85,hard,0.8553,0.8067,0.0487,0.7473,0.6760,0.8961,0.8469,8.00,8.96,0.96
982,3331,hard,0.7751,0.7264,0.0486,0.6327,0.5704,0.8320,0.7939,3.16,4.44,1.28
983,630,hard,0.0485,0.0000,0.0485,0.0248,0.0000,0.5253,0.5000,78.55,27.79,-50.76
984,4105,hard,0.8234,0.7749,0.0485,0.6998,0.6325,0.8577,0.8201,12.04,13.44,1.40
985,2808,hard,0.9094,0.8610,0.0484,0.8338,0.7559,0.9174,0.8779,5.13,8.60,3.47
986,444,hard,0.8486,0.8003,0.0483,0.7370,0.6670,0.9654,0.9561,4.89,6.00,1.11
987,4002,hard,0.6466,0.5983,0.0483,0.4777,0.4268,0.7398,0.7134,7.81,8.47,0.66
988,2424,hard,0.0480,0.0000,0.0480,0.0246,0.0000,0.9992,0.5000,19.02,54.04,35.02
989,2829,hard,0.9222,0.8742,0.0480,0.8557,0.7765,0.9293,0.8885,4.00,7.07,3.07
990,1081,hard,0.7137,0.6658,0.0479,0.5549,0.4990,0.8088,0.7876,8.58,9.88,1.31
991,2823,hard,0.8601,0.8123,0.0479,0.7546,0.6839,0.8774,0.8419,8.50,12.53,4.03
992,3154,hard,0.7872,0.7395,0.0477,0.6491,0.5867,0.8472,0.8003,8.56,10.00,1.44
993,397,hard,0.7143,0.6667,0.0476,0.5556,0.5000,0.8124,0.7812,10.85,10.20,-0.65
994,4469,hard,0.7938,0.7463,0.0475,0.6581,0.5953,0.8461,0.8104,17.92,21.61,3.70
995,1904,hard,0.7400,0.6926,0.0474,0.5873,0.5297,0.8001,0.7678,16.28,16.64,0.36
996,3726,hard,0.4657,0.4183,0.0474,0.3035,0.2645,0.9236,0.8475,5.00,5.00,0.00
997,3410,hard,0.9063,0.8590,0.0473,0.8287,0.7528,0.9182,0.8778,2.18,2.83,0.65
998,3403,hard,0.8113,0.7641,0.0472,0.6825,0.6182,0.8427,0.8091,5.50,7.00,1.50
999,2844,hard,0.8987,0.8515,0.0472,0.8160,0.7415,0.9125,0.8710,7.80,8.99,1.19
1000,4334,hard,0.6996,0.6526,0.0470,0.5380,0.4843,0.8831,0.8540,8.63,8.60,-0.03
1001,4428,hard,0.7897,0.7429,0.0469,0.6525,0.5909,0.8613,0.8100,23.35,24.84,1.49
1002,4206,hard,0.8800,0.8333,0.0467,0.7857,0.7143,0.9044,0.8676,1.00,1.74,0.74
1003,4448,hard,0.9011,0.8545,0.0466,0.8200,0.7460,0.9557,0.8947,6.40,11.38,4.97
1004,3749,hard,0.0465,0.0000,0.0465,0.0238,0.0000,0.6745,0.4999,30.09,129.14,99.04
1005,2825,hard,0.8446,0.7981,0.0465,0.7310,0.6640,0.8655,0.8320,9.23,12.96,3.73
1006,2830,hard,0.9226,0.8761,0.0465,0.8564,0.7796,0.9289,0.8898,4.00,7.07,3.07
1007,2310,hard,0.8478,0.8013,0.0465,0.7358,0.6685,0.8711,0.8353,32.80,33.54,0.74
1008,3447,hard,0.7558,0.7094,0.0465,0.6075,0.5496,0.8186,0.8528,3.61,6.20,2.60
1009,3334,hard,0.8301,0.7837,0.0464,0.7095,0.6443,0.9101,0.8320,3.27,5.00,1.73
1010,1083,hard,0.7307,0.6843,0.0464,0.5757,0.5201,0.8295,0.8086,7.81,8.76,0.95
1011,3151,hard,0.7568,0.7105,0.0463,0.6088,0.5510,0.8176,0.7819,14.55,14.37,-0.17
1012,3046,hard,0.7722,0.7260,0.0463,0.6290,0.5698,0.8323,0.7939,11.00,13.00,2.00
1013,3502,hard,0.8589,0.8127,0.0461,0.7526,0.6845,0.8987,0.8676,9.22,12.89,3.67
1014,4258,hard,0.6708,0.6248,0.0460,0.5047,0.4543,0.8827,0.8349,13.29,17.06,3.77
1015,2886,hard,0.0460,0.0000,0.0460,0.0235,0.0000,0.5383,0.5000,27.02,99.10,72.08
1016,3385,hard,0.9260,0.8801,0.0459,0.8622,0.7858,0.9389,0.8936,1.41,2.83,1.41
1017,3402,hard,0.8228,0.7769,0.0459,0.6990,0.6352,0.8495,0.8176,5.98,6.03,0.05
1018,3805,hard,0.8522,0.8063,0.0459,0.7425,0.6755,0.9894,0.9468,8.00,7.64,-0.37
1019,4004,hard,0.5903,0.5444,0.0459,0.4187,0.3740,0.7093,0.6870,8.46,9.06,0.60
1020,1804,hard,0.7753,0.7294,0.0459,0.6330,0.5741,0.8224,0.7897,7.39,7.45,0.07
1021,1409,hard,0.5426,0.4967,0.0458,0.3723,0.3304,0.7361,0.6759,66.80,5.03,-61.77
1022,3113,hard,0.9269,0.8811,0.0458,0.8637,0.7874,0.9397,0.8941,5.43,7.23,1.80
1023,3418,hard,0.9252,0.8795,0.0457,0.8608,0.7849,0.9411,0.8961,2.00,3.00,1.00
1024,3584,hard,0.7903,0.7447,0.0456,0.6533,0.5932,0.9998,0.9997,4.40,5.79,1.39
1025,1317,hard,0.8031,0.7576,0.0456,0.6711,0.6098,0.9553,0.9464,1.41,2.00,0.59
1026,3243,hard,0.7158,0.6703,0.0455,0.5574,0.5041,0.7787,0.7520,9.00,9.22,0.22
1027,4166,hard,0.7768,0.7314,0.0454,0.6350,0.5765,0.8180,0.7882,9.11,10.00,0.89
1028,2831,hard,0.9217,0.8765,0.0452,0.8547,0.7801,0.9282,0.8900,4.12,6.96,2.83
1029,678,hard,0.8987,0.8536,0.0450,0.8160,0.7447,0.9394,0.8795,5.33,9.04,3.72
1030,1717,hard,0.5361,0.4911,0.0450,0.3662,0.3255,0.7122,0.6867,10.77,11.18,0.41
1031,3241,hard,0.7116,0.6667,0.0449,0.5523,0.5000,0.7761,0.7500,9.00,9.07,0.07
1032,4235,hard,0.6609,0.6162,0.0448,0.4936,0.4453,0.8927,0.8112,2.92,3.90,0.98
1033,3404,hard,0.8693,0.8246,0.0447,0.7688,0.7015,0.8903,0.8508,5.00,5.12,0.12
1034,1482,hard,0.7821,0.7374,0.0446,0.6421,0.5841,0.8239,0.7942,11.04,12.24,1.20
1035,81,hard,0.8872,0.8427,0.0445,0.7972,0.7281,0.9180,0.8739,6.00,6.71,0.71
1036,2824,hard,0.8505,0.8060,0.0445,0.7398,0.6750,0.8699,0.8375,9.00,12.96,3.96
1037,2814,hard,0.9133,0.8688,0.0445,0.8404,0.7680,0.9204,0.8840,5.31,7.81,2.50
1038,4365,hard,0.9132,0.8687,0.0445,0.8402,0.7679,0.9305,0.8916,7.62,8.58,0.97
1039,3193,hard,0.8815,0.8370,0.0444,0.7881,0.7197,0.8945,0.8603,4.47,5.39,0.91
1040,4327,hard,0.0444,0.0000,0.0444,0.0227,0.0000,0.5958,0.5000,19.56,76.71,57.14
1041,3061,hard,0.4723,0.4279,0.0444,0.3092,0.2722,0.8297,0.7370,21.00,25.67,4.67
1042,3191,hard,0.9375,0.8932,0.0444,0.8824,0.8070,0.9537,0.9139,3.00,4.24,1.24
1043,4066,hard,0.2994,0.2551,0.0443,0.1761,0.1462,0.7357,0.7356,33.20,33.20,0.01
1044,2954,hard,0.8186,0.7743,0.0443,0.6929,0.6317,0.9098,0.8415,3.14,4.00,0.86
1045,2864,hard,0.8887,0.8444,0.0443,0.7996,0.7307,0.9094,0.8684,3.92,6.04,2.12
1046,2810,hard,0.9138,0.8696,0.0442,0.8412,0.7693,0.9210,0.8846,5.10,8.49,3.39
1047,3383,hard,0.9125,0.8683,0.0442,0.8391,0.7673,0.9216,0.8837,2.24,3.00,0.76
1048,504,hard,0.8782,0.8341,0.0441,0.7828,0.7154,0.9079,0.8716,2.50,7.82,5.32
1049,2845,hard,0.8947,0.8507,0.0440,0.8095,0.7401,0.9089,0.8702,8.25,9.22,0.97
1050,2425,hard,0.3642,0.3202,0.0440,0.2226,0.1906,0.7516,0.6584,8.60,12.48,3.87
1051,3946,hard,0.9012,0.8571,0.0440,0.8201,0.7500,0.9755,0.9917,2.80,4.04,1.24
1052,3247,hard,0.6927,0.6487,0.0440,0.5299,0.4801,0.7652,0.7400,9.45,10.12,0.68
1053,4069,hard,0.7106,0.6667,0.0439,0.5511,0.5000,0.8607,0.7851,6.05,9.02,2.97
1054,968,hard,0.9192,0.8754,0.0439,0.8506,0.7783,0.9894,0.9042,2.00,5.00,3.00
1055,3513,hard,0.7900,0.7461,0.0439,0.6529,0.5950,0.8264,0.7975,2.24,2.83,0.59
1056,553,hard,0.5320,0.4882,0.0438,0.3624,0.3230,0.8978,0.9037,13.60,13.38,-0.23
1057,3249,hard,0.7306,0.6869,0.0437,0.5756,0.5231,0.7908,0.7628,9.06,10.00,0.94
1058,2278,hard,0.1770,0.1333,0.0437,0.0971,0.0714,0.8357,0.5364,14.19,14.58,0.38
1059,3115,hard,0.9169,0.8733,0.0435,0.8465,0.7751,0.9336,0.8878,5.66,7.21,1.55
1060,2812,hard,0.9149,0.8715,0.0434,0.8431,0.7722,0.9218,0.8861,5.00,7.81,2.81
1061,3511,hard,0.8158,0.7724,0.0434,0.6889,0.6292,0.8605,0.8256,2.00,2.04,0.04
1062,3248,hard,0.7031,0.6599,0.0432,0.5422,0.4924,0.7713,0.7462,9.89,10.20,0.31
1063,4062,hard,0.3165,0.2732,0.0432,0.1880,0.1582,0.7357,0.7356,36.05,35.50,-0.54
1064,3162,hard,0.9035,0.8603,0.0432,0.8239,0.7549,0.9127,0.8779,4.24,5.00,0.76
1065,3387,hard,0.9340,0.8910,0.0430,0.8761,0.8034,0.9496,0.9054,1.41,3.00,1.59
1066,3181,hard,0.8538,0.8108,0.0430,0.7448,0.6818,0.8763,0.8409,4.09,5.00,0.91
1067,3091,hard,0.5342,0.4913,0.0429,0.3644,0.3256,0.8832,0.8935,6.07,6.45,0.38
1068,2439,hard,0.7150,0.6720,0.0429,0.5564,0.5060,0.8458,0.8049,10.22,11.66,1.44
1069,975,hard,0.9240,0.8811,0.0429,0.8587,0.7874,0.9848,0.9028,2.24,7.00,4.76
1070,3416,hard,0.9062,0.8634,0.0428,0.8285,0.7596,0.9232,0.8822,2.32,3.16,0.84
1071,2422,hard,0.0428,0.0000,0.0428,0.0219,0.0000,0.9991,0.5000,21.02,54.04,33.02
1072,3082,hard,0.8158,0.7730,0.0428,0.6889,0.6300,0.8524,0.8167,8.22,11.17,2.95
1073,2840,hard,0.9016,0.8588,0.0428,0.8208,0.7526,0.9137,0.8764,5.00,6.99,1.99
1074,2443,hard,0.7056,0.6630,0.0426,0.5451,0.4959,0.8029,0.7692,13.15,13.60,0.45
1075,2858,hard,0.9188,0.8762,0.0426,0.8498,0.7797,0.9293,0.8908,5.47,7.07,1.60
1076,749,hard,0.7401,0.6975,0.0426,0.5874,0.5355,0.8447,0.7973,5.05,6.46,1.41
1077,4289,hard,0.7216,0.6791,0.0426,0.5645,0.5141,0.9117,0.9293,18.55,16.99,-1.56
1078,2832,hard,0.9219,0.8794,0.0425,0.8552,0.7847,0.9287,0.8924,4.24,6.71,2.47
1079,3394,hard,0.7901,0.7477,0.0424,0.6530,0.5970,0.8265,0.7985,3.61,3.92,0.32
1080,2670,hard,0.6328,0.5905,0.0424,0.4629,0.4189,0.7378,0.7159,23.00,24.40,1.40
1081,3420,hard,0.7500,0.7077,0.0423,0.6000,0.5476,0.9285,0.8286,1.00,1.47,0.47
1082,3952,hard,0.8837,0.8414,0.0423,0.7917,0.7263,0.9892,0.9982,2.83,4.40,1.57
1083,3812,hard,0.8911,0.8489,0.0422,0.8037,0.7375,0.9675,0.9073,3.61,4.24,0.64
1084,3390,hard,0.8481,0.8059,0.0422,0.7362,0.6748,0.8704,0.8395,2.00,3.00,1.00
1085,2441,hard,0.6829,0.6407,0.0422,0.5185,0.4713,0.7851,0.7559,13.48,14.14,0.66
1086,88,hard,0.8593,0.8172,0.0421,0.7533,0.6909,0.9142,0.8754,5.00,7.04,2.04
1087,476,hard,0.9120,0.8701,0.0419,0.8383,0.7701,0.9518,0.9057,2.08,3.16,1.08
1088,4331,hard,0.0419,0.0000,0.0419,0.0214,0.0000,0.5766,0.5000,20.24,76.71,56.47
1089,3514,hard,0.8195,0.7778,0.0417,0.6942,0.6364,0.8471,0.8182,2.00,2.24,0.24
1090,4329,hard,0.0417,0.0000,0.0417,0.0213,0.0000,0.5766,0.5000,19.91,76.71,56.80
1091,4414,hard,0.6982,0.6566,0.0416,0.5363,0.4888,0.9331,0.8039,4.60,8.44,3.84
1092,4068,hard,0.5514,0.5098,0.0415,0.3806,0.3421,0.8109,0.8169,32.97,33.36,0.39
1093,2420,hard,0.0415,0.0000,0.0415,0.0212,0.0000,0.9990,0.5000,21.59,54.04,32.45
1094,2565,hard,0.8397,0.7983,0.0414,0.7237,0.6643,0.8841,0.8457,13.39,15.24,1.85
1095,3892,hard,0.8071,0.7657,0.0414,0.6766,0.6204,0.8649,0.8308,13.34,15.49,2.15
1096,2995,hard,0.7971,0.7559,0.0412,0.6627,0.6076,0.8657,0.8269,7.07,8.06,0.99
1097,4076,hard,0.5185,0.4774,0.0412,0.3500,0.3135,0.7717,0.7814,33.07,32.20,-0.87
1098,3753,hard,0.0411,0.0000,0.0411,0.0210,0.0000,0.5429,0.5000,23.35,137.21,113.86
1099,4172,hard,0.4047,0.3636,0.0410,0.2537,0.2222,0.6428,0.6154,26.17,27.01,0.84
1100,4458,hard,0.8418,0.8010,0.0408,0.7268,0.6680,0.9045,0.8635,12.07,15.32,3.26
1101,4343,hard,0.0408,0.0000,0.0408,0.0208,0.0000,0.6312,0.5000,17.24,73.61,56.37
1102,1757,hard,0.8609,0.8201,0.0408,0.7558,0.6951,0.9392,0.8851,3.64,4.52,0.89
1103,3090,hard,0.8976,0.8568,0.0408,0.8141,0.7495,0.9094,0.8757,6.32,8.54,2.22
1104,3510,hard,0.7465,0.7059,0.0406,0.5955,0.5455,0.8081,0.7791,2.24,2.41,0.18
1105,3432,hard,0.8406,0.8000,0.0406,0.7250,0.6667,0.8671,0.8418,1.84,2.25,0.41
1106,4013,hard,0.5000,0.4596,0.0404,0.3333,0.2983,0.6743,0.6543,8.05,8.06,0.02
1107,4466,hard,0.8120,0.7716,0.0404,0.6835,0.6281,0.8624,0.8246,13.42,17.69,4.28
1108,1262,hard,0.8673,0.8271,0.0402,0.7656,0.7051,0.9266,0.8932,6.46,8.60,2.14
1109,3757,hard,0.0402,0.0000,0.0402,0.0205,0.0000,0.5407,0.5000,23.34,137.06,113.73
1110,4333,hard,0.0402,0.0000,0.0402,0.0205,0.0000,0.5766,0.5000,20.69,76.71,56.02
1111,4104,hard,0.8251,0.7850,0.0402,0.7023,0.6460,0.8739,0.8394,10.70,12.65,1.95
1112,3145,hard,0.7713,0.7312,0.0401,0.6278,0.5763,0.8381,0.7972,15.63,15.15,-0.48
1113,4045,hard,0.5088,0.4688,0.0400,0.3412,0.3061,0.7814,0.7911,29.15,30.83,1.67
1114,4047,hard,0.4979,0.4580,0.0399,0.3315,0.2970,0.7863,0.7911,26.07,29.98,3.91
1115,36,hard,0.5954,0.5556,0.0399,0.4239,0.3846,0.7224,0.6996,6.71,6.71,0.00
1116,3389,hard,0.9327,0.8929,0.0398,0.8739,0.8065,0.9511,0.9070,1.41,3.00,1.59
1117,3755,hard,0.0398,0.0000,0.0398,0.0203,0.0000,0.5429,0.5000,23.24,137.21,113.97
1118,1626,hard,0.7750,0.7353,0.0397,0.6327,0.5814,0.9959,0.9998,2.83,4.00,1.17
1119,71,hard,0.9310,0.8914,0.0397,0.8710,0.8040,0.9659,0.9288,3.00,3.41,0.41
1120,4100,hard,0.7982,0.7586,0.0397,0.6642,0.6111,0.8965,0.9686,6.00,5.00,-1.00
1121,2019,hard,0.7955,0.7560,0.0394,0.6604,0.6078,0.9729,0.9762,2.83,2.97,0.14
1122,2431,hard,0.6182,0.5788,0.0394,0.4474,0.4073,0.8289,0.7884,8.96,9.19,0.23
1123,2993,hard,0.7900,0.7507,0.0393,0.6529,0.6009,0.9404,0.8692,4.35,4.47,0.13
1124,1486,hard,0.8506,0.8113,0.0392,0.7400,0.6825,0.8750,0.8442,5.00,9.00,4.00
1125,976,hard,0.9033,0.8641,0.0392,0.8236,0.7607,0.9853,0.8880,2.00,6.13,4.13
1126,3092,hard,0.9123,0.8732,0.0391,0.8388,0.7749,0.9223,0.8892,5.39,8.06,2.68
1127,2838,hard,0.9070,0.8679,0.0391,0.8298,0.7666,0.9189,0.8834,5.39,8.00,2.61
1128,1993,hard,0.7521,0.7130,0.0391,0.6027,0.5541,0.9400,0.9100,2.62,2.54,-0.08
1129,1420,hard,0.5764,0.5376,0.0388,0.4049,0.3676,0.9458,0.8377,3.16,5.00,1.84
1130,86,hard,0.8651,0.8264,0.0387,0.7623,0.7042,0.9566,0.9005,3.98,6.40,2.42
1131,2848,hard,0.9191,0.8804,0.0387,0.8503,0.7864,0.9299,0.8932,5.10,5.84,0.74
1132,3751,hard,0.0386,0.0000,0.0386,0.0197,0.0000,0.5429,0.5000,29.18,137.21,108.03
1133,2833,hard,0.9188,0.8801,0.0386,0.8498,0.7859,0.9253,0.8930,4.47,7.00,2.53
1134,1144,hard,0.5471,0.5085,0.0386,0.3765,0.3409,0.8426,0.7527,3.64,4.12,0.48
1135,3944,hard,0.9183,0.8799,0.0384,0.8490,0.7856,0.9647,0.9714,2.37,2.85,0.48
1136,82,hard,0.8462,0.8078,0.0384,0.7333,0.6775,0.9330,0.9099,6.04,7.07,1.03
1137,4075,hard,0.8166,0.7782,0.0384,0.6901,0.6370,0.9278,0.9187,3.61,5.39,1.78
1138,676,hard,0.8851,0.8467,0.0384,0.7939,0.7342,0.9405,0.8795,5.48,9.95,4.47
1139,3409,hard,0.8437,0.8054,0.0382,0.7296,0.6743,0.8648,0.8371,3.00,3.00,0.00
1140,4503,hard,0.0382,0.0000,0.0382,0.0195,0.0000,0.5205,0.4997,78.94,114.00,35.06
1141,2834,hard,0.9162,0.8780,0.0382,0.8454,0.7825,0.9231,0.8913,4.47,7.04,2.56
1142,32,hard,0.3691,0.3309,0.0382,0.2263,0.1983,0.7511,0.6985,17.05,13.32,-3.72
1143,1949,hard,0.4639,0.4258,0.0381,0.3020,0.2705,0.6514,0.6352,25.26,24.42,-0.84
1144,2,hard,0.6636,0.6256,0.0381,0.4966,0.4551,0.9293,0.9175,3.66,4.00,0.34
1145,2444,hard,0.7240,0.6860,0.0380,0.5674,0.5220,0.8206,0.7858,12.19,13.38,1.19
1146,2798,hard,0.9105,0.8725,0.0380,0.8357,0.7738,0.9185,0.8871,5.00,8.17,3.17
1147,2356,hard,0.0379,0.0000,0.0379,0.0193,0.0000,0.5222,0.4999,25.32,39.00,13.68
1148,2141,hard,0.0377,0.0000,0.0377,0.0192,0.0000,0.5384,0.5000,13.21,122.69,109.48
1149,661,hard,0.8502,0.8125,0.0376,0.7394,0.6843,0.8772,0.8469,6.13,12.53,6.40
1150,133,hard,0.9140,0.8765,0.0375,0.8416,0.7802,0.9654,0.9192,2.00,4.22,2.22
1151,3803,hard,0.8306,0.7932,0.0375,0.7103,0.6572,0.9729,0.9091,5.39,4.00,-1.39
1152,4060,hard,0.2446,0.2073,0.0373,0.1393,0.1156,0.7178,0.7177,37.41,36.84,-0.57
1153,2477,hard,0.8191,0.7818,0.0372,0.6936,0.6418,0.8499,0.8232,8.26,9.31,1.05
1154,3325,hard,0.5808,0.5436,0.0372,0.4092,0.3732,0.7719,0.7030,5.83,8.80,2.97
1155,463,hard,0.9118,0.8747,0.0372,0.8380,0.7773,0.9289,0.9052,1.47,2.24,0.76
1156,1153,hard,0.8617,0.8246,0.0371,0.7570,0.7015,0.8843,0.8535,2.83,3.10,0.27
1157,1127,hard,0.7724,0.7353,0.0371,0.6291,0.5814,0.8156,0.7907,5.52,5.73,0.21
1158,1719,hard,0.3860,0.3490,0.0370,0.2391,0.2114,0.6322,0.6151,10.81,11.18,0.37
1159,4268,hard,0.9392,0.9022,0.0370,0.8853,0.8218,0.9475,0.9145,5.00,5.93,0.93
1160,3733,hard,0.7521,0.7152,0.0370,0.6027,0.5566,0.9970,0.9997,3.61,3.43,-0.18
1161,3414,hard,0.8989,0.8620,0.0369,0.8164,0.7574,0.9109,0.8787,2.83,3.00,0.17
1162,2478,hard,0.7913,0.7544,0.0369,0.6547,0.6056,0.8305,0.8055,8.26,9.60,1.33
1163,4015,hard,0.5267,0.4898,0.0369,0.3575,0.3243,0.6971,0.6714,6.70,7.07,0.38
1164,8,hard,0.8559,0.8190,0.0369,0.7481,0.6934,0.9573,0.9501,2.24,2.83,0.59
1165,3971,hard,0.5039,0.4672,0.0368,0.3368,0.3048,0.9845,0.9844,16.78,18.79,2.00
1166,3759,hard,0.0368,0.0000,0.0368,0.0187,0.0000,0.5406,0.5000,22.84,137.06,114.23
1167,3047,hard,0.7511,0.7144,0.0367,0.6014,0.5557,0.8169,0.7871,10.30,13.00,2.70
1168,290,hard,0.8077,0.7711,0.0366,0.6774,0.6275,0.8889,0.8950,11.31,11.31,0.00
1169,495,hard,0.8699,0.8333,0.0366,0.7698,0.7143,0.9020,0.8821,7.01,8.00,0.99
1170,1319,hard,0.5789,0.5424,0.0366,0.4074,0.3721,0.9341,0.7105,2.83,4.46,1.63
1171,2853,hard,0.9176,0.8810,0.0366,0.8477,0.7873,0.9280,0.8962,5.39,6.40,1.02
1172,4322,hard,0.0365,0.0000,0.0365,0.0186,0.0000,0.5857,0.5000,12.48,70.71,58.23
1173,1884,hard,0.2229,0.1865,0.0365,0.1254,0.1028,0.5755,0.5724,81.99,86.68,4.69
1174,1901,hard,0.8429,0.8067,0.0362,0.7284,0.6760,0.9040,0.8549,3.61,14.17,10.56
1175,3734,hard,0.7941,0.7579,0.0362,0.6585,0.6102,0.9946,0.9998,3.16,4.11,0.95
1176,4338,hard,0.8346,0.7985,0.0361,0.7161,0.6645,0.8935,0.8669,8.23,7.95,-0.28
1177,255,hard,0.8303,0.7942,0.0361,0.7098,0.6587,0.9726,0.9726,3.16,4.12,0.96
1178,663,hard,0.8658,0.8298,0.0360,0.7634,0.7091,0.8981,0.8621,6.00,7.07,1.07
1179,1976,hard,0.4846,0.4486,0.0360,0.3198,0.2892,0.6657,0.6446,21.93,21.94,0.00
1180,3679,hard,0.7172,0.6813,0.0359,0.5591,0.5166,0.7935,0.7675,19.94,20.52,0.57
1181,3289,hard,0.3183,0.2824,0.0359,0.1893,0.1644,0.8330,0.7678,9.43,9.45,0.02
1182,2863,hard,0.9208,0.8850,0.0358,0.8532,0.7938,0.9419,0.9019,3.00,5.00,2.00
1183,2883,hard,0.7198,0.6841,0.0357,0.5623,0.5199,0.7833,0.7603,8.81,9.52,0.71
1184,16,hard,0.8707,0.8350,0.0357,0.7711,0.7168,0.9256,0.9123,4.19,4.82,0.64
1185,1010,hard,0.8815,0.8458,0.0357,0.7881,0.7328,0.9532,0.9464,3.08,4.12,1.04
1186,304,hard,0.8749,0.8392,0.0357,0.7776,0.7230,0.9218,0.9470,6.55,4.10,-2.45
1187,2852,hard,0.9281,0.8926,0.0355,0.8659,0.8060,0.9420,0.9064,4.16,5.83,1.67
1188,2487,hard,0.0354,0.0000,0.0354,0.0180,0.0000,0.5665,0.5000,19.05,79.42,60.37
1189,3517,hard,0.8750,0.8397,0.0353,0.7778,0.7237,0.8914,0.8618,1.41,1.41,0.00
1190,1413,hard,0.8387,0.8034,0.0353,0.7222,0.6714,0.8900,0.8525,3.72,4.00,0.28
1191,681,hard,0.8617,0.8264,0.0353,0.7570,0.7042,0.8866,0.8602,5.00,11.18,6.18
1192,1652,hard,0.7642,0.7289,0.0353,0.6183,0.5734,0.9330,0.9383,7.62,3.16,-4.46
1193,1129,hard,0.7515,0.7164,0.0351,0.6020,0.5581,0.8040,0.7791,5.91,5.94,0.04
1194,1030,hard,0.8895,0.8544,0.0351,0.8010,0.7458,0.9418,0.9417,5.66,5.00,-0.66
1195,3448,hard,0.7321,0.6971,0.0351,0.5775,0.5350,0.8015,0.8186,4.02,5.39,1.37
1196,2835,hard,0.9082,0.8732,0.0351,0.8319,0.7749,0.9164,0.8875,5.00,7.25,2.25
1197,1977,hard,0.4615,0.4265,0.0350,0.3000,0.2711,0.6536,0.6355,21.93,21.95,0.01
1198,465,hard,0.8559,0.8210,0.0350,0.7482,0.6963,0.9183,0.8836,3.00,5.74,2.74
1199,4447,hard,0.8931,0.8582,0.0350,0.8069,0.7516,0.9511,0.9060,6.40,10.78,4.38
1200,1154,hard,0.7967,0.7617,0.0349,0.6620,0.6152,0.8484,0.8192,4.00,5.00,1.00
1201,1126,hard,0.8000,0.7651,0.0349,0.6667,0.6196,0.8478,0.8098,4.08,4.14,0.07
1202,2081,hard,0.8466,0.8118,0.0349,0.7340,0.6832,1.0000,0.9999,1.41,2.05,0.63
1203,2317,hard,0.6281,0.5934,0.0347,0.4578,0.4218,0.7974,0.7451,34.37,38.52,4.15
1204,44,hard,0.7883,0.7536,0.0347,0.6506,0.6047,0.9091,0.8939,2.00,2.00,0.00
1205,3042,hard,0.8321,0.7975,0.0346,0.7125,0.6631,0.8632,0.8351,11.00,12.08,1.08
1206,3391,hard,0.9323,0.8977,0.0346,0.8731,0.8144,0.9544,0.9104,1.97,3.00,1.03
1207,3245,hard,0.7205,0.6859,0.0346,0.5631,0.5220,0.7833,0.7613,9.00,9.22,0.22
1208,1557,hard,0.9128,0.8783,0.0345,0.8396,0.7830,0.9406,0.9109,1.00,1.91,0.91
1209,3008,hard,0.4154,0.3810,0.0345,0.2622,0.2353,0.8224,0.6457,12.76,13.58,0.82
1210,3111,hard,0.9343,0.8998,0.0344,0.8766,0.8179,0.9459,0.9094,5.39,7.07,1.69
1211,3708,hard,0.7395,0.7052,0.0343,0.5867,0.5446,0.9969,0.9997,3.16,3.16,0.00
1212,2481,hard,0.7128,0.6785,0.0343,0.5538,0.5135,0.8097,0.7803,8.00,9.22,1.22
1213,3645,hard,0.5756,0.5414,0.0343,0.4041,0.3712,0.8040,0.6859,26.27,21.94,-4.33
1214,1806,hard,0.7111,0.6769,0.0342,0.5517,0.5116,0.8582,0.8283,4.78,5.00,0.22
1215,3329,hard,0.5525,0.5183,0.0342,0.3817,0.3498,0.6908,0.6756,5.74,9.49,3.75
1216,1683,hard,0.8579,0.8239,0.0341,0.7512,0.7005,0.9110,0.8796,2.44,4.32,1.87
1217,2934,hard,0.5087,0.4746,0.0340,0.3411,0.3112,0.6725,0.6559,13.63,14.06,0.43
1218,252,hard,0.8617,0.8277,0.0340,0.7570,0.7060,0.9264,0.9393,3.72,3.61,-0.12
1219,4429,hard,0.7982,0.7642,0.0339,0.6641,0.6184,0.8770,0.8341,23.08,24.76,1.68
1220,315,hard,0.8588,0.8249,0.0339,0.7525,0.7019,0.9155,0.8792,8.00,11.66,3.66
1221,2139,hard,0.0339,0.0000,0.0339,0.0172,0.0000,0.5384,0.5000,12.23,121.66,109.43
1222,2515,hard,0.0339,0.0000,0.0339,0.0172,0.0000,0.5182,0.5000,70.08,138.46,68.38
1223,1264,hard,0.8522,0.8183,0.0339,0.7424,0.6924,0.9207,0.8901,8.34,17.09,8.75
1224,4229,hard,0.7986,0.7647,0.0339,0.6647,0.6190,0.8724,0.8490,3.61,3.61,0.00
1225,2181,hard,0.1394,0.1056,0.0338,0.0749,0.0557,0.7737,0.6884,23.75,23.11,-0.64
1226,3187,hard,0.8956,0.8619,0.0338,0.8110,0.7573,0.9075,0.8799,3.61,5.00,1.39
1227,298,hard,0.8289,0.7952,0.0337,0.7078,0.6600,0.9477,0.9117,2.24,4.47,2.24
1228,4081,hard,0.8546,0.8209,0.0337,0.7462,0.6962,0.9168,0.8838,5.87,8.16,2.29
1229,3407,hard,0.9133,0.8796,0.0337,0.8404,0.7850,0.9202,0.8925,2.00,2.27,0.27
1230,4064,hard,0.2941,0.2604,0.0337,0.1724,0.1497,0.7357,0.7356,33.76,33.76,0.00
1231,755,hard,0.7749,0.7413,0.0336,0.6326,0.5889,0.8599,0.8211,5.67,7.00,1.33
1232,674,hard,0.9014,0.8678,0.0336,0.8205,0.7664,0.9402,0.8950,7.81,9.32,1.51
1233,2855,hard,0.8997,0.8661,0.0336,0.8177,0.7638,0.9104,0.8839,6.23,7.07,0.84
1234,3654,hard,0.5849,0.5513,0.0336,0.4133,0.3805,0.7714,0.6935,22.47,32.31,9.84
1235,1003,hard,0.8798,0.8462,0.0336,0.7854,0.7335,0.9113,0.8773,4.12,6.02,1.90
1236,2837,hard,0.9137,0.8802,0.0335,0.8411,0.7860,0.9249,0.8932,5.00,7.07,2.07
1237,613,hard,0.8020,0.7685,0.0335,0.6694,0.6241,0.9879,0.9999,2.21,2.00,-0.21
1238,2836,hard,0.9209,0.8876,0.0334,0.8535,0.7979,0.9304,0.8990,5.00,7.00,2.00
1239,3110,hard,0.9327,0.8993,0.0334,0.8738,0.8170,0.9453,0.9090,5.00,7.03,2.03
1240,3108,hard,0.9358,0.9025,0.0333,0.8794,0.8223,0.9474,0.9116,5.39,7.28,1.89
1241,2854,hard,0.9071,0.8738,0.0333,0.8300,0.7758,0.9175,0.8903,6.00,7.00,1.00
1242,1484,hard,0.8186,0.7852,0.0333,0.6928,0.6464,0.8503,0.8259,9.71,10.80,1.09
1243,4228,hard,0.7465,0.7133,0.0332,0.5955,0.5543,0.7978,0.7772,5.97,6.00,0.03
1244,3109,hard,0.9292,0.8961,0.0331,0.8678,0.8118,0.9417,0.9063,5.39,7.07,1.69
1245,4386,hard,0.0330,0.0000,0.0330,0.0168,0.0000,0.5210,0.4994,34.49,42.59,8.10
1246,598,hard,0.8269,0.7939,0.0330,0.7049,0.6583,0.9707,0.9780,2.00,2.00,0.00
1247,2839,hard,0.9240,0.8911,0.0329,0.8587,0.8036,0.9368,0.9025,4.00,5.10,1.10
1248,2846,hard,0.9255,0.8927,0.0328,0.8613,0.8062,0.9392,0.9039,4.24,5.43,1.19
1249,3495,hard,0.9420,0.9092,0.0328,0.8903,0.8335,0.9788,0.9621,2.83,4.47,1.64
1250,2857,hard,0.9227,0.8899,0.0328,0.8565,0.8017,0.9332,0.9031,5.39,6.85,1.47
1251,2746,hard,0.5721,0.5393,0.0327,0.4006,0.3692,0.7047,0.6905,11.53,10.54,-0.98
1252,4,hard,0.8280,0.7953,0.0327,0.7065,0.6602,0.9333,0.9532,1.41,1.47,0.06
1253,4019,hard,0.8016,0.7689,0.0327,0.6689,0.6246,0.8356,0.8154,3.61,3.94,0.34
1254,3058,hard,0.5706,0.5380,0.0326,0.3992,0.3679,0.8146,0.7644,8.00,9.53,1.53
1255,4180,hard,0.0326,0.0000,0.0326,0.0166,0.0000,0.5161,0.4999,30.02,32.16,2.14
1256,3152,hard,0.7743,0.7417,0.0326,0.6317,0.5895,0.8497,0.8258,8.06,9.60,1.54
1257,2866,hard,0.8150,0.7824,0.0325,0.6877,0.6426,0.8842,0.8295,6.56,8.06,1.51
1258,3830,hard,0.8773,0.8448,0.0325,0.7814,0.7312,0.9499,0.9187,10.04,11.40,1.36
1259,664,hard,0.8809,0.8483,0.0325,0.7871,0.7366,0.9071,0.8746,7.24,9.06,1.81
1260,826,hard,0.8716,0.8392,0.0325,0.7725,0.7229,0.9344,0.8891,5.00,9.22,4.22
1261,3596,hard,0.8727,0.8403,0.0324,0.7741,0.7246,0.9894,0.9755,3.30,4.50,1.20
1262,1131,hard,0.7292,0.6968,0.0324,0.5738,0.5347,0.7907,0.7691,5.95,6.18,0.23
1263,1069,hard,0.9140,0.8817,0.0323,0.8416,0.7885,0.9293,0.9141,1.41,1.41,0.00
1264,3287,hard,0.2643,0.2321,0.0321,0.1523,0.1313,0.7678,0.6882,9.90,10.60,0.70
1265,228,hard,0.9258,0.8936,0.0321,0.8618,0.8077,0.9633,0.9452,3.16,4.47,1.31
1266,3516,hard,0.8352,0.8031,0.0321,0.7171,0.6711,0.8586,0.8355,2.00,2.00,0.00
1267,2847,hard,0.9223,0.8902,0.0321,0.8558,0.8022,0.9341,0.9014,5.00,5.83,0.83
1268,3586,hard,0.9273,0.8952,0.0321,0.8644,0.8102,0.9783,0.9833,1.41,2.50,1.09
1269,3252,hard,0.8005,0.7686,0.0320,0.6674,0.6241,0.8355,0.8130,9.04,9.22,0.18
1270,1456,hard,0.8615,0.8295,0.0319,0.7566,0.7087,0.8834,0.8655,2.24,2.83,0.59
1271,2006,hard,0.8283,0.7965,0.0318,0.7070,0.6618,0.9933,0.9078,3.13,5.10,1.97
1272,3493,hard,0.9412,0.9095,0.0317,0.8889,0.8341,0.9720,0.9628,2.83,4.47,1.64
1273,336,hard,0.9087,0.8770,0.0317,0.8326,0.7810,0.9818,0.9178,2.88,7.20,4.32
1274,2433,hard,0.6305,0.5990,0.0315,0.4604,0.4276,0.8424,0.8007,8.51,9.19,0.67
1275,3415,hard,0.8624,0.8309,0.0315,0.7581,0.7107,0.8917,0.8583,3.00,3.16,0.16
1276,3107,hard,0.9312,0.8998,0.0314,0.8713,0.8178,0.9452,0.9094,5.83,8.00,2.17
1277,2999,hard,0.8746,0.8432,0.0314,0.7771,0.7289,0.9289,0.8874,3.61,6.70,3.10
1278,2202,hard,0.8535,0.8222,0.0313,0.7445,0.6981,0.9635,0.8833,7.07,14.00,6.93
1279,3112,hard,0.9183,0.8870,0.0313,0.8490,0.7969,0.9343,0.8994,5.85,7.21,1.36
1280,3761,hard,0.0313,0.0000,0.0313,0.0159,0.0000,0.5405,0.4999,23.12,26.68,3.56
1281,1715,hard,0.6636,0.6323,0.0313,0.4965,0.4623,0.7708,0.7480,11.31,12.04,0.73
1282,2916,hard,0.7736,0.7423,0.0313,0.6308,0.5902,0.8231,0.7956,7.07,7.82,0.75
1283,2850,hard,0.9209,0.8897,0.0312,0.8534,0.8013,0.9323,0.9019,5.10,6.00,0.90
1284,2513,hard,0.0312,0.0000,0.0312,0.0159,0.0000,0.5181,0.5000,69.39,138.46,69.07
1285,3183,hard,0.9009,0.8697,0.0311,0.8196,0.7695,0.9221,0.8896,3.61,4.24,0.64
1286,4131,hard,0.8866,0.8555,0.0311,0.7963,0.7475,0.9023,0.8806,7.80,8.19,0.39
1287,2484,hard,0.2612,0.2301,0.0311,0.1502,0.1300,0.6706,0.5898,9.49,13.25,3.76
1288,45,hard,0.9268,0.8957,0.0311,0.8636,0.8111,0.9634,0.9451,1.00,1.00,0.00
1289,3824,hard,0.8086,0.7775,0.0311,0.6787,0.6360,0.8691,0.8417,10.94,15.73,4.78
1290,4179,hard,0.0421,0.0111,0.0310,0.0215,0.0056,0.5216,0.5053,29.51,31.36,1.85
1291,3301,hard,0.6101,0.5791,0.0310,0.4389,0.4075,0.7589,0.7432,9.65,10.64,0.99
1292,3086,hard,0.8490,0.8180,0.0310,0.7376,0.6920,0.8786,0.8510,8.06,9.95,1.89
1293,3094,hard,0.9209,0.8900,0.0309,0.8534,0.8017,0.9316,0.9036,5.00,7.07,2.07
1294,2131,hard,0.8081,0.7772,0.0309,0.6780,0.6356,0.8540,0.8318,2.88,3.32,0.44
1295,2082,hard,0.8428,0.8121,0.0306,0.7283,0.6837,0.9855,0.9855,1.53,2.35,0.82
1296,1785,hard,0.6832,0.6526,0.0305,0.5188,0.4844,0.8194,0.7870,7.21,7.27,0.06
1297,993,hard,0.7760,0.7455,0.0305,0.6340,0.5942,0.9520,0.8418,4.47,6.32,1.85
1298,1148,hard,0.8945,0.8640,0.0304,0.8091,0.7606,0.9185,0.8934,2.00,2.00,0.00
1299,4441,hard,0.8776,0.8472,0.0304,0.7819,0.7349,0.9145,0.8798,13.03,17.26,4.23
1300,727,hard,0.6846,0.6542,0.0304,0.5204,0.4861,0.9578,0.9189,6.32,6.09,-0.23
1301,317,hard,0.8290,0.7987,0.0303,0.7080,0.6649,0.9162,0.8756,7.50,10.11,2.61
1302,24,hard,0.8920,0.8618,0.0302,0.8051,0.7572,0.9143,0.8858,10.18,12.04,1.86
1303,3045,hard,0.7840,0.7538,0.0302,0.6448,0.6049,0.8427,0.8120,10.20,12.06,1.86
1304,2236,hard,0.0302,0.0000,0.0302,0.0153,0.0000,0.5450,0.4997,20.52,31.14,10.63
1305,2511,hard,0.0302,0.0000,0.0302,0.0153,0.0000,0.5180,0.5000,70.24,138.46,68.22
1306,1962,hard,0.2511,0.2209,0.0302,0.1436,0.1242,0.5726,0.5626,22.60,30.76,8.16
1307,3189,hard,0.9163,0.8862,0.0301,0.8456,0.7957,0.9289,0.9014,3.61,4.24,0.64
1308,26,hard,0.9383,0.9083,0.0300,0.8838,0.8321,0.9582,0.9212,2.00,4.46,2.46
1309,3102,hard,0.9189,0.8890,0.0299,0.8500,0.8002,0.9276,0.9009,7.00,9.48,2.48
1310,115,hard,0.4220,0.3922,0.0299,0.2674,0.2439,0.7090,0.6818,4.00,3.94,-0.06
1311,1111,hard,0.7763,0.7464,0.0298,0.6343,0.5954,0.8244,0.7977,3.66,3.70,0.04
1312,2177,hard,0.1285,0.0986,0.0298,0.0686,0.0519,0.7202,0.6590,25.34,23.87,-1.47
1313,2813,hard,0.9005,0.8708,0.0297,0.8191,0.7712,0.9121,0.8867,5.83,7.07,1.24
1314,436,hard,0.9421,0.9124,0.0297,0.8906,0.8389,0.9840,0.9692,1.41,3.00,1.59
1315,258,hard,0.7649,0.7353,0.0295,0.6193,0.5814,0.9811,0.9684,5.00,197.81,192.81
1316,2288,hard,0.4620,0.4325,0.0295,0.3004,0.2759,0.6888,0.6697,29.12,36.29,7.17
1317,3277,hard,0.2806,0.2512,0.0294,0.1632,0.1436,0.6005,0.5846,20.32,21.15,0.83
1318,2476,hard,0.8553,0.8259,0.0294,0.7472,0.7034,0.8781,0.8551,7.01,9.00,1.99
1319,4346,hard,0.8773,0.8480,0.0294,0.7815,0.7361,0.9208,0.8948,7.59,7.21,-0.38
1320,3398,hard,0.8943,0.8650,0.0293,0.8088,0.7621,0.9104,0.8825,2.09,2.56,0.47
1321,1092,hard,0.6635,0.6341,0.0293,0.4964,0.4643,0.7899,0.7731,9.70,10.06,0.37
1322,3100,hard,0.9270,0.8978,0.0292,0.8640,0.8146,0.9343,0.9086,5.66,7.07,1.41
1323,2179,hard,0.1337,0.1046,0.0291,0.0717,0.0552,0.7442,0.6793,25.00,23.05,-1.95
1324,25,hard,0.9167,0.8876,0.0291,0.8463,0.7979,0.9398,0.9086,3.61,5.95,2.34
1325,2861,hard,0.9347,0.9056,0.0291,0.8775,0.8275,0.9524,0.9170,3.16,4.17,1.01
1326,963,hard,0.9442,0.9152,0.0290,0.8944,0.8437,0.9790,0.9309,2.00,5.00,3.00
1327,3706,hard,0.7442,0.7152,0.0290,0.5926,0.5566,0.9969,0.9997,3.00,3.00,0.00
1328,3891,hard,0.6131,0.5841,0.0290,0.4420,0.4125,0.7438,0.7245,35.98,37.42,1.44
1329,4071,hard,0.6903,0.6613,0.0290,0.5271,0.4940,0.8941,0.8624,6.23,6.02,-0.21
1330,4345,hard,0.0289,0.0000,0.0289,0.0147,0.0000,0.6310,0.5000,20.43,73.61,53.18
1331,220,hard,0.9230,0.8941,0.0289,0.8569,0.8084,0.9421,0.9079,2.83,3.61,0.78
1332,4335,hard,0.0288,0.0000,0.0288,0.0146,0.0000,0.5996,0.5000,20.67,75.48,54.81
1333,2471,hard,0.8915,0.8627,0.0288,0.8043,0.7585,0.9026,0.8795,5.05,5.77,0.72
1334,1950,hard,0.4581,0.4293,0.0288,0.2971,0.2733,0.6486,0.6367,24.15,24.39,0.24
1335,1121,hard,0.7802,0.7514,0.0288,0.6396,0.6018,0.8242,0.8036,3.81,4.06,0.24
1336,2849,hard,0.9245,0.8958,0.0288,0.8597,0.8112,0.9372,0.9073,5.00,5.14,0.14
1337,2309,hard,0.8757,0.8471,0.0286,0.7789,0.7348,0.8948,0.8709,5.97,5.86,-0.10
1338,1684,hard,0.8333,0.8048,0.0286,0.7143,0.6733,0.8900,0.8581,3.38,3.45,0.07
1339,231,hard,0.6756,0.6471,0.0285,0.5102,0.4783,0.9898,0.9956,5.00,5.66,0.66
1340,3178,hard,0.9164,0.8879,0.0285,0.8456,0.7983,0.9233,0.8996,3.61,4.47,0.87
1341,1675,hard,0.8865,0.8581,0.0284,0.7962,0.7514,0.9757,0.9550,3.47,3.61,0.13
1342,3396,hard,0.8373,0.8089,0.0284,0.7201,0.6791,0.8601,0.8396,3.00,3.00,0.00
1343,1792,hard,0.6586,0.6303,0.0284,0.4910,0.4601,0.7992,0.7737,8.13,8.22,0.09
1344,1673,hard,0.9055,0.8772,0.0283,0.8274,0.7812,0.9552,0.9638,2.24,3.00,0.76
1345,1,hard,0.9330,0.9047,0.0283,0.8744,0.8260,0.9520,0.9181,2.83,4.45,1.62
1346,3454,hard,0.7430,0.7148,0.0283,0.5911,0.5561,0.9476,0.8880,6.17,5.08,-1.08
1347,253,hard,0.8383,0.8100,0.0283,0.7216,0.6807,0.9523,0.9732,2.17,2.83,0.66
1348,3,hard,0.9444,0.9162,0.0282,0.8947,0.8453,0.9574,0.9260,2.24,3.61,1.37
1349,4374,hard,0.8879,0.8597,0.0282,0.7984,0.7539,0.9098,0.8820,11.27,12.14,0.87
1350,2851,hard,0.9166,0.8884,0.0282,0.8460,0.7991,0.9286,0.9008,5.30,6.00,0.70
1351,2475,hard,0.8262,0.7980,0.0282,0.7039,0.6639,0.8522,0.8322,7.86,9.07,1.21
1352,3153,hard,0.7743,0.7461,0.0282,0.6317,0.5951,0.8395,0.8097,8.69,10.00,1.31
1353,477,hard,0.8071,0.7789,0.0281,0.6765,0.6379,0.8871,0.8542,4.63,5.61,0.98
1354,3724,hard,0.4358,0.4076,0.0281,0.2786,0.2560,0.9236,0.8475,5.00,5.00,0.00
1355,1139,hard,0.8146,0.7866,0.0281,0.6873,0.6482,0.8603,0.8320,7.02,7.16,0.13
1356,3466,hard,0.8299,0.8019,0.0281,0.7093,0.6693,0.8609,0.8354,5.00,5.00,0.00
1357,4256,hard,0.6395,0.6115,0.0280,0.4700,0.4404,0.7641,0.7552,19.00,24.67,5.67
1358,14,hard,0.8648,0.8368,0.0280,0.7618,0.7194,0.9112,0.8979,4.47,4.78,0.31
1359,417,hard,0.8999,0.8720,0.0279,0.8181,0.7731,0.9215,0.8954,4.39,5.00,0.61
1360,1978,hard,0.4157,0.3879,0.0279,0.2624,0.2406,0.6445,0.6250,21.94,21.95,0.00
1361,4388,hard,0.0861,0.0583,0.0278,0.0450,0.0300,0.5559,0.5321,26.43,25.36,-1.07
1362,1488,hard,0.9024,0.8746,0.0278,0.8221,0.7771,0.9297,0.9014,4.24,5.00,0.76
1363,1745,hard,0.7636,0.7358,0.0278,0.6176,0.5821,0.8198,0.7969,4.32,4.17,-0.15
1364,715,hard,0.9496,0.9218,0.0278,0.9040,0.8550,0.9680,0.9380,1.41,3.00,1.59
1365,1170,hard,0.8977,0.8700,0.0278,0.8144,0.7699,0.9147,0.8888,8.06,8.55,0.49
1366,1272,hard,0.8099,0.7822,0.0277,0.6805,0.6423,0.8686,0.8482,13.30,14.91,1.61
1367,442,hard,0.9074,0.8797,0.0277,0.8304,0.7852,0.9659,0.9574,3.61,4.04,0.44
1368,2759,hard,0.5213,0.4938,0.0276,0.3526,0.3278,0.6763,0.6639,12.73,12.73,0.00
1369,3822,hard,0.8350,0.8075,0.0275,0.7168,0.6771,0.9358,0.8962,7.82,10.63,2.81
1370,1805,hard,0.7889,0.7614,0.0275,0.6514,0.6147,0.8318,0.8131,7.32,7.04,-0.28
1371,286,hard,0.7901,0.7626,0.0275,0.6530,0.6162,0.8888,0.8710,6.79,7.74,0.95
1372,23,hard,0.8615,0.8340,0.0275,0.7567,0.7153,0.8951,0.8692,10.76,12.76,2.00
1373,1168,hard,0.9041,0.8766,0.0275,0.8250,0.7803,0.9205,0.8922,6.13,6.63,0.50
1374,666,hard,0.8781,0.8506,0.0275,0.7826,0.7400,0.9170,0.8850,7.28,8.64,1.36
1375,3633,hard,0.6539,0.6264,0.0275,0.4858,0.4561,0.8446,0.7310,25.31,17.36,-7.95
1376,4442,hard,0.8816,0.8542,0.0274,0.7882,0.7454,0.9184,0.8872,13.23,17.03,3.80
1377,2446,hard,0.8308,0.8034,0.0274,0.7106,0.6714,0.8717,0.8490,10.00,10.63,0.63
1378,3609,hard,0.8762,0.8488,0.0274,0.7797,0.7373,0.8983,0.8766,2.00,3.61,1.61
1379,3336,hard,0.8321,0.8047,0.0274,0.7124,0.6732,0.8901,0.8687,3.00,4.12,1.12
1380,3098,hard,0.9201,0.8927,0.0274,0.8520,0.8063,0.9275,0.9039,5.83,7.21,1.38
1381,3096,hard,0.9087,0.8814,0.0273,0.8327,0.7879,0.9173,0.8947,6.00,7.64,1.64
1382,1671,hard,0.8926,0.8653,0.0273,0.8060,0.7626,0.9432,0.9431,2.83,3.11,0.28
1383,1592,hard,0.8610,0.8338,0.0273,0.7560,0.7149,0.9747,0.9796,2.24,3.16,0.93
1384,4348,hard,0.8907,0.8634,0.0272,0.8029,0.7597,0.9413,0.9035,6.72,7.62,0.89
1385,61,hard,0.9542,0.9270,0.0271,0.9124,0.8640,0.9617,0.9355,1.00,1.44,0.44
1386,3443,hard,0.7080,0.6810,0.0270,0.5480,0.5163,0.7820,0.7761,5.66,6.28,0.62
1387,3986,hard,0.7812,0.7542,0.0270,0.6409,0.6054,0.8205,0.8037,4.10,4.10,0.01
1388,319,hard,0.8357,0.8087,0.0270,0.7177,0.6788,0.9411,0.8998,4.31,5.39,1.07
1389,3518,hard,0.8968,0.8699,0.0269,0.8129,0.7697,0.9145,0.8849,1.08,1.41,0.33
1390,841,hard,0.7418,0.7149,0.0269,0.5895,0.5562,0.8532,0.7922,8.25,10.20,1.95
1391,2914,hard,0.7352,0.7084,0.0268,0.5813,0.5484,0.7922,0.7756,7.62,7.99,0.37
1392,3816,hard,0.8593,0.8325,0.0268,0.7534,0.7130,0.9440,0.8913,7.07,9.10,2.02
1393,1123,hard,0.7885,0.7617,0.0268,0.6508,0.6151,0.8267,0.8088,3.21,4.04,0.83
1394,3937,hard,0.8780,0.8514,0.0266,0.7826,0.7413,0.9820,0.9731,1.41,2.00,0.59
1395,1415,hard,0.8195,0.7929,0.0266,0.6942,0.6569,0.8648,0.8418,2.24,3.16,0.93
1396,2667,hard,0.8430,0.8164,0.0266,0.7286,0.6898,0.8736,0.8462,45.51,45.69,0.18
1397,109,hard,0.8883,0.8618,0.0265,0.7991,0.7571,0.9755,0.9763,11.66,10.76,-0.90
1398,3512,hard,0.7461,0.7196,0.0265,0.5950,0.5620,0.7975,0.7810,2.24,2.84,0.60
1399,3848,hard,0.7491,0.7226,0.0265,0.5989,0.5657,0.9997,0.9904,79.41,79.47,0.06
1400,3647,hard,0.6631,0.6366,0.0265,0.4960,0.4669,0.8413,0.7369,20.62,11.18,-9.44
1401,3611,hard,0.9139,0.8874,0.0265,0.8415,0.7976,0.9480,0.9350,1.41,2.24,0.82
1402,3950,hard,0.8712,0.8447,0.0265,0.7717,0.7312,0.9809,0.9862,3.21,4.47,1.27
1403,1152,hard,0.8782,0.8517,0.0264,0.7828,0.7418,0.8924,0.8709,2.24,3.00,0.76
1404,389,hard,0.8311,0.8047,0.0264,0.7110,0.6732,0.8724,0.8546,5.40,6.03,0.63
1405,2187,hard,0.7259,0.6996,0.0263,0.5698,0.5380,0.9317,0.9163,8.76,12.64,3.88
1406,3451,hard,0.8202,0.7938,0.0263,0.6952,0.6582,0.8476,0.8449,2.50,4.15,1.64
1407,48,hard,0.9534,0.9271,0.0263,0.9109,0.8641,0.9946,0.9785,1.00,1.00,0.00
1408,4446,hard,0.8819,0.8557,0.0263,0.7888,0.7477,0.9292,0.8954,7.25,12.73,5.48
1409,1641,hard,0.8737,0.8475,0.0263,0.7758,0.7353,0.9961,0.9844,1.41,1.94,0.53
1410,3582,hard,0.8007,0.7744,0.0263,0.6676,0.6319,0.9998,0.9936,4.24,5.00,0.76
1411,779,hard,0.6781,0.6519,0.0263,0.5130,0.4835,0.9535,0.9274,7.71,9.60,1.89
1412,92,hard,0.8674,0.8412,0.0262,0.7659,0.7260,0.8963,0.8765,5.83,6.40,0.57
1413,1433,hard,0.8446,0.8185,0.0261,0.7311,0.6928,0.9020,0.9415,2.83,10.54,7.71
1414,3656,hard,0.5846,0.5586,0.0260,0.4130,0.3875,0.7669,0.6955,24.73,34.13,9.40
1415,3519,hard,0.8873,0.8613,0.0260,0.7975,0.7564,0.9118,0.8856,1.41,2.24,0.82
1416,4324,hard,0.0260,0.0000,0.0260,0.0132,0.0000,0.5513,0.5000,11.70,70.71,59.01
1417,1507,hard,0.9022,0.8762,0.0260,0.8218,0.7797,0.9655,0.9544,3.16,4.23,1.07
1418,94,hard,0.8843,0.8584,0.0259,0.7926,0.7519,0.9087,0.8907,5.92,5.41,-0.50
1419,2997,hard,0.8242,0.7983,0.0259,0.7009,0.6642,0.8856,0.8541,6.40,7.25,0.85
1420,496,hard,0.9341,0.9082,0.0259,0.8763,0.8318,0.9660,0.9521,2.00,3.00,1.00
1421,3948,hard,0.8730,0.8471,0.0259,0.7746,0.7348,0.9795,0.9916,3.07,4.16,1.09
1422,1086,hard,0.8540,0.8282,0.0258,0.7452,0.7068,0.9236,0.9077,4.00,4.12,0.12
1423,3811,hard,0.8811,0.8553,0.0258,0.7875,0.7472,0.9696,0.9248,4.18,5.00,0.82
1424,1417,hard,0.6977,0.6719,0.0257,0.5357,0.5060,0.8040,0.7871,4.89,5.79,0.89
1425,3405,hard,0.9396,0.9139,0.0257,0.8861,0.8414,0.9560,0.9234,1.82,2.00,0.18
1426,3954,hard,0.9207,0.8950,0.0257,0.8530,0.8100,0.9923,0.9908,2.00,2.24,0.24
1427,229,hard,0.7834,0.7578,0.0256,0.6439,0.6100,0.9882,0.9895,2.83,4.50,1.67
1428,4340,hard,0.8571,0.8316,0.0255,0.7500,0.7118,0.9254,0.9006,8.01,7.44,-0.57
1429,4101,hard,0.8172,0.7918,0.0254,0.6910,0.6554,0.8747,0.9519,7.00,4.92,-2.08
1430,1548,hard,0.9105,0.8851,0.0254,0.8357,0.7939,0.9705,0.9694,2.17,3.00,0.83
1431,565,hard,0.9128,0.8874,0.0253,0.8395,0.7976,0.9755,0.9685,1.00,1.00,0.00
1432,1117,hard,0.8327,0.8074,0.0253,0.7134,0.6770,0.8633,0.8385,2.24,2.24,0.00
1433,657,hard,0.8650,0.8397,0.0253,0.7622,0.7237,0.9108,0.8835,4.43,7.45,3.02
1434,3994,hard,0.7571,0.7318,0.0253,0.6091,0.5770,0.8066,0.7885,4.24,4.47,0.23
1435,1136,hard,0.8446,0.8193,0.0253,0.7310,0.6939,0.8834,0.8512,2.24,3.00,0.76
1436,688,hard,0.8589,0.8336,0.0253,0.7526,0.7147,0.8961,0.8781,3.00,4.00,1.00
1437,302,hard,0.8538,0.8286,0.0253,0.7450,0.7073,0.9117,0.9116,6.71,6.08,-0.63
1438,3106,hard,0.9251,0.8998,0.0253,0.8606,0.8179,0.9412,0.9095,6.05,8.49,2.44
1439,2509,hard,0.0252,0.0000,0.0252,0.0128,0.0000,0.5146,0.5000,71.10,138.46,67.36
1440,1613,hard,0.9251,0.8998,0.0252,0.8606,0.8179,0.9352,0.9149,2.00,2.96,0.96
1441,2587,hard,0.8512,0.8260,0.0252,0.7410,0.7036,0.8707,0.8520,12.53,16.89,4.36
1442,3823,hard,0.8161,0.7909,0.0252,0.6893,0.6541,0.9012,0.8690,9.39,12.73,3.34
1443,3895,hard,0.4657,0.4405,0.0252,0.3035,0.2825,0.6786,0.6567,39.14,40.17,1.03
1444,4165,hard,0.8247,0.7996,0.0251,0.7018,0.6661,0.8543,0.8341,8.80,8.86,0.06
1445,1586,hard,0.8861,0.8611,0.0251,0.7955,0.7560,0.9542,0.9340,2.12,2.24,0.12
1446,2860,hard,0.9426,0.9175,0.0251,0.8914,0.8476,0.9660,0.9285,3.00,4.00,1.00
1447,3988,hard,0.7911,0.7660,0.0250,0.6544,0.6208,0.8272,0.8104,3.61,3.92,0.32
1448,596,hard,0.8814,0.8564,0.0250,0.7880,0.7489,0.9697,0.9669,1.50,2.00,0.50
1449,34,hard,0.6736,0.6486,0.0250,0.5079,0.4800,0.7698,0.7510,5.00,5.02,0.02
1450,3452,hard,0.7882,0.7632,0.0250,0.6504,0.6171,0.8930,0.8662,4.37,4.24,-0.12
1451,4264,hard,0.9304,0.9055,0.0249,0.8699,0.8274,0.9702,0.9311,2.24,3.15,0.92
1452,1494,hard,0.9433,0.9185,0.0248,0.8927,0.8493,0.9513,0.9270,2.83,3.76,0.93
1453,511,hard,0.7937,0.7690,0.0247,0.6580,0.6246,0.8546,0.8406,12.81,14.14,1.34
1454,4058,hard,0.2158,0.1911,0.0247,0.1210,0.1056,0.6921,0.6921,37.43,37.41,-0.02
1455,3664,hard,0.6388,0.6140,0.0247,0.4693,0.4430,0.8390,0.7253,24.86,17.99,-6.87
1456,1412,hard,0.8306,0.8059,0.0247,0.7103,0.6749,0.8838,0.8460,3.00,3.88,0.88
1457,1511,hard,0.9482,0.9236,0.0246,0.9016,0.8580,0.9800,0.9625,1.00,1.41,0.41
1458,3893,hard,0.4463,0.4217,0.0246,0.2872,0.2672,0.7004,0.6943,36.60,37.22,0.62
1459,365,hard,0.9204,0.8959,0.0245,0.8526,0.8114,0.9923,0.9225,2.83,5.39,2.56
1460,2566,hard,0.8414,0.8169,0.0245,0.7262,0.6904,0.8893,0.8622,12.67,14.34,1.67
1461,100,hard,0.9076,0.8831,0.0245,0.8308,0.7907,0.9298,0.9024,4.35,4.12,-0.23
1462,4158,hard,0.8733,0.8489,0.0245,0.7751,0.7374,0.8876,0.8687,6.18,7.00,0.82
1463,1546,hard,0.8516,0.8272,0.0245,0.7416,0.7053,0.9291,0.9097,3.71,5.00,1.29
1464,323,hard,0.8433,0.8190,0.0242,0.7290,0.6935,0.9570,0.9340,3.16,3.92,0.76
1465,3291,hard,0.3878,0.3636,0.0242,0.2406,0.2222,0.8693,0.8331,7.68,7.95,0.27
1466,3488,hard,0.9423,0.9181,0.0242,0.8910,0.8487,0.9728,0.9389,2.97,6.40,3.44
1467,226,hard,0.9287,0.9045,0.0242,0.8669,0.8257,0.9448,0.9218,2.65,3.00,0.35
1468,218,hard,0.8938,0.8697,0.0242,0.8080,0.7694,0.9279,0.9038,2.18,3.16,0.99
1469,2089,hard,0.2411,0.2169,0.0241,0.1370,0.1217,0.9981,0.9979,11.00,12.04,1.04
1470,494,hard,0.9191,0.8950,0.0241,0.8502,0.8099,0.9460,0.9343,7.19,7.62,0.43
1471,1310,hard,0.8622,0.8382,0.0241,0.7578,0.7214,0.9092,0.8784,4.03,5.04,1.01
1472,1103,hard,0.8317,0.8077,0.0240,0.7119,0.6774,0.9175,0.8877,5.09,9.01,3.92
1473,1133,hard,0.7509,0.7269,0.0240,0.6012,0.5710,0.8114,0.7949,5.86,6.53,0.67
1474,182,hard,0.8787,0.8547,0.0240,0.7836,0.7463,0.8988,0.8765,2.24,2.87,0.63
1475,12,hard,0.8260,0.8021,0.0239,0.7036,0.6696,0.9270,0.9202,4.36,4.74,0.38
1476,2586,hard,0.8569,0.8330,0.0239,0.7497,0.7138,0.8758,0.8577,12.90,16.95,4.05
1477,4443,hard,0.8817,0.8578,0.0239,0.7885,0.7511,0.9176,0.8929,13.89,16.26,2.37
1478,3806,hard,0.8693,0.8455,0.0239,0.7689,0.7323,0.9899,0.9719,6.34,5.47,-0.87
1479,2618,hard,0.4671,0.4434,0.0237,0.3047,0.2848,0.6525,0.6426,18.03,18.08,0.05
1480,506,hard,0.8565,0.8327,0.0237,0.7490,0.7134,0.9019,0.8908,7.26,9.15,1.89
1481,2856,hard,0.9265,0.9028,0.0237,0.8631,0.8229,0.9413,0.9166,5.00,6.03,1.03
1482,224,hard,0.9284,0.9048,0.0236,0.8664,0.8261,0.9404,0.9189,2.83,3.16,0.33
1483,2588,hard,0.8469,0.8233,0.0236,0.7345,0.6997,0.8672,0.8499,12.15,16.19,4.03
1484,18,hard,0.8900,0.8665,0.0235,0.8018,0.7644,0.9184,0.9155,4.24,4.00,-0.24
1485,822,hard,0.7539,0.7304,0.0235,0.6051,0.5753,0.8253,0.8055,13.25,17.54,4.29
1486,1125,hard,0.7652,0.7417,0.0235,0.6197,0.5894,0.8139,0.7957,5.72,5.73,0.01
1487,4270,hard,0.9459,0.9224,0.0235,0.8974,0.8560,0.9589,0.9361,5.00,6.00,1.00
1488,186,hard,0.8736,0.8501,0.0235,0.7756,0.7393,0.8878,0.8696,3.00,3.11,0.11
1489,4470,hard,0.7670,0.7435,0.0235,0.6221,0.5917,0.8265,0.8093,18.90,20.23,1.32
1490,438,hard,0.9402,0.9168,0.0234,0.8872,0.8463,0.9722,0.9604,1.41,2.24,0.82
1491,3969,hard,0.4276,0.4042,0.0234,0.2720,0.2533,0.9995,0.9843,17.01,18.09,1.08
1492,821,hard,0.8439,0.8205,0.0234,0.7299,0.6956,0.9468,0.9245,3.61,4.02,0.41
1493,2656,hard,0.7094,0.6860,0.0234,0.5497,0.5221,0.7796,0.7628,33.60,33.60,0.00
1494,1254,hard,0.8536,0.8302,0.0234,0.7445,0.7097,0.8926,0.8750,8.82,10.13,1.30
1495,97,hard,0.8668,0.8434,0.0233,0.7648,0.7292,0.9141,0.8948,9.49,7.00,-2.49
1496,1177,hard,0.9119,0.8887,0.0232,0.8381,0.7997,0.9327,0.9044,2.24,4.12,1.89
1497,670,hard,0.8634,0.8402,0.0232,0.7597,0.7245,0.9073,0.8807,8.51,9.85,1.34
1498,1184,hard,0.8832,0.8602,0.0230,0.7908,0.7547,0.9249,0.8960,6.78,8.94,2.16
1499,1880,hard,0.1518,0.1289,0.0229,0.0822,0.0689,0.5474,0.5420,48.63,82.89,34.26
1500,2461,hard,0.9037,0.8808,0.0229,0.8243,0.7870,0.9141,0.8942,8.82,9.22,0.40
1501,1972,hard,0.3649,0.3420,0.0229,0.2232,0.2063,0.6220,0.6080,26.18,26.19,0.02
1502,3084,hard,0.8280,0.8051,0.0229,0.7064,0.6737,0.8611,0.8404,8.59,10.27,1.68
1503,1124,hard,0.7172,0.6943,0.0229,0.5591,0.5317,0.7817,0.7659,5.05,5.05,0.00
1504,2585,hard,0.8549,0.8321,0.0228,0.7465,0.7124,0.8733,0.8562,9.46,13.00,3.54
1505,311,hard,0.8650,0.8424,0.0226,0.7621,0.7277,0.9382,0.9171,6.83,9.21,2.38
1506,1190,medium,0.9225,0.9000,0.0225,0.8562,0.8182,0.9612,0.9436,1.00,1.37,0.37
1507,185,medium,0.8770,0.8545,0.0225,0.7810,0.7460,0.8955,0.8730,2.24,2.98,0.75
1508,2362,medium,0.2364,0.2139,0.0225,0.1340,0.1197,0.7187,0.7074,10.03,9.06,-0.98
1509,4366,medium,0.9059,0.8834,0.0225,0.8279,0.7911,0.9193,0.8993,7.62,8.52,0.90
1510,2237,medium,0.0224,0.0000,0.0224,0.0113,0.0000,0.5337,0.4997,20.56,32.14,11.58
1511,127,medium,0.9224,0.9000,0.0224,0.8560,0.8182,0.9557,0.9380,1.00,1.41,0.41
1512,4349,medium,0.0223,0.0000,0.0223,0.0113,0.0000,0.5903,0.5000,17.39,72.20,54.81
1513,2175,medium,0.0645,0.0422,0.0223,0.0333,0.0216,0.5816,0.5519,25.84,25.50,-0.34
1514,819,medium,0.8105,0.7882,0.0222,0.6813,0.6505,0.9624,0.9559,2.24,3.45,1.21
1515,4459,medium,0.8334,0.8112,0.0222,0.7144,0.6824,0.8864,0.8647,13.45,15.00,1.55
1516,2460,medium,0.9074,0.8853,0.0222,0.8306,0.7941,0.9169,0.8982,8.80,9.44,0.64
1517,3412,medium,0.9215,0.8994,0.0222,0.8545,0.8172,0.9361,0.9116,2.00,2.24,0.24
1518,2904,medium,0.6625,0.6404,0.0222,0.4954,0.4710,0.7500,0.7371,9.22,10.00,0.78
1519,3214,medium,0.0221,0.0000,0.0221,0.0112,0.0000,0.8170,0.4989,113.89,114.06,0.17
1520,4079,medium,0.8436,0.8215,0.0221,0.7294,0.6970,0.9119,0.9021,6.08,7.40,1.31
1521,1340,medium,0.7250,0.7029,0.0221,0.5686,0.5419,0.7862,0.7763,13.77,13.42,-0.35
1522,4440,medium,0.8936,0.8716,0.0220,0.8076,0.7723,0.9369,0.9030,13.99,19.33,5.34
1523,129,medium,0.9343,0.9123,0.0220,0.8767,0.8387,0.9517,0.9282,1.41,2.17,0.75
1524,2645,medium,0.0220,0.0000,0.0220,0.0111,0.0000,0.5311,0.4993,51.14,77.27,26.13
1525,843,medium,0.7695,0.7475,0.0220,0.6254,0.5968,0.8521,0.8218,9.00,9.58,0.58
1526,3790,medium,0.7347,0.7127,0.0220,0.5806,0.5537,0.9273,0.8872,8.94,9.85,0.90
1527,3501,medium,0.8557,0.8337,0.0220,0.7478,0.7149,0.8872,0.8855,11.05,13.12,2.07
1528,498,medium,0.9434,0.9214,0.0220,0.8928,0.8543,0.9844,0.9704,1.00,1.41,0.41
1529,1277,medium,0.8660,0.8441,0.0219,0.7637,0.7302,0.8929,0.8749,5.00,5.43,0.43
1530,420,medium,0.9355,0.9136,0.0219,0.8788,0.8409,0.9543,0.9284,4.00,4.09,0.09
1531,2331,medium,0.0219,0.0000,0.0219,0.0110,0.0000,0.5070,0.5000,59.31,57.11,-2.20
1532,3312,medium,0.7628,0.7410,0.0218,0.6166,0.5885,0.8165,0.8005,5.09,5.09,0.00
1533,1001,medium,0.8438,0.8219,0.0218,0.7297,0.6977,0.8961,0.8724,5.00,6.08,1.08
1534,2330,medium,0.0218,0.0000,0.0218,0.0110,0.0000,0.5070,0.5000,59.43,57.11,-2.33
1535,300,medium,0.8375,0.8158,0.0218,0.7205,0.6888,0.9345,0.9179,4.00,4.02,0.02
1536,2902,medium,0.6707,0.6490,0.0217,0.5046,0.4804,0.7570,0.7430,9.22,9.92,0.70
1537,3587,medium,0.6519,0.6301,0.0217,0.4835,0.4600,0.9724,0.8414,7.94,5.59,-2.35
1538,1519,medium,0.9299,0.9082,0.0217,0.8690,0.8318,0.9457,0.9316,2.24,2.19,-0.05
1539,1975,medium,0.4825,0.4608,0.0216,0.3179,0.2994,0.6656,0.6506,21.93,21.93,0.00
1540,2045,medium,0.8974,0.8758,0.0216,0.8140,0.7791,0.9321,0.9136,1.00,1.00,0.00
1541,3400,medium,0.7712,0.7496,0.0216,0.6276,0.5995,0.8138,0.7997,6.40,6.40,0.00
1542,3815,medium,0.8671,0.8456,0.0215,0.7654,0.7325,0.9479,0.8974,5.50,6.62,1.12
1543,3406,medium,0.8850,0.8636,0.0214,0.7937,0.7599,0.9171,0.8916,3.61,4.14,0.53
1544,2004,medium,0.8351,0.8137,0.0214,0.7169,0.6860,0.9436,0.8938,3.61,6.06,2.46
1545,1894,medium,0.8078,0.7864,0.0214,0.6775,0.6480,0.8876,0.8424,68.29,10.00,-58.29
1546,49,medium,0.9444,0.9231,0.0214,0.8947,0.8571,0.9766,0.9486,1.00,1.00,0.00
1547,1166,medium,0.8660,0.8447,0.0214,0.7637,0.7311,0.9136,0.8938,8.88,9.65,0.77
1548,2660,medium,0.7190,0.6977,0.0213,0.5613,0.5357,0.7857,0.7707,29.05,29.68,0.63
1549,2332,medium,0.0213,0.0000,0.0213,0.0108,0.0000,0.5069,0.5000,58.00,57.11,-0.89
1550,3889,medium,0.6200,0.5987,0.0213,0.4493,0.4272,0.7507,0.7323,35.22,36.03,0.81
1551,3450,medium,0.8176,0.7963,0.0213,0.6915,0.6615,0.8476,0.8449,2.12,4.32,2.20
1552,3801,medium,0.8357,0.8144,0.0213,0.7178,0.6870,0.9629,0.9311,5.81,4.12,-1.69
1553,1534,medium,0.8703,0.8490,0.0213,0.7703,0.7376,0.9447,0.9353,3.21,5.37,2.16
1554,4347,medium,0.0213,0.0000,0.0213,0.0108,0.0000,0.6046,0.5000,20.52,73.61,53.09
1555,3210,medium,0.0213,0.0000,0.0213,0.0108,0.0000,0.7717,0.4990,114.13,114.22,0.09
1556,6,medium,0.8136,0.7923,0.0212,0.6857,0.6561,0.9799,0.9832,1.41,2.00,0.59
1557,384,medium,0.9053,0.8842,0.0211,0.8270,0.7924,0.9223,0.9046,2.00,2.86,0.86
1558,1553,medium,0.9172,0.8961,0.0211,0.8471,0.8118,0.9444,0.9259,1.00,1.00,0.00
1559,3992,medium,0.7207,0.6996,0.0211,0.5634,0.5380,0.7825,0.7698,5.00,5.00,0.00
1560,3777,medium,0.7639,0.7429,0.0210,0.6180,0.5909,0.9701,0.9467,8.07,10.20,2.13
1561,2427,medium,0.3836,0.3627,0.0210,0.2374,0.2215,0.7647,0.7191,8.94,11.54,2.59
1562,1038,medium,0.9047,0.8837,0.0210,0.8259,0.7916,0.9304,0.9131,4.12,4.55,0.43
1563,1383,medium,0.9414,0.9204,0.0210,0.8892,0.8526,0.9621,0.9375,1.00,1.41,0.41
1564,178,medium,0.8797,0.8588,0.0209,0.7852,0.7525,0.9076,0.8867,3.10,3.61,0.51
1565,3800,medium,0.8358,0.8149,0.0209,0.7179,0.6876,0.9593,0.9245,5.00,3.61,-1.39
1566,3497,medium,0.9216,0.9007,0.0209,0.8546,0.8194,0.9627,0.9505,5.83,5.00,-0.83
1567,67,medium,0.8936,0.8727,0.0209,0.8077,0.7742,0.9172,0.8973,2.00,2.00,0.00
1568,1418,medium,0.6818,0.6609,0.0209,0.5172,0.4936,0.8981,0.8406,2.86,5.10,2.24
1569,1059,medium,0.8986,0.8777,0.0209,0.8158,0.7821,0.9769,0.9692,1.00,1.00,0.00
1570,2267,medium,0.8632,0.8424,0.0209,0.7594,0.7277,0.8797,0.8638,19.68,20.45,0.77
1571,3186,medium,0.8853,0.8645,0.0208,0.7943,0.7613,0.8971,0.8807,5.00,5.39,0.39
1572,2046,medium,0.8742,0.8533,0.0208,0.7765,0.7442,0.9074,0.8951,1.41,1.41,0.00
1573,1354,medium,0.9140,0.8931,0.0208,0.8416,0.8069,0.9314,0.9187,3.61,5.32,1.71
1574,4445,medium,0.8817,0.8609,0.0208,0.7884,0.7557,0.9263,0.9001,7.81,12.83,5.02
1575,2617,medium,0.4692,0.4484,0.0208,0.3065,0.2890,0.6536,0.6447,17.72,18.25,0.53
1576,1130,medium,0.7887,0.7680,0.0207,0.6512,0.6234,0.8733,0.8200,2.00,2.24,0.24
1577,301,medium,0.9378,0.9170,0.0207,0.8828,0.8468,0.9776,0.9858,2.00,2.98,0.98
1578,474,medium,0.8870,0.8663,0.0207,0.7969,0.7641,0.9275,0.9006,2.83,3.63,0.80
1579,3612,medium,0.9148,0.8941,0.0207,0.8429,0.8084,0.9340,0.9109,1.00,1.85,0.85
1580,824,medium,0.8441,0.8234,0.0207,0.7303,0.6998,0.9003,0.8770,7.69,9.96,2.27
1581,180,medium,0.8925,0.8718,0.0207,0.8058,0.7727,0.9122,0.8940,1.41,2.00,0.59
1582,707,medium,0.9406,0.9200,0.0206,0.8878,0.8518,0.9599,0.9364,3.00,4.04,1.04
1583,810,medium,0.7733,0.7528,0.0206,0.6305,0.6036,0.8674,0.8262,8.25,8.25,0.00
1584,2290,medium,0.4352,0.4147,0.0205,0.2781,0.2616,0.6738,0.6680,36.24,36.28,0.04
1585,3595,medium,0.8580,0.8375,0.0205,0.7513,0.7204,0.9905,0.9836,3.61,4.12,0.52
1586,1783,medium,0.6872,0.6667,0.0205,0.5234,0.5000,0.8101,0.7778,7.64,8.12,0.48
1587,3392,medium,0.8997,0.8792,0.0205,0.8176,0.7844,0.9290,0.9043,1.94,2.00,0.06
1588,4156,medium,0.8160,0.7956,0.0204,0.6892,0.6606,0.8509,0.8349,9.05,9.32,0.26
1589,2796,medium,0.9114,0.8911,0.0204,0.8372,0.8035,0.9192,0.9021,5.66,6.40,0.75
1590,3180,medium,0.9052,0.8848,0.0203,0.8267,0.7934,0.9134,0.8967,3.61,4.24,0.64
1591,188,medium,0.7805,0.7602,0.0203,0.6400,0.6131,0.8212,0.8066,6.22,6.87,0.65
1592,2474,medium,0.8398,0.8195,0.0203,0.7238,0.6942,0.8622,0.8473,7.75,8.49,0.73
1593,4174,medium,0.0758,0.0556,0.0203,0.0394,0.0286,0.5332,0.5166,22.65,24.25,1.60
1594,98,medium,0.9173,0.8971,0.0203,0.8473,0.8134,0.9366,0.9191,4.10,4.00,-0.10
1595,2730,medium,0.5325,0.5123,0.0203,0.3629,0.3443,0.6814,0.6722,12.04,12.73,0.69
1596,1174,medium,0.9166,0.8964,0.0202,0.8460,0.8122,0.9364,0.9122,3.36,4.19,0.83
1597,3939,medium,0.8950,0.8747,0.0202,0.8099,0.7774,0.9754,0.9597,1.41,1.41,0.00
1598,4127,medium,0.8465,0.8264,0.0201,0.7339,0.7042,0.8796,0.8658,8.49,8.56,0.07
1599,70,medium,0.7656,0.7455,0.0201,0.6202,0.5942,0.8636,0.8727,17.93,17.93,0.00
1600,4222,medium,0.6400,0.6199,0.0201,0.4706,0.4492,0.7353,0.7246,7.00,6.96,-0.04
1601,3049,medium,0.7990,0.7789,0.0201,0.6653,0.6379,0.8769,0.8572,10.44,11.40,0.96
1602,179,medium,0.8777,0.8577,0.0200,0.7821,0.7508,0.9040,0.8841,2.00,2.00,0.00
1603,3105,medium,0.9151,0.8953,0.0198,0.8435,0.8104,0.9324,0.9060,6.71,10.00,3.29
1604,594,medium,0.8862,0.8664,0.0198,0.7957,0.7642,0.9668,0.9795,1.41,3.00,1.59
1605,3449,medium,0.7353,0.7155,0.0198,0.5814,0.5570,0.8064,0.8112,4.39,5.02,0.63
1606,672,medium,0.8669,0.8472,0.0197,0.7651,0.7349,0.9086,0.8840,12.00,11.46,-0.54
1607,3802,medium,0.8327,0.8130,0.0197,0.7134,0.6849,0.9723,0.9341,5.39,4.00,-1.39
1608,1135,medium,0.8007,0.7810,0.0197,0.6676,0.6407,0.8543,0.8282,3.79,4.66,0.87
1609,1297,medium,0.7625,0.7429,0.0197,0.6162,0.5909,0.8305,0.8277,9.06,9.06,0.00
1610,1490,medium,0.9166,0.8969,0.0197,0.8460,0.8131,0.9335,0.9162,4.00,4.15,0.15
1611,4056,medium,0.2083,0.1887,0.0197,0.1163,0.1042,0.6921,0.6921,37.64,37.62,-0.02
1612,1012,medium,0.8850,0.8653,0.0197,0.7937,0.7626,0.9886,0.9766,2.59,3.86,1.27
1613,3710,medium,0.7746,0.7549,0.0196,0.6321,0.6063,0.9946,0.9998,4.12,4.12,0.00
1614,3571,medium,0.8310,0.8113,0.0196,0.7108,0.6825,0.8564,0.8413,5.00,5.00,0.00
1615,3791,medium,0.7617,0.7421,0.0196,0.6152,0.5900,0.9298,0.8865,8.25,9.43,1.19
1616,2918,medium,0.7208,0.7013,0.0195,0.5635,0.5400,0.7869,0.7718,9.60,9.87,0.27
1617,2015,medium,0.6432,0.6237,0.0195,0.4740,0.4531,0.9929,0.9895,5.26,6.18,0.92
1618,2507,medium,0.0195,0.0000,0.0195,0.0099,0.0000,0.5128,0.5000,71.15,140.50,69.35
1619,2603,medium,0.8371,0.8176,0.0195,0.7199,0.6915,0.8602,0.8459,22.14,22.61,0.47
1620,1395,medium,0.9038,0.8843,0.0195,0.8245,0.7927,0.9783,0.9659,1.41,2.00,0.59
1621,3188,medium,0.8769,0.8575,0.0194,0.7808,0.7505,0.8904,0.8753,5.39,5.72,0.33
1622,3974,medium,0.2665,0.2471,0.0194,0.1537,0.1410,0.9988,0.7921,15.12,18.70,3.57
1623,1667,medium,0.9187,0.8994,0.0193,0.8496,0.8171,0.9848,0.9690,1.00,1.41,0.41
1624,709,medium,0.9503,0.9310,0.0193,0.9054,0.8709,0.9660,0.9430,2.47,4.00,1.53
1625,3615,medium,0.8868,0.8675,0.0193,0.7966,0.7660,0.9017,0.8846,2.24,3.49,1.26
1626,2238,medium,0.0192,0.0000,0.0192,0.0097,0.0000,0.5336,0.4997,19.77,32.14,12.37
1627,3212,medium,0.0191,0.0000,0.0191,0.0097,0.0000,0.7716,0.4990,114.08,114.20,0.12
1628,285,medium,0.9126,0.8935,0.0191,0.8393,0.8075,0.9834,0.9777,2.00,2.00,0.00
1629,1147,medium,0.8808,0.8617,0.0191,0.7869,0.7569,0.9256,0.9052,1.79,1.82,0.03
1630,1707,medium,0.9013,0.8822,0.0191,0.8203,0.7892,0.9281,0.9072,5.83,6.02,0.19
1631,3184,medium,0.8878,0.8687,0.0191,0.7982,0.7678,0.8993,0.8839,5.00,5.39,0.39
1632,4230,medium,0.8027,0.7836,0.0191,0.6704,0.6442,0.8352,0.8221,5.00,5.00,0.00
1633,2307,medium,0.8886,0.8695,0.0191,0.7995,0.7692,0.9049,0.8936,6.07,6.29,0.22
1634,2185,medium,0.7119,0.6928,0.0190,0.5526,0.5300,0.9267,0.9109,9.22,12.81,3.59
1635,415,medium,0.9241,0.9051,0.0190,0.8589,0.8266,0.9451,0.9237,2.77,3.16,0.39
1636,1356,medium,0.9228,0.9038,0.0190,0.8566,0.8244,0.9486,0.9268,2.05,4.97,2.93
1637,3182,medium,0.8810,0.8620,0.0190,0.7873,0.7575,0.8939,0.8788,5.01,5.66,0.64
1638,2567,medium,0.8551,0.8361,0.0189,0.7468,0.7184,0.8949,0.8716,12.08,13.41,1.32
1639,407,medium,0.8241,0.8052,0.0189,0.7008,0.6739,0.8540,0.8421,12.70,10.41,-2.29
1640,690,medium,0.8966,0.8777,0.0189,0.8126,0.7821,0.9130,0.8975,3.82,3.00,-0.82
1641,1642,medium,0.7500,0.7311,0.0189,0.6000,0.5762,0.9832,0.9832,2.00,2.00,0.00
1642,1598,medium,0.9197,0.9008,0.0189,0.8513,0.8195,0.9650,0.9578,2.00,2.83,0.83
1643,2458,medium,0.8893,0.8705,0.0189,0.8007,0.7706,0.9035,0.8881,12.23,13.40,1.18
1644,102,medium,0.9176,0.8988,0.0188,0.8478,0.8161,0.9474,0.9196,3.90,3.61,-0.30
1645,440,medium,0.9213,0.9024,0.0188,0.8540,0.8222,0.9697,0.9640,2.07,2.08,0.01
1646,1513,medium,0.9206,0.9017,0.0188,0.8528,0.8211,0.9705,0.9578,1.41,2.00,0.59
1647,1492,medium,0.9376,0.9188,0.0188,0.8826,0.8498,0.9478,0.9270,4.08,4.38,0.30
1648,1368,medium,0.9122,0.8934,0.0188,0.8386,0.8073,0.9309,0.9055,1.41,2.00,0.59
1649,4377,medium,0.7154,0.6967,0.0187,0.5570,0.5346,0.7953,0.7852,28.32,29.00,0.68
1650,4432,medium,0.8197,0.8010,0.0187,0.6945,0.6680,0.8805,0.8558,23.34,28.67,5.33
1651,4157,medium,0.8610,0.8424,0.0186,0.7559,0.7277,0.8785,0.8638,6.18,7.02,0.84
1652,4423,medium,0.7738,0.7551,0.0186,0.6310,0.6066,0.9410,0.8267,24.74,31.53,6.80
1653,22,medium,0.8978,0.8792,0.0186,0.8145,0.7844,0.9277,0.9074,6.06,8.25,2.19
1654,2602,medium,0.8434,0.8247,0.0186,0.7292,0.7018,0.8647,0.8510,10.44,12.13,1.69
1655,1151,medium,0.8997,0.8812,0.0186,0.8177,0.7876,0.9110,0.8979,2.24,2.24,0.00
1656,1260,medium,0.8679,0.8493,0.0185,0.7666,0.7381,0.9459,0.9242,5.00,6.59,1.59
1657,313,medium,0.8499,0.8315,0.0185,0.7390,0.7115,0.9342,0.9126,7.07,9.13,2.06
1658,3722,medium,0.4219,0.4035,0.0185,0.2674,0.2527,0.9181,0.8801,5.89,5.20,-0.69
1659,2584,medium,0.8607,0.8423,0.0184,0.7555,0.7275,0.8777,0.8637,9.88,12.53,2.65
1660,4444,medium,0.8833,0.8649,0.0184,0.7910,0.7619,0.9263,0.9051,8.04,13.00,4.96
1661,2447,medium,0.8415,0.8230,0.0184,0.7263,0.6993,0.8795,0.8638,10.07,10.45,0.37
1662,705,medium,0.9289,0.9104,0.0184,0.8672,0.8356,0.9401,0.9228,4.52,6.00,1.48
1663,1530,medium,0.7410,0.7226,0.0184,0.5886,0.5657,0.9556,0.9602,5.10,5.37,0.27
1664,1032,medium,0.8805,0.8622,0.0184,0.7866,0.7577,0.9278,0.9277,6.35,5.74,-0.60
1665,1172,medium,0.9001,0.8817,0.0184,0.8183,0.7884,0.9180,0.8988,7.94,8.54,0.60
1666,2375,medium,0.8729,0.8545,0.0184,0.7744,0.7459,0.8872,0.8730,3.00,3.88,0.88
1667,2728,medium,0.5168,0.4985,0.0184,0.3485,0.3320,0.6742,0.6660,12.73,12.73,0.00
1668,2589,medium,0.8380,0.8197,0.0183,0.7211,0.6945,0.8606,0.8472,12.15,15.55,3.40
1669,187,medium,0.8263,0.8081,0.0183,0.7041,0.6780,0.8532,0.8413,2.92,3.00,0.08
1670,2040,medium,0.8831,0.8649,0.0183,0.7907,0.7619,0.9359,0.9102,1.00,1.00,0.00
1671,1689,medium,0.8342,0.8159,0.0183,0.7155,0.6891,0.9999,0.9939,1.41,1.88,0.47
1672,405,medium,0.8438,0.8256,0.0182,0.7298,0.7030,0.8705,0.8562,13.43,13.02,-0.41
1673,4153,medium,0.8598,0.8416,0.0182,0.7541,0.7266,0.8788,0.8644,7.21,8.03,0.82
1674,2459,medium,0.9022,0.8840,0.0182,0.8218,0.7921,0.9135,0.8976,9.12,9.85,0.73
1675,597,medium,0.8595,0.8413,0.0182,0.7536,0.7260,0.9760,0.9759,1.50,1.50,0.00
1676,612,medium,0.7069,0.6888,0.0181,0.5467,0.5253,0.9938,0.9999,2.96,3.10,0.14
1677,3482,medium,0.9543,0.9363,0.0181,0.9126,0.8801,0.9800,0.9488,2.24,3.61,1.37
1678,1974,medium,0.3782,0.3602,0.0180,0.2332,0.2196,0.6220,0.6103,26.20,26.21,0.01
1679,4351,medium,0.0180,0.0000,0.0180,0.0091,0.0000,0.5676,0.5000,16.14,72.20,56.06
1680,324,medium,0.8744,0.8564,0.0180,0.7769,0.7489,0.9508,0.9486,3.61,4.00,0.39
1681,2673,medium,0.7818,0.7639,0.0179,0.6418,0.6180,0.8230,0.8090,42.37,42.57,0.20
1682,1370,medium,0.8750,0.8571,0.0179,0.7778,0.7500,0.9242,0.8939,1.41,2.00,0.59
1683,3792,medium,0.7721,0.7544,0.0178,0.6289,0.6056,0.9388,0.8932,8.04,9.49,1.45
1684,3984,medium,0.6311,0.6133,0.0178,0.4610,0.4423,0.9995,0.9995,7.05,7.95,0.90
1685,502,medium,0.9390,0.9212,0.0178,0.8850,0.8540,0.9701,0.9574,1.41,2.00,0.59
1686,1782,medium,0.6207,0.6029,0.0177,0.4500,0.4316,0.8628,0.8306,3.50,3.80,0.31
1687,2449,medium,0.8090,0.7912,0.0177,0.6792,0.6546,0.8451,0.8323,13.89,14.03,0.14
1688,3093,medium,0.5453,0.5276,0.0177,0.3749,0.3584,0.8154,0.8252,10.00,10.77,0.77
1689,1022,medium,0.5546,0.5368,0.0177,0.3837,0.3669,0.8745,0.8697,10.91,11.77,0.86
1690,3799,medium,0.8046,0.7869,0.0177,0.6731,0.6487,0.9480,0.9194,5.66,5.39,-0.27
1691,492,medium,0.9172,0.8996,0.0177,0.8471,0.8174,0.9548,0.9404,5.39,6.02,0.64
1692,1102,medium,0.8283,0.8106,0.0177,0.7069,0.6816,0.9204,0.8959,5.50,8.18,2.68
1693,3827,medium,0.9229,0.9053,0.0177,0.8569,0.8269,0.9535,0.9295,7.07,8.62,1.55
1694,1531,medium,0.7154,0.6978,0.0176,0.5569,0.5358,0.9718,0.9743,5.74,5.88,0.15
1695,3057,medium,0.6229,0.6053,0.0176,0.4523,0.4340,0.9151,0.8730,7.07,5.83,-1.24
1696,2591,medium,0.8494,0.8318,0.0175,0.7382,0.7121,0.8691,0.8560,10.63,12.73,2.10
1697,654,medium,0.9177,0.9001,0.0175,0.8479,0.8184,0.9363,0.9149,6.10,10.20,4.10
1698,1350,medium,0.8840,0.8665,0.0175,0.7921,0.7644,0.9026,0.8885,8.22,8.61,0.40
1699,4227,medium,0.8129,0.7955,0.0175,0.6848,0.6604,0.8792,0.8523,3.61,3.61,0.00
1700,919,medium,0.0336,0.0161,0.0175,0.0171,0.0081,0.6491,0.5658,24.18,24.21,0.02
1701,87,medium,0.8579,0.8405,0.0174,0.7511,0.7248,0.8996,0.8775,7.28,7.07,-0.21
1702,4149,medium,0.8582,0.8408,0.0173,0.7516,0.7254,0.8812,0.8668,9.22,9.22,0.00
1703,1578,medium,0.8345,0.8172,0.0173,0.7160,0.6909,0.9461,0.9384,2.24,2.24,0.00
1704,665,medium,0.8905,0.8733,0.0172,0.8027,0.7751,0.9376,0.9028,5.00,4.12,-0.88
1705,321,medium,0.8111,0.7939,0.0172,0.6823,0.6583,0.9352,0.9156,4.12,4.41,0.29
1706,47,medium,0.9385,0.9213,0.0172,0.8842,0.8542,0.9941,0.9823,1.00,1.00,0.00
1707,99,medium,0.8754,0.8582,0.0172,0.7784,0.7517,0.9237,0.9108,7.20,5.81,-1.38
1708,1714,medium,0.9482,0.9311,0.0172,0.9016,0.8710,0.9640,0.9412,2.00,2.83,0.83
1709,434,medium,0.9385,0.9213,0.0172,0.8841,0.8541,0.9742,0.9660,2.24,2.53,0.30
1710,2091,medium,0.2370,0.2199,0.0171,0.1344,0.1235,0.9981,0.9979,11.00,12.00,1.00
1711,1246,medium,0.8464,0.8292,0.0171,0.7337,0.7083,0.8782,0.8651,5.49,6.71,1.21
1712,4021,medium,0.7308,0.7138,0.0171,0.5758,0.5549,0.7895,0.7782,5.00,5.00,0.00
1713,728,medium,0.7772,0.7601,0.0171,0.6356,0.6131,0.9826,0.9826,5.66,5.83,0.17
1714,4465,medium,0.8118,0.7948,0.0170,0.6833,0.6595,0.8642,0.8416,14.14,17.44,3.30
1715,1230,medium,0.9264,0.9095,0.0169,0.8629,0.8340,0.9672,0.9497,1.00,2.00,1.00
1716,587,medium,0.7778,0.7609,0.0169,0.6364,0.6140,0.9999,0.9999,2.00,2.00,0.00
1717,1549,medium,0.9060,0.8891,0.0169,0.8281,0.8004,0.9608,0.9618,1.94,2.35,0.41
1718,4274,medium,0.9395,0.9226,0.0169,0.8859,0.8564,0.9450,0.9302,6.00,7.04,1.04
1719,4277,medium,0.8911,0.8742,0.0169,0.8035,0.7765,0.9018,0.8883,8.28,9.00,0.72
1720,1870,medium,0.0169,0.0000,0.0169,0.0085,0.0000,0.5064,0.4998,89.12,128.76,39.64
1721,4125,medium,0.8271,0.8103,0.0168,0.7052,0.6811,0.8566,0.8429,8.65,9.10,0.45
1722,1239,medium,0.9414,0.9247,0.0168,0.8894,0.8599,0.9701,0.9521,2.00,2.00,0.00
1723,3720,medium,0.6164,0.5996,0.0168,0.4455,0.4281,0.9801,0.9670,7.42,6.48,-0.94
1724,2456,medium,0.8708,0.8540,0.0168,0.7711,0.7452,0.8873,0.8745,13.21,13.81,0.59
1725,652,medium,0.9132,0.8965,0.0168,0.8403,0.8124,0.9321,0.9124,6.46,11.49,5.03
1726,1509,medium,0.9290,0.9123,0.0167,0.8674,0.8387,0.9744,0.9651,1.41,2.00,0.59
1727,3590,medium,0.8307,0.8140,0.0167,0.7104,0.6863,0.9959,0.9895,5.10,5.13,0.03
1728,1273,medium,0.9105,0.8939,0.0167,0.8358,0.8081,0.9229,0.9085,4.47,5.00,0.53
1729,1588,medium,0.8907,0.8740,0.0167,0.8029,0.7762,0.9722,0.9647,2.00,2.00,0.00
1730,263,medium,0.7461,0.7294,0.0167,0.5950,0.5741,0.9631,0.9187,7.87,6.20,-1.67
1731,4129,medium,0.8581,0.8415,0.0166,0.7515,0.7264,0.8796,0.8714,8.15,8.24,0.09
1732,222,medium,0.9268,0.9102,0.0166,0.8636,0.8351,0.9441,0.9244,2.00,3.00,1.00
1733,2302,medium,0.8839,0.8673,0.0166,0.7920,0.7657,0.8967,0.8843,4.37,5.33,0.96
1734,556,medium,0.8627,0.8462,0.0166,0.7586,0.7333,0.9680,0.9680,2.17,2.24,0.07
1735,1554,medium,0.8889,0.8723,0.0165,0.8000,0.7736,0.9666,0.9555,1.02,2.00,0.98
1736,165,medium,0.9368,0.9203,0.0165,0.8811,0.8523,0.9620,0.9458,2.02,2.83,0.80
1737,80,medium,0.7179,0.7014,0.0165,0.5599,0.5401,0.8787,0.8402,5.39,9.43,4.05
1738,2316,medium,0.6091,0.5927,0.0165,0.4379,0.4211,0.7981,0.7529,33.02,37.14,4.12
1739,4342,medium,0.8432,0.8267,0.0165,0.7289,0.7046,0.9360,0.9165,7.81,7.07,-0.74
1740,3765,medium,0.0164,0.0000,0.0164,0.0083,0.0000,0.5259,0.4995,22.80,29.20,6.40
1741,1146,medium,0.7409,0.7246,0.0164,0.5885,0.5681,0.9289,0.8902,2.24,2.24,0.00
1742,4205,medium,0.8689,0.8525,0.0164,0.7681,0.7429,0.8897,0.8823,1.00,1.74,0.74
1743,27,medium,0.9370,0.9206,0.0164,0.8815,0.8529,0.9473,0.9300,2.86,3.76,0.90
1744,3490,medium,0.9446,0.9283,0.0163,0.8950,0.8661,0.9866,0.9544,2.83,4.12,1.29
1745,183,medium,0.8926,0.8763,0.0163,0.8061,0.7798,0.9092,0.8923,2.09,2.56,0.47
1746,3625,medium,0.8722,0.8559,0.0163,0.7733,0.7481,0.8958,0.8847,3.96,5.00,1.04
1747,421,medium,0.9255,0.9092,0.0163,0.8613,0.8335,0.9446,0.9238,3.99,4.50,0.50
1748,4151,medium,0.8494,0.8332,0.0162,0.7383,0.7141,0.8697,0.8576,8.00,8.06,0.06
1749,2381,medium,0.9047,0.8884,0.0162,0.8259,0.7993,0.9145,0.8996,2.00,2.00,0.00
1750,1120,medium,0.6316,0.6154,0.0162,0.4615,0.4444,0.7353,0.7222,5.89,6.00,0.11
1751,2862,medium,0.9395,0.9233,0.0162,0.8859,0.8576,0.9708,0.9378,2.24,3.16,0.93
1752,966,medium,0.8862,0.8701,0.0162,0.7957,0.7700,0.9723,0.9128,2.24,5.00,2.76
1753,917,medium,0.8647,0.8485,0.0162,0.7616,0.7368,0.8846,0.8746,10.22,10.30,0.07
1754,3617,medium,0.9278,0.9116,0.0162,0.8653,0.8376,0.9391,0.9241,2.00,2.77,0.77
1755,418,medium,0.9054,0.8892,0.0162,0.8271,0.8005,0.9239,0.9061,5.37,5.84,0.47
1756,325,medium,0.8339,0.8178,0.0161,0.7151,0.6917,0.9264,0.8935,5.00,5.86,0.86
1757,1710,medium,0.9544,0.9383,0.0161,0.9128,0.8838,0.9776,0.9534,1.23,2.00,0.77
1758,3425,medium,0.8514,0.8353,0.0161,0.7413,0.7172,0.8840,0.8768,2.01,2.24,0.22
1759,2601,medium,0.8578,0.8417,0.0161,0.7510,0.7267,0.8755,0.8634,9.92,10.53,0.60
1760,181,medium,0.8611,0.8452,0.0158,0.7560,0.7319,0.8850,0.8727,3.21,4.36,1.15
1761,4276,medium,0.9477,0.9319,0.0158,0.9007,0.8725,0.9539,0.9374,5.05,7.17,2.11
1762,2462,medium,0.9129,0.8971,0.0158,0.8398,0.8135,0.9246,0.9103,8.33,8.49,0.16
1763,1149,medium,0.9011,0.8854,0.0157,0.8200,0.7943,0.9124,0.8994,2.00,2.00,0.00
1764,829,medium,0.7434,0.7277,0.0157,0.5916,0.5719,0.8217,0.8024,13.83,15.23,1.41
1765,4350,medium,0.8869,0.8712,0.0157,0.7967,0.7718,0.9559,0.9068,5.59,8.00,2.41
1766,1245,medium,0.7971,0.7814,0.0157,0.6627,0.6412,0.9017,0.8860,7.19,8.79,1.60
1767,2570,medium,0.8507,0.8350,0.0157,0.7402,0.7168,0.8789,0.8628,16.87,17.01,0.14
1768,2782,medium,0.9101,0.8944,0.0157,0.8350,0.8090,0.9206,0.9063,5.39,6.16,0.77
1769,172,medium,0.7554,0.7397,0.0156,0.6069,0.5870,0.8437,0.8164,3.76,5.00,1.24
1770,1176,medium,0.9165,0.9009,0.0156,0.8459,0.8197,0.9406,0.9197,2.24,3.71,1.47
1771,227,medium,0.8076,0.7920,0.0156,0.6773,0.6557,0.9806,0.9746,2.98,4.12,1.14
1772,3771,medium,0.0156,0.0000,0.0156,0.0078,0.0000,0.5310,0.4991,18.87,23.47,4.60
1773,2457,medium,0.8802,0.8647,0.0156,0.7861,0.7616,0.8953,0.8827,12.62,13.75,1.13
1774,1502,medium,0.9645,0.9489,0.0156,0.9314,0.9028,0.9774,0.9589,1.41,2.24,0.82
1775,2199,medium,0.8301,0.8146,0.0155,0.7096,0.6872,0.9730,0.9198,5.00,9.22,4.22
1776,4434,medium,0.8099,0.7944,0.0155,0.6805,0.6589,0.8589,0.8412,20.00,22.70,2.70
1777,3975,medium,0.2400,0.2245,0.0155,0.1364,0.1264,0.9987,0.7965,16.37,18.72,2.34
1778,3498,medium,0.9436,0.9281,0.0155,0.8932,0.8658,0.9912,0.9640,3.16,4.06,0.89
1779,2900,medium,0.7039,0.6885,0.0155,0.5431,0.5249,0.8412,0.8172,8.49,8.49,0.00
1780,1597,medium,0.9483,0.9328,0.0155,0.9016,0.8740,0.9856,0.9731,2.00,2.17,0.17
1781,1430,medium,0.7212,0.7057,0.0155,0.5639,0.5452,0.7892,0.7789,7.05,7.00,-0.05
1782,20,medium,0.9099,0.8945,0.0154,0.8347,0.8091,0.9327,0.9187,3.02,3.72,0.70
1783,3740,medium,0.0154,0.0000,0.0154,0.0078,0.0000,0.5310,0.4990,18.83,24.33,5.50
1784,2662,medium,0.6893,0.6739,0.0154,0.5258,0.5081,0.7676,0.7579,29.17,29.70,0.54
1785,422,medium,0.9154,0.9001,0.0154,0.8441,0.8183,0.9486,0.9236,3.34,3.41,0.07
1786,2292,medium,0.4169,0.4016,0.0153,0.2634,0.2512,0.6713,0.6679,36.24,36.79,0.55
1787,554,medium,0.7786,0.7634,0.0153,0.6375,0.6173,0.9636,0.9545,2.00,2.00,0.00
1788,4161,medium,0.8466,0.8313,0.0152,0.7340,0.7114,0.8690,0.8566,6.71,6.89,0.18
1789,1178,medium,0.9197,0.9045,0.0152,0.8514,0.8256,0.9447,0.9236,2.24,2.83,0.59
1790,4226,medium,0.8050,0.7898,0.0152,0.6737,0.6526,0.8422,0.8315,5.21,5.21,0.00
1791,500,medium,0.9448,0.9297,0.0152,0.8955,0.8686,0.9793,0.9719,1.00,1.41,0.41
1792,184,medium,0.8893,0.8741,0.0152,0.8006,0.7764,0.9067,0.8907,2.00,2.83,0.83
1793,3529,medium,0.8494,0.8342,0.0152,0.7382,0.7155,0.8736,0.8613,4.00,4.46,0.46
1794,2583,medium,0.8674,0.8523,0.0152,0.7659,0.7425,0.8829,0.8713,9.88,11.57,1.69
1795,3050,medium,0.7967,0.7815,0.0152,0.6621,0.6414,0.8751,0.8584,10.38,12.17,1.79
1796,2600,medium,0.8670,0.8519,0.0151,0.7652,0.7420,0.8827,0.8710,9.49,10.44,0.95
1797,1304,medium,0.7904,0.7753,0.0151,0.6534,0.6330,0.8999,0.8366,6.25,6.59,0.33
1798,3453,medium,0.7568,0.7417,0.0150,0.6087,0.5895,0.9700,0.9178,6.40,5.27,-1.13
1799,1150,medium,0.9193,0.9043,0.0150,0.8507,0.8254,0.9339,0.9210,1.41,2.00,0.59
1800,1388,medium,0.8413,0.8263,0.0150,0.7261,0.7041,0.9859,0.9789,6.39,5.60,-0.79
1801,3614,medium,0.8150,0.8000,0.0150,0.6877,0.6667,0.9362,0.9150,2.00,2.24,0.24
1802,2076,medium,0.8786,0.8636,0.0150,0.7835,0.7600,0.9691,0.9691,1.00,1.10,0.10
1803,4484,medium,0.2499,0.2349,0.0150,0.1428,0.1331,0.5785,0.5676,30.57,34.93,4.36
1804,2345,medium,0.8904,0.8754,0.0150,0.8024,0.7785,0.9045,0.8892,2.95,3.00,0.05
1805,3262,medium,0.8137,0.7987,0.0149,0.6859,0.6649,0.8429,0.8346,9.08,9.15,0.07
1806,4367,medium,0.8908,0.8758,0.0149,0.8030,0.7791,0.9034,0.8905,7.62,8.53,0.91
1807,35,medium,0.6283,0.6133,0.0149,0.4580,0.4423,0.7390,0.7291,5.00,5.00,0.00
1808,2376,medium,0.8355,0.8206,0.0149,0.7175,0.6957,0.8587,0.8486,4.00,4.47,0.47
1809,3764,medium,0.4715,0.4566,0.0149,0.3085,0.2959,0.9267,0.8648,13.04,17.09,4.04
1810,3778,medium,0.7660,0.7511,0.0149,0.6208,0.6015,0.9771,0.9640,8.03,8.72,0.69
1811,4269,medium,0.9105,0.8957,0.0148,0.8358,0.8111,0.9194,0.9055,6.72,7.01,0.29
1812,4411,medium,0.0148,0.0000,0.0148,0.0075,0.0000,0.5136,0.4995,39.96,47.40,7.44
1813,2658,medium,0.7322,0.7174,0.0148,0.5775,0.5593,0.7940,0.7834,28.83,29.15,0.32
1814,3797,medium,0.8182,0.8034,0.0148,0.6923,0.6714,0.9625,0.9358,5.66,6.40,0.75
1815,3817,medium,0.8722,0.8574,0.0148,0.7734,0.7504,0.9431,0.9144,7.07,8.72,1.65
1816,510,medium,0.8254,0.8107,0.0147,0.7028,0.6817,0.8770,0.8675,10.26,11.04,0.78
1817,2590,medium,0.8540,0.8393,0.0147,0.7452,0.7231,0.8726,0.8616,10.47,12.88,2.41
1818,3103,medium,0.9163,0.9016,0.0147,0.8456,0.8209,0.9348,0.9122,6.34,9.06,2.71
1819,621,medium,0.6432,0.6286,0.0146,0.4741,0.4583,0.7758,0.7371,48.44,8.28,-40.16
1820,763,medium,0.8855,0.8709,0.0146,0.7946,0.7713,0.9236,0.9034,3.06,4.00,0.94
1821,1520,medium,0.9246,0.9100,0.0146,0.8599,0.8349,0.9469,0.9308,2.83,2.90,0.07
1822,2080,medium,0.8263,0.8118,0.0146,0.7041,0.6832,0.9999,0.9999,1.41,2.00,0.59
1823,2308,medium,0.8780,0.8635,0.0146,0.7826,0.7597,0.8960,0.8863,6.00,6.40,0.40
1824,2579,medium,0.8557,0.8412,0.0146,0.7478,0.7259,0.8746,0.8633,15.66,16.22,0.57
1825,2077,medium,0.8827,0.8681,0.0145,0.7900,0.7670,0.9876,0.9876,1.41,1.41,0.00
1826,2592,medium,0.8420,0.8275,0.0145,0.7272,0.7057,0.8636,0.8529,10.63,12.14,1.51
1827,1665,medium,0.8911,0.8766,0.0145,0.8036,0.7802,0.9859,0.9627,1.41,2.00,0.59
1828,3762,medium,0.2709,0.2564,0.0145,0.1567,0.1470,0.8902,0.8071,17.03,17.87,0.84
1829,1284,medium,0.8123,0.7978,0.0145,0.6840,0.6636,0.8961,0.8988,10.21,9.49,-0.72
1830,1132,medium,0.7914,0.7769,0.0145,0.6548,0.6351,0.8767,0.8219,2.02,2.44,0.42
1831,2599,medium,0.8599,0.8454,0.0145,0.7543,0.7322,0.8771,0.8661,7.88,8.16,0.29
1832,3839,medium,0.5750,0.5605,0.0145,0.4035,0.3894,0.9892,0.9680,3.61,3.58,-0.02
1833,467,medium,0.8780,0.8636,0.0144,0.7826,0.7600,0.9108,0.8942,3.00,3.16,0.16
1834,3104,medium,0.9207,0.9064,0.0143,0.8531,0.8288,0.9405,0.9167,6.01,8.45,2.44
1835,1608,medium,0.9280,0.9138,0.0143,0.8657,0.8412,0.9586,0.9610,2.68,2.11,-0.57
1836,2582,medium,0.8693,0.8550,0.0143,0.7688,0.7467,0.8846,0.8735,12.07,12.84,0.77
1837,4231,medium,0.6923,0.6781,0.0142,0.5294,0.5130,0.9132,0.9030,2.24,2.09,-0.14
1838,383,medium,0.8777,0.8635,0.0142,0.7821,0.7598,0.9020,0.8860,2.24,2.24,0.00
1839,1279,medium,0.8124,0.7983,0.0141,0.6841,0.6643,0.9232,0.9222,7.62,7.57,-0.05
1840,3273,medium,0.4497,0.4356,0.0141,0.2901,0.2784,0.6450,0.6392,18.68,18.51,-0.17
1841,1179,medium,0.9270,0.9128,0.0141,0.8639,0.8396,0.9591,0.9374,2.00,2.24,0.24
1842,2093,medium,0.2308,0.2168,0.0140,0.1305,0.1216,0.9980,0.9979,11.05,11.91,0.87
1843,1610,medium,0.9395,0.9254,0.0140,0.8858,0.8612,0.9631,0.9690,2.24,2.24,0.00
1844,1167,medium,0.8501,0.8360,0.0140,0.7392,0.7183,0.9071,0.8946,9.16,10.26,1.09
1845,68,medium,0.7515,0.7375,0.0140,0.6019,0.5842,0.8974,0.8782,4.00,3.11,-0.89
1846,802,medium,0.8698,0.8558,0.0140,0.7696,0.7479,0.9217,0.9570,2.22,2.00,-0.22
1847,91,medium,0.8829,0.8690,0.0139,0.7904,0.7684,0.9099,0.8996,8.99,7.08,-1.90
1848,1238,medium,0.9567,0.9428,0.0139,0.9170,0.8918,0.9813,0.9686,2.00,2.24,0.24
1849,559,medium,0.8932,0.8794,0.0138,0.8070,0.7847,0.9872,0.9787,2.24,2.24,0.00
1850,2573,medium,0.8275,0.8138,0.0138,0.7058,0.6860,0.8531,0.8430,16.64,17.89,1.25
1851,1575,medium,0.8500,0.8362,0.0138,0.7391,0.7186,0.9440,0.9477,1.41,1.41,0.00
1852,400,medium,0.9139,0.9001,0.0138,0.8414,0.8184,0.9393,0.9172,4.42,5.00,0.59
1853,2401,medium,0.9675,0.9538,0.0137,0.9371,0.9117,0.9764,0.9604,1.00,1.41,0.41
1854,1210,medium,0.9561,0.9424,0.0137,0.9158,0.8911,0.9779,0.9646,2.84,2.85,0.02
1855,1636,medium,0.9418,0.9282,0.0137,0.8901,0.8660,0.9857,0.9800,1.00,1.00,0.00
1856,668,medium,0.8450,0.8313,0.0137,0.7316,0.7113,0.8853,0.8691,8.84,9.43,0.59
1857,1396,medium,0.9201,0.9065,0.0136,0.8520,0.8289,0.9684,0.9514,2.27,3.06,0.79
1858,1590,medium,0.8707,0.8571,0.0136,0.7711,0.7500,0.9764,0.9848,2.00,2.24,0.24
1859,416,medium,0.9098,0.8962,0.0136,0.8346,0.8120,0.9343,0.9158,3.61,4.21,0.60
1860,1599,medium,0.9423,0.9287,0.0136,0.8909,0.8669,0.9851,0.9797,2.00,2.00,0.00
1861,2505,medium,0.0136,0.0000,0.0136,0.0068,0.0000,0.5083,0.5000,73.75,140.50,66.75
1862,921,medium,0.1997,0.1862,0.0135,0.1109,0.1026,0.8807,0.8324,21.93,21.94,0.00
1863,2574,medium,0.8298,0.8163,0.0135,0.7092,0.6897,0.8548,0.8448,16.66,17.82,1.16
1864,2269,medium,0.8905,0.8770,0.0135,0.8026,0.7809,0.9055,0.8932,19.10,19.80,0.70
1865,3956,medium,0.9039,0.8904,0.0135,0.8246,0.8024,0.9872,0.9799,1.82,2.00,0.18
1866,9,medium,0.8958,0.8824,0.0135,0.8113,0.7895,0.9183,0.9085,7.02,7.00,-0.02
1867,2571,medium,0.8516,0.8381,0.0135,0.7415,0.7214,0.8801,0.8653,16.80,17.05,0.25
1868,4344,medium,0.8171,0.8037,0.0135,0.6908,0.6718,0.9394,0.9261,5.10,5.82,0.72
1869,4159,medium,0.8742,0.8608,0.0134,0.7765,0.7556,0.8883,0.8778,6.42,6.42,0.00
1870,4225,medium,0.7957,0.7823,0.0134,0.6607,0.6424,0.8724,0.8557,3.61,4.07,0.47
1871,2650,medium,0.7317,0.7183,0.0134,0.5770,0.5605,0.7904,0.7810,32.76,33.31,0.55
1872,2568,medium,0.8585,0.8451,0.0134,0.7522,0.7318,0.8991,0.8780,12.01,13.17,1.16
1873,2654,medium,0.7254,0.7121,0.0134,0.5691,0.5529,0.7884,0.7783,32.76,33.32,0.56
1874,1269,medium,0.8939,0.8806,0.0133,0.8082,0.7866,0.9193,0.9059,5.00,5.10,0.10
1875,4163,medium,0.8244,0.8110,0.0133,0.7012,0.6821,0.8525,0.8429,7.21,7.21,0.00
1876,396,medium,0.8242,0.8108,0.0133,0.7009,0.6818,0.8790,0.8676,2.87,3.16,0.29
1877,1101,medium,0.7785,0.7652,0.0133,0.6374,0.6197,0.9040,0.8831,6.81,9.85,3.04
1878,1615,medium,0.9073,0.8940,0.0133,0.8303,0.8083,0.9212,0.9093,2.83,4.89,2.07
1879,455,medium,0.9531,0.9398,0.0133,0.9104,0.8864,0.9662,0.9529,2.83,3.16,0.33
1880,1801,medium,0.8721,0.8588,0.0133,0.7732,0.7526,0.8866,0.8763,2.00,2.00,0.00
1881,2912,medium,0.7026,0.6893,0.0132,0.5415,0.5260,0.7722,0.7643,8.06,8.43,0.36
1882,660,medium,0.8918,0.8786,0.0132,0.8047,0.7834,0.9170,0.9002,9.85,10.77,0.92
1883,3619,medium,0.9295,0.9163,0.0132,0.8683,0.8455,0.9508,0.9444,2.24,2.24,0.00
1884,4353,medium,0.0132,0.0000,0.0132,0.0066,0.0000,0.5449,0.5000,14.95,72.20,57.25
1885,3192,medium,0.8585,0.8453,0.0132,0.7521,0.7320,0.8769,0.8660,5.97,6.34,0.38
1886,1232,medium,0.7616,0.7484,0.0132,0.6150,0.5980,0.9455,0.9310,2.00,2.00,0.00
1887,724,medium,0.8794,0.8663,0.0132,0.7848,0.7641,0.9295,0.9076,5.27,4.89,-0.38
1888,334,medium,0.9048,0.8917,0.0132,0.8262,0.8045,0.9802,0.9278,3.00,7.00,4.00
1889,3592,medium,0.8560,0.8428,0.0131,0.7482,0.7284,0.9859,0.9847,3.61,4.24,0.64
1890,2235,medium,0.0131,0.0000,0.0131,0.0066,0.0000,0.5104,0.4997,20.96,27.29,6.33
1891,1185,medium,0.8567,0.8436,0.0131,0.7493,0.7295,0.8931,0.8842,11.42,11.86,0.44
1892,4155,medium,0.8581,0.8450,0.0131,0.7515,0.7316,0.8826,0.8697,7.07,7.07,0.00
1893,3253,medium,0.7954,0.7823,0.0131,0.6603,0.6424,0.8301,0.8212,9.97,10.00,0.03
1894,2021,medium,0.8276,0.8146,0.0130,0.7059,0.6872,0.9054,0.9155,5.03,4.00,-1.03
1895,2953,medium,0.8034,0.7905,0.0130,0.6715,0.6535,0.9068,0.8618,3.16,4.00,0.84
1896,2470,medium,0.9055,0.8926,0.0130,0.8274,0.8060,0.9142,0.9032,5.39,5.66,0.27
1897,1709,medium,0.8740,0.8611,0.0129,0.7762,0.7561,0.9345,0.9123,5.54,6.15,0.60
1898,3624,medium,0.8761,0.8632,0.0129,0.7795,0.7594,0.8990,0.8863,4.23,5.15,0.92
1899,2377,medium,0.5614,0.5486,0.0128,0.3902,0.3780,0.9897,0.9896,3.16,3.58,0.42
1900,697,medium,0.9617,0.9489,0.0128,0.9263,0.9028,0.9716,0.9589,2.24,2.83,0.59
1901,2794,medium,0.9048,0.8920,0.0128,0.8261,0.8050,0.9135,0.9028,5.72,6.32,0.61
1902,747,medium,0.8533,0.8406,0.0128,0.7442,0.7250,0.9383,0.8972,1.41,2.00,0.59
1903,1267,medium,0.8791,0.8664,0.0127,0.7843,0.7643,0.9221,0.9067,3.16,3.61,0.44
1904,190,medium,0.5461,0.5333,0.0127,0.3756,0.3636,0.6948,0.6878,12.12,12.13,0.01
1905,2575,medium,0.8364,0.8237,0.0127,0.7188,0.7002,0.8597,0.8502,16.64,17.47,0.83
1906,1381,medium,0.9461,0.9335,0.0126,0.8978,0.8754,0.9737,0.9402,1.00,1.41,0.41
1907,1181,medium,0.9154,0.9029,0.0124,0.8439,0.8230,0.9388,0.9238,2.91,3.16,0.25
1908,1712,medium,0.9396,0.9272,0.0124,0.8860,0.8642,0.9540,0.9361,2.24,2.83,0.59
1909,2472,medium,0.8725,0.8601,0.0124,0.7739,0.7546,0.8938,0.8835,7.21,7.62,0.40
1910,4234,medium,0.7745,0.7621,0.0124,0.6319,0.6156,0.8160,0.8078,5.14,5.16,0.01
1911,1526,medium,0.8805,0.8682,0.0123,0.7865,0.7670,0.9794,0.9885,2.18,2.65,0.47
1912,2047,medium,0.6042,0.5918,0.0123,0.4328,0.4203,0.9999,0.9999,2.71,2.83,0.12
1913,3662,medium,0.6381,0.6258,0.0123,0.4686,0.4554,0.8278,0.7317,26.08,35.98,9.90
1914,4281,medium,0.8969,0.8846,0.0123,0.8130,0.7931,0.9121,0.9015,11.84,12.16,0.32
1915,2402,medium,0.9548,0.9425,0.0123,0.9135,0.8913,0.9621,0.9486,1.41,2.00,0.59
1916,3760,medium,0.2748,0.2625,0.0122,0.1593,0.1511,0.8767,0.8071,17.00,18.44,1.44
1917,1564,medium,0.9612,0.9490,0.0122,0.9253,0.9029,0.9779,0.9614,1.00,1.00,0.00
1918,2578,medium,0.8490,0.8368,0.0122,0.7376,0.7193,0.8692,0.8600,15.81,16.43,0.62
1919,1275,medium,0.9081,0.8959,0.0122,0.8316,0.8114,0.9258,0.9123,4.31,5.06,0.75
1920,490,medium,0.9271,0.9149,0.0122,0.8641,0.8432,0.9600,0.9542,4.66,4.62,-0.04
1921,1180,medium,0.9242,0.9120,0.0122,0.8590,0.8382,0.9493,0.9306,2.00,2.83,0.83
1922,3465,medium,0.9405,0.9284,0.0122,0.8878,0.8663,0.9887,0.9679,4.00,4.74,0.74
1923,644,medium,0.9379,0.9257,0.0121,0.8830,0.8617,0.9612,0.9447,2.00,2.95,0.95
1924,480,medium,0.9270,0.9149,0.0121,0.8639,0.8431,0.9550,0.9374,2.24,2.83,0.59
1925,1182,medium,0.9001,0.8880,0.0121,0.8184,0.7986,0.9317,0.9164,3.61,3.61,0.00
1926,1496,medium,0.9407,0.9286,0.0121,0.8880,0.8667,0.9503,0.9357,2.95,3.61,0.66
1927,3700,medium,0.7223,0.7102,0.0121,0.5653,0.5507,0.7938,0.7904,7.28,9.22,1.94
1928,3215,medium,0.5023,0.4903,0.0120,0.3354,0.3247,0.7521,0.7017,28.34,29.30,0.96
1929,4147,medium,0.8488,0.8367,0.0120,0.7373,0.7193,0.8716,0.8620,9.90,9.90,0.00
1930,123,medium,0.8321,0.8201,0.0120,0.7125,0.6951,0.9523,0.9523,2.00,2.00,0.00
1931,4236,medium,0.7937,0.7817,0.0120,0.6580,0.6417,0.8290,0.8208,5.17,5.13,-0.04
1932,131,medium,0.9217,0.9097,0.0119,0.8547,0.8344,0.9776,0.9564,1.41,2.00,0.59
1933,1347,medium,0.9612,0.9493,0.0119,0.9253,0.9034,0.9780,0.9596,4.08,4.43,0.34
1934,1591,medium,0.9475,0.9356,0.0119,0.9002,0.8790,0.9752,0.9764,2.24,2.00,-0.24
1935,701,medium,0.9527,0.9408,0.0119,0.9097,0.8882,0.9656,0.9502,3.61,4.10,0.49
1936,1500,medium,0.9538,0.9419,0.0119,0.9117,0.8903,0.9730,0.9533,2.00,3.16,1.16
1937,1555,medium,0.9349,0.9231,0.0118,0.8778,0.8571,0.9540,0.9483,1.00,1.00,0.00
1938,1192,medium,0.9214,0.9096,0.0118,0.8543,0.8342,0.9293,0.9192,2.00,2.24,0.24
1939,656,medium,0.9124,0.9005,0.0118,0.8388,0.8191,0.9321,0.9184,8.60,9.98,1.38
1940,2374,medium,0.9119,0.9001,0.0118,0.8381,0.8184,0.9225,0.9142,2.12,2.24,0.12
1941,999,medium,0.7944,0.7826,0.0118,0.6589,0.6429,0.8532,0.8352,5.83,7.09,1.26
1942,593,medium,0.8912,0.8794,0.0118,0.8037,0.7848,0.9725,0.9807,1.53,1.41,-0.12
1943,431,medium,0.9283,0.9166,0.0117,0.8662,0.8460,0.9682,0.9602,3.03,2.83,-0.20
1944,3861,medium,0.7728,0.7611,0.0117,0.6297,0.6143,0.8338,0.8246,15.81,16.00,0.19
1945,3651,medium,0.7145,0.7028,0.0117,0.5558,0.5417,0.8722,0.7792,14.14,11.18,-2.96
1946,5,medium,0.9148,0.9032,0.0116,0.8430,0.8234,0.9414,0.9319,5.73,5.74,0.02
1947,3594,medium,0.8514,0.8398,0.0116,0.7413,0.7238,0.9882,0.9859,4.00,4.12,0.12
1948,1005,medium,0.8675,0.8559,0.0116,0.7660,0.7481,0.9090,0.8987,3.61,3.61,0.00
1949,4247,medium,0.8351,0.8235,0.0116,0.7169,0.7000,0.8617,0.8548,4.00,4.11,0.11
1950,1465,medium,0.8771,0.8655,0.0116,0.7811,0.7629,0.9755,0.9742,2.00,2.00,0.00
1951,403,medium,0.8548,0.8433,0.0115,0.7464,0.7290,0.8910,0.8780,14.07,13.36,-0.70
1952,166,medium,0.9406,0.9291,0.0115,0.8879,0.8676,0.9813,0.9595,1.00,1.39,0.39
1953,287,medium,0.9026,0.8911,0.0115,0.8224,0.8035,0.9771,0.9662,2.24,2.24,0.00
1954,1187,medium,0.8921,0.8806,0.0115,0.8052,0.7867,0.9493,0.9275,1.65,2.49,0.84
1955,4283,medium,0.8286,0.8171,0.0115,0.7073,0.6908,0.8541,0.8454,13.78,13.42,-0.37
1956,1441,medium,0.8202,0.8087,0.0115,0.6952,0.6789,0.9055,0.9111,2.25,2.35,0.10
1957,4288,medium,0.4234,0.4119,0.0115,0.2686,0.2594,0.9467,0.9467,14.10,14.09,-0.01
1958,3521,medium,0.8266,0.8151,0.0115,0.7044,0.6879,0.8660,0.8529,2.04,2.24,0.20
1959,1009,medium,0.9063,0.8948,0.0115,0.8287,0.8097,0.9449,0.9339,3.98,3.23,-0.75
1960,4255,medium,0.9565,0.9451,0.0115,0.9167,0.8958,0.9648,0.9522,3.00,4.89,1.89
1961,1390,medium,0.8437,0.8322,0.0115,0.7296,0.7126,0.9813,0.9767,4.17,3.61,-0.56
1962,192,medium,0.8773,0.8659,0.0114,0.7814,0.7634,0.9798,0.9764,1.00,1.41,0.41
1963,76,medium,0.7790,0.7676,0.0114,0.6380,0.6228,0.8873,0.8900,22.41,22.41,0.00
1964,3732,medium,0.7368,0.7254,0.0114,0.5833,0.5691,0.9941,0.9997,3.61,3.16,-0.44
1965,3935,medium,0.8409,0.8295,0.0114,0.7254,0.7086,0.9775,0.9775,2.00,2.00,0.00
1966,703,medium,0.9511,0.9397,0.0114,0.9068,0.8863,0.9631,0.9495,3.16,4.12,0.96
1967,1061,medium,0.9072,0.8958,0.0114,0.8302,0.8113,0.9681,0.9574,1.00,1.00,0.00
1968,2389,medium,0.9231,0.9117,0.0114,0.8571,0.8377,0.9353,0.9263,2.00,2.00,0.00
1969,2616,medium,0.6254,0.6141,0.0114,0.4550,0.4431,0.7332,0.7264,13.13,14.05,0.92
1970,2453,medium,0.8573,0.8460,0.0114,0.7503,0.7331,0.8806,0.8714,13.60,14.27,0.66
1971,288,medium,0.7932,0.7819,0.0114,0.6573,0.6419,0.8534,0.8571,12.04,12.73,0.69
1972,4278,medium,0.9520,0.9407,0.0113,0.9084,0.8880,0.9604,0.9466,5.00,7.15,2.15
1973,3769,medium,0.0113,0.0000,0.0113,0.0057,0.0000,0.5203,0.4991,18.42,23.48,5.05
1974,3851,medium,0.8982,0.8869,0.0113,0.8152,0.7968,0.9807,0.9775,1.82,2.24,0.41
1975,296,medium,0.9579,0.9466,0.0113,0.9192,0.8987,0.9698,0.9593,1.41,1.41,0.00
1976,3829,medium,0.8797,0.8685,0.0112,0.7852,0.7675,0.9692,0.9505,9.04,10.28,1.25
1977,1543,medium,0.8721,0.8609,0.0112,0.7732,0.7558,0.9686,0.9592,4.04,5.00,0.96
1978,512,medium,0.6500,0.6388,0.0112,0.4815,0.4693,0.7462,0.7462,15.83,16.70,0.87
1979,4439,medium,0.8930,0.8818,0.0112,0.8066,0.7886,0.9329,0.9086,14.33,17.93,3.60
1980,1606,medium,0.9311,0.9200,0.0112,0.8711,0.8518,0.9755,0.9681,1.95,2.24,0.29
1981,1426,medium,0.4628,0.4516,0.0112,0.3010,0.2917,0.6510,0.6458,17.40,17.47,0.07
1982,3680,medium,0.7441,0.7330,0.0111,0.5925,0.5785,0.8158,0.8010,16.76,19.30,2.54
1983,1577,medium,0.8730,0.8618,0.0111,0.7746,0.7572,0.9652,0.9548,1.41,1.41,0.00
1984,21,medium,0.8961,0.8850,0.0111,0.8118,0.7937,0.9236,0.9123,5.92,7.40,1.49
1985,2577,medium,0.8430,0.8319,0.0111,0.7286,0.7121,0.8646,0.8563,16.12,16.54,0.41
1986,2385,medium,0.9548,0.9437,0.0111,0.9135,0.8935,0.9907,0.9832,1.00,1.00,0.00
1987,3468,medium,0.8621,0.8510,0.0110,0.7576,0.7407,0.8893,0.8765,3.70,4.00,0.30
1988,1173,medium,0.8777,0.8667,0.0110,0.7821,0.7648,0.9587,0.9526,5.30,6.08,0.78
1989,3626,medium,0.8569,0.8459,0.0109,0.7496,0.7330,0.8855,0.8775,4.00,4.55,0.55
1990,2580,medium,0.8687,0.8577,0.0109,0.7678,0.7509,0.8842,0.8755,12.87,13.46,0.60
1991,2604,medium,0.8159,0.8050,0.0109,0.6891,0.6737,0.8447,0.8368,22.82,23.20,0.38
1992,413,medium,0.8565,0.8456,0.0109,0.7490,0.7324,0.8869,0.8758,6.13,5.83,-0.30
1993,111,medium,0.8587,0.8478,0.0109,0.7524,0.7358,0.9625,0.9655,5.04,4.66,-0.38
1994,3686,medium,0.8540,0.8431,0.0109,0.7452,0.7288,0.8994,0.8811,6.00,10.20,4.20
1995,1527,medium,0.9047,0.8938,0.0109,0.8259,0.8080,0.9911,0.9911,2.00,2.13,0.13
1996,1068,medium,0.8932,0.8824,0.0109,0.8070,0.7895,0.9646,0.9545,1.00,1.29,0.29
1997,2740,medium,0.6694,0.6585,0.0108,0.5030,0.4909,0.7515,0.7455,6.05,5.93,-0.12
1998,2002,medium,0.8489,0.8381,0.0108,0.7374,0.7213,0.9130,0.8938,4.12,5.10,0.98
1999,3470,medium,0.9073,0.8966,0.0108,0.8304,0.8125,0.9437,0.9193,3.00,2.87,-0.13
2000,1517,medium,0.9199,0.9091,0.0108,0.8516,0.8333,0.9390,0.9323,2.24,2.80,0.56
2001,3261,medium,0.8167,0.8059,0.0108,0.6902,0.6749,0.8459,0.8391,9.00,9.15,0.15
2002,4337,medium,0.0108,0.0000,0.0108,0.0054,0.0000,0.5330,0.5000,18.93,75.48,56.54
2003,4339,medium,0.0108,0.0000,0.0108,0.0054,0.0000,0.5330,0.5000,19.44,8.54,-10.89
2004,1137,medium,0.8014,0.7907,0.0107,0.6687,0.6538,0.8592,0.8301,3.36,3.61,0.24
2005,2298,medium,0.8952,0.8844,0.0107,0.8103,0.7928,0.9228,0.9131,7.45,7.81,0.36
2006,1268,medium,0.8174,0.8066,0.0107,0.6911,0.6759,0.9020,0.8875,11.29,12.08,0.80
2007,2306,medium,0.8980,0.8873,0.0107,0.8149,0.7975,0.9150,0.9093,6.00,5.83,-0.17
2008,1605,medium,0.9451,0.9345,0.0106,0.8960,0.8770,0.9602,0.9530,1.79,2.00,0.21
2009,2576,medium,0.8329,0.8222,0.0106,0.7136,0.6981,0.8570,0.8493,16.49,17.06,0.57
2010,3523,medium,0.8571,0.8465,0.0106,0.7500,0.7339,0.8907,0.8823,2.00,2.00,0.00
2011,2536,medium,0.0105,0.0000,0.0105,0.0053,0.0000,0.5061,0.5000,73.89,140.50,66.61
2012,2467,medium,0.9403,0.9298,0.0105,0.8873,0.8688,0.9480,0.9373,5.00,5.00,0.00
2013,3588,medium,0.8648,0.8543,0.0105,0.7618,0.7456,0.9921,0.9883,4.01,4.47,0.46
2014,582,medium,0.9244,0.9139,0.0105,0.8594,0.8414,0.9872,0.9710,1.35,1.41,0.06
2015,2300,medium,0.9104,0.8999,0.0105,0.8356,0.8181,0.9295,0.9196,18.43,19.10,0.68
2016,4089,medium,0.8754,0.8649,0.0105,0.7784,0.7620,0.9049,0.9526,5.39,5.66,0.27
2017,3263,medium,0.7793,0.7688,0.0105,0.6384,0.6244,0.8192,0.8144,10.63,10.16,-0.47
2018,823,medium,0.8479,0.8374,0.0105,0.7359,0.7203,0.9195,0.8936,5.83,6.57,0.74
2019,2738,medium,0.6931,0.6826,0.0104,0.5303,0.5182,0.7652,0.7591,5.53,5.66,0.12
2020,2473,medium,0.8522,0.8418,0.0104,0.7424,0.7268,0.8725,0.8639,7.70,8.05,0.35
2021,3260,medium,0.8227,0.8123,0.0104,0.6988,0.6839,0.8494,0.8420,8.00,8.00,0.00
2022,1552,medium,0.7531,0.7428,0.0104,0.6040,0.5908,0.9368,0.9324,8.06,7.81,-0.25
2023,2182,medium,0.0103,0.0000,0.0103,0.0052,0.0000,0.5344,0.4989,47.19,62.55,15.36
2024,3413,medium,0.8699,0.8596,0.0103,0.7698,0.7537,0.9458,0.9208,1.50,2.05,0.55
2025,2598,medium,0.8666,0.8562,0.0103,0.7645,0.7486,0.8823,0.8743,7.67,8.40,0.72
2026,3254,medium,0.8082,0.7979,0.0103,0.6781,0.6637,0.8391,0.8318,9.15,9.00,-0.15
2027,3854,medium,0.8278,0.8175,0.0103,0.7063,0.6914,0.9955,0.9911,2.24,2.24,0.00
2028,2581,medium,0.8675,0.8572,0.0103,0.7660,0.7501,0.8832,0.8752,12.60,13.17,0.57
2029,2569,medium,0.8643,0.8540,0.0103,0.7611,0.7452,0.9056,0.8889,11.69,12.67,0.97
2030,3190,medium,0.8815,0.8712,0.0103,0.7881,0.7718,0.8975,0.8884,5.06,5.64,0.58
2031,725,medium,0.8988,0.8885,0.0103,0.8161,0.7994,0.9202,0.9103,5.39,5.29,-0.10
2032,2354,medium,0.0103,0.0000,0.0103,0.0052,0.0000,0.5106,0.5000,147.36,28.26,-119.10
2033,2343,medium,0.8976,0.8874,0.0103,0.8143,0.7976,0.9122,0.9070,2.24,2.83,0.59
2034,4287,medium,0.9415,0.9313,0.0102,0.8895,0.8714,0.9531,0.9450,17.26,17.90,0.63
2035,883,medium,0.9507,0.9405,0.0102,0.9061,0.8877,0.9878,0.9851,2.91,3.16,0.26
2036,450,medium,0.8900,0.8798,0.0102,0.8018,0.7853,0.9163,0.9135,7.21,7.65,0.44
2037,2271,medium,0.9202,0.9100,0.0102,0.8522,0.8349,0.9273,0.9206,3.30,4.06,0.77
2038,3610,medium,0.9324,0.9223,0.0101,0.8734,0.8557,0.9439,0.9307,1.00,1.41,0.41
2039,645,medium,0.8536,0.8434,0.0101,0.7446,0.7293,0.9152,0.9465,4.12,5.76,1.64
2040,2400,medium,0.9650,0.9549,0.0101,0.9323,0.9136,0.9756,0.9629,1.00,1.31,0.31
2041,3885,medium,0.7215,0.7114,0.0101,0.5643,0.5521,0.7992,0.7877,30.77,31.63,0.86
2042,1700,medium,0.6863,0.6762,0.0101,0.5224,0.5108,0.9322,0.8985,2.00,2.20,0.20
2043,2593,medium,0.8738,0.8638,0.0100,0.7759,0.7603,0.8879,0.8801,8.49,8.94,0.46
2044,2395,medium,0.9547,0.9448,0.0100,0.9134,0.8953,0.9575,0.9485,1.00,1.14,0.14
2045,695,medium,0.9614,0.9514,0.0100,0.9256,0.9074,0.9712,0.9603,2.24,2.83,0.59
2046,828,medium,0.8818,0.8718,0.0099,0.7885,0.7728,0.9393,0.9066,5.00,7.06,2.06
2047,3303,medium,0.6512,0.6412,0.0099,0.4828,0.4719,0.7837,0.7837,7.60,8.01,0.41
2048,2652,medium,0.7297,0.7198,0.0099,0.5745,0.5622,0.7911,0.7830,32.76,33.31,0.55
2049,210,medium,0.8210,0.8111,0.0099,0.6963,0.6822,0.9747,0.9444,1.41,2.00,0.59
2050,1244,medium,0.9118,0.9019,0.0099,0.8380,0.8214,0.9260,0.9157,5.00,5.00,0.00
2051,2945,medium,0.7719,0.7620,0.0099,0.6286,0.6156,0.8657,0.8384,4.52,3.61,-0.92
2052,1663,medium,0.9010,0.8911,0.0099,0.8198,0.8036,0.9871,0.9724,1.79,2.00,0.21
2053,1708,medium,0.9375,0.9276,0.0099,0.8824,0.8650,0.9786,0.9500,1.41,1.41,0.00
2054,1266,medium,0.7963,0.7864,0.0099,0.6615,0.6480,0.8786,0.8739,11.67,12.02,0.35
2055,782,medium,0.9491,0.9392,0.0099,0.9031,0.8854,0.9636,0.9529,1.74,2.00,0.26
2056,4083,medium,0.8388,0.8289,0.0098,0.7223,0.7078,0.8780,0.8667,8.00,8.00,0.00
2057,3194,medium,0.8257,0.8159,0.0098,0.7032,0.6890,0.8516,0.8445,7.21,7.35,0.14
2058,1380,medium,0.9472,0.9374,0.0098,0.8997,0.8822,0.9708,0.9475,1.00,1.41,0.41
2059,1407,medium,0.8629,0.8531,0.0097,0.7588,0.7438,0.9645,0.9645,2.96,3.15,0.19
2060,4133,medium,0.8785,0.8688,0.0097,0.7833,0.7680,0.9053,0.8950,7.60,7.62,0.02
2061,1547,medium,0.8668,0.8571,0.0097,0.7649,0.7500,0.9382,0.9348,2.21,2.24,0.02
2062,7,medium,0.9206,0.9109,0.0097,0.8529,0.8364,0.9329,0.9253,6.10,6.10,0.00
2063,933,medium,0.8374,0.8277,0.0097,0.7203,0.7061,0.9757,0.9642,6.59,6.71,0.12
2064,4145,medium,0.8442,0.8346,0.0097,0.7305,0.7161,0.8676,0.8603,10.11,10.00,-0.11
2065,4460,medium,0.8327,0.8231,0.0097,0.7134,0.6993,0.8804,0.8683,14.00,14.35,0.35
2066,3793,medium,0.7690,0.7593,0.0097,0.6246,0.6120,0.9397,0.9018,8.06,9.85,1.79
2067,1389,medium,0.8200,0.8103,0.0096,0.6949,0.6812,0.9256,0.9233,3.25,3.23,-0.02
2068,3077,medium,0.0095,0.0000,0.0095,0.0048,0.0000,0.5287,0.4997,38.08,63.05,24.97
2069,149,medium,0.9333,0.9238,0.0095,0.8750,0.8584,0.9579,0.9532,1.00,1.00,0.00
2070,1881,medium,0.1542,0.1447,0.0094,0.0835,0.0780,0.5475,0.5447,43.65,44.48,0.83
2071,426,medium,0.9450,0.9355,0.0094,0.8957,0.8789,0.9603,0.9517,4.08,3.90,-0.18
2072,4272,medium,0.9433,0.9339,0.0094,0.8927,0.8760,0.9639,0.9508,4.47,6.00,1.53
2073,74,medium,0.8071,0.7977,0.0094,0.6766,0.6635,0.8736,0.8791,23.12,23.12,0.00
2074,4073,medium,0.7778,0.7683,0.0094,0.6364,0.6238,0.9097,0.9007,10.56,6.14,-4.41
2075,516,medium,0.9572,0.9478,0.0094,0.9180,0.9008,0.9744,0.9646,2.83,3.61,0.78
2076,1156,medium,0.7379,0.7285,0.0094,0.5846,0.5729,0.8048,0.7941,5.00,5.41,0.41
2077,4280,medium,0.9544,0.9451,0.0093,0.9127,0.8958,0.9650,0.9532,5.00,7.00,2.00
2078,93,medium,0.8735,0.8642,0.0093,0.7755,0.7609,0.9189,0.9020,9.79,8.00,-1.79
2079,847,medium,0.9044,0.8951,0.0093,0.8254,0.8101,0.9350,0.9356,4.08,4.08,0.00
2080,523,medium,0.9243,0.9151,0.0093,0.8593,0.8434,0.9518,0.9410,3.00,3.00,0.00
2081,3496,medium,0.9324,0.9231,0.0093,0.8733,0.8572,0.9906,0.9674,4.00,5.00,1.00
2082,2450,medium,0.8289,0.8196,0.0092,0.7077,0.6943,0.8603,0.8525,13.29,13.86,0.57
2083,2468,medium,0.9326,0.9233,0.0092,0.8736,0.8576,0.9397,0.9309,5.00,5.00,0.00
2084,3933,medium,0.8953,0.8861,0.0092,0.8105,0.7955,0.9787,0.9806,1.41,1.41,0.00
2085,4390,medium,0.2387,0.2296,0.0092,0.1355,0.1297,0.6775,0.6429,26.52,25.38,-1.15
2086,1970,medium,0.3298,0.3207,0.0091,0.1975,0.1909,0.6072,0.6020,31.04,31.05,0.01
2087,3955,medium,0.9271,0.9180,0.0091,0.8641,0.8484,0.9817,0.9832,1.12,1.59,0.47
2088,3358,medium,0.7271,0.7180,0.0091,0.5713,0.5601,0.9816,0.9865,9.04,10.00,0.96
2089,60,medium,0.9600,0.9509,0.0091,0.9231,0.9064,0.9615,0.9551,1.00,1.00,0.00
2090,1504,medium,0.9668,0.9577,0.0091,0.9357,0.9188,0.9772,0.9638,2.00,2.24,0.24
2091,797,medium,0.9526,0.9436,0.0091,0.9096,0.8932,0.9731,0.9663,1.00,1.41,0.41
2092,1252,medium,0.8551,0.8460,0.0091,0.7468,0.7331,0.8950,0.8877,7.28,9.02,1.74
2093,3990,medium,0.7402,0.7312,0.0090,0.5876,0.5763,0.7938,0.7881,4.47,4.40,-0.07
2094,1793,medium,0.7442,0.7352,0.0090,0.5926,0.5813,0.8243,0.8142,5.66,5.72,0.06
2095,1505,medium,0.9018,0.8928,0.0090,0.8212,0.8064,0.9887,0.9832,3.90,3.61,-0.30
2096,414,medium,0.8807,0.8717,0.0090,0.7869,0.7726,0.9193,0.9061,3.36,3.61,0.24
2097,3314,medium,0.7160,0.7071,0.0090,0.5577,0.5469,0.8085,0.7792,5.07,6.08,1.01
2098,125,medium,0.8491,0.8402,0.0089,0.7378,0.7244,0.9469,0.9342,2.00,2.00,0.00
2099,1222,medium,0.9482,0.9393,0.0089,0.9016,0.8856,0.9800,0.9706,1.41,1.41,0.00
2100,2480,medium,0.7065,0.6976,0.0089,0.5462,0.5357,0.8211,0.8026,7.81,8.51,0.70
2101,1212,medium,0.9454,0.9365,0.0089,0.8964,0.8806,0.9768,0.9645,1.41,2.00,0.59
2102,3927,medium,0.8955,0.8867,0.0089,0.8108,0.7964,0.9908,0.9835,1.79,2.00,0.21
2103,1640,medium,0.8856,0.8768,0.0088,0.7947,0.7806,0.9575,0.9636,1.41,1.41,0.00
2104,574,medium,0.9703,0.9615,0.0088,0.9424,0.9258,0.9829,0.9682,1.00,1.00,0.00
2105,1087,medium,0.8744,0.8656,0.0088,0.7768,0.7630,0.9239,0.9176,4.00,4.00,0.00
2106,4233,medium,0.6695,0.6607,0.0088,0.5032,0.4933,0.8979,0.8775,2.24,2.53,0.30
2107,3813,medium,0.8889,0.8801,0.0088,0.8000,0.7858,0.9681,0.9284,4.04,3.61,-0.43
2108,3821,medium,0.8717,0.8629,0.0088,0.7726,0.7589,0.9346,0.9126,7.27,9.22,1.95
2109,1705,medium,0.8993,0.8905,0.0088,0.8170,0.8027,0.9410,0.9221,5.83,6.32,0.49
2110,3426,medium,0.8549,0.8462,0.0087,0.7466,0.7333,0.8949,0.8985,2.00,1.41,-0.59
2111,567,medium,0.8122,0.8035,0.0087,0.6838,0.6715,0.9649,0.9599,2.24,2.04,-0.20
2112,1997,medium,0.8235,0.8148,0.0087,0.7000,0.6875,0.9516,0.9435,1.41,1.00,-0.41
2113,1203,medium,0.9212,0.9125,0.0087,0.8539,0.8391,0.9872,0.9679,1.00,1.00,0.00
2114,3494,medium,0.9350,0.9263,0.0087,0.8780,0.8628,0.9741,0.9563,4.16,5.06,0.90
2115,244,medium,0.9266,0.9179,0.0087,0.8632,0.8483,0.9724,0.9578,2.00,2.05,0.05
2116,171,medium,0.7500,0.7413,0.0087,0.6000,0.5890,0.8117,0.8009,6.94,7.13,0.19
2117,1138,medium,0.7831,0.7745,0.0087,0.6436,0.6319,0.8482,0.8250,7.21,7.27,0.06
2118,711,medium,0.9566,0.9480,0.0086,0.9169,0.9011,0.9792,0.9626,2.24,2.00,-0.24
2119,3894,medium,0.4664,0.4578,0.0086,0.3041,0.2968,0.6919,0.6859,38.15,38.26,0.12
2120,1704,medium,0.9204,0.9118,0.0086,0.8525,0.8378,0.9542,0.9428,1.41,1.79,0.38
2121,2183,medium,0.6957,0.6871,0.0086,0.5334,0.5233,0.9204,0.9022,10.31,14.16,3.85
2122,2353,medium,0.9050,0.8964,0.0086,0.8265,0.8123,0.9584,0.9490,1.41,2.00,0.59
2123,3474,medium,0.8925,0.8839,0.0086,0.8059,0.7920,0.9232,0.9066,8.77,9.02,0.26
2124,2383,medium,0.9484,0.9398,0.0086,0.9018,0.8864,0.9610,0.9498,1.00,1.00,0.00
2125,3275,medium,0.2655,0.2570,0.0086,0.1531,0.1474,0.5989,0.5957,19.81,19.26,-0.54
2126,28,medium,0.9171,0.9086,0.0085,0.8469,0.8325,0.9321,0.9219,5.00,5.35,0.35
2127,1973,medium,0.3610,0.3525,0.0085,0.2203,0.2140,0.6173,0.6080,26.19,26.20,0.01
2128,2044,medium,0.8875,0.8790,0.0085,0.7978,0.7841,0.9383,0.9259,1.00,1.00,0.00
2129,2952,medium,0.7885,0.7800,0.0085,0.6508,0.6393,0.9170,0.8734,3.16,3.63,0.46
2130,2380,medium,0.9606,0.9522,0.0085,0.9243,0.9087,0.9657,0.9579,1.00,1.00,0.00
2131,3807,medium,0.8695,0.8610,0.0084,0.7691,0.7560,0.9905,0.9886,6.35,5.83,-0.52
2132,4261,medium,0.9489,0.9405,0.0084,0.9028,0.8876,0.9555,0.9464,4.00,5.00,1.00
2133,2285,medium,0.9439,0.9355,0.0084,0.8938,0.8789,0.9561,0.9488,3.15,3.16,0.02
2134,577,medium,0.9540,0.9456,0.0084,0.9121,0.8969,0.9788,0.9663,1.00,1.00,0.00
2135,3520,medium,0.8811,0.8727,0.0084,0.7875,0.7742,0.9118,0.8922,2.00,2.00,0.00
2136,482,medium,0.9209,0.9126,0.0084,0.8535,0.8392,0.9535,0.9405,7.01,7.75,0.74
2137,1164,medium,0.8399,0.8315,0.0083,0.7239,0.7116,0.9154,0.9025,16.14,16.04,-0.10
2138,72,medium,0.7547,0.7464,0.0083,0.6061,0.5954,0.8649,0.8758,25.16,25.16,0.00
2139,107,medium,0.8846,0.8763,0.0083,0.7931,0.7798,0.9476,0.9340,9.22,9.34,0.13
2140,4251,medium,0.9552,0.9469,0.0083,0.9142,0.8992,0.9652,0.9541,4.00,6.00,2.00
2141,163,medium,0.9510,0.9428,0.0083,0.9066,0.8917,0.9693,0.9563,1.00,1.41,0.41
2142,424,medium,0.9331,0.9248,0.0083,0.8746,0.8602,0.9520,0.9510,3.16,3.30,0.13
2143,1579,medium,0.8230,0.8148,0.0082,0.6993,0.6875,0.9761,0.9714,2.47,2.90,0.42
2144,1595,medium,0.9406,0.9324,0.0082,0.8879,0.8734,0.9781,0.9745,2.00,2.00,0.00
2145,2788,medium,0.9021,0.8939,0.0082,0.8217,0.8082,0.9118,0.9046,6.08,6.40,0.32
2146,327,medium,0.7955,0.7874,0.0082,0.6605,0.6493,0.8885,0.8722,5.76,6.33,0.57
2147,3929,medium,0.8889,0.8807,0.0082,0.8000,0.7868,0.9864,0.9844,1.79,2.00,0.21
2148,2180,medium,0.0082,0.0000,0.0082,0.0041,0.0000,0.5255,0.4991,44.62,61.70,17.07
2149,2906,medium,0.6738,0.6656,0.0082,0.5081,0.4988,0.7570,0.7523,9.22,9.60,0.38
2150,4219,medium,0.7609,0.7527,0.0081,0.6140,0.6035,0.8070,0.8018,7.36,7.98,0.62
2151,242,medium,0.9265,0.9183,0.0081,0.8630,0.8490,0.9503,0.9380,2.97,3.61,0.63
2152,3940,medium,0.9062,0.8981,0.0080,0.8284,0.8151,0.9710,0.9770,1.97,2.00,0.03
2153,1959,medium,0.4921,0.4840,0.0080,0.3263,0.3193,0.6632,0.6596,19.07,19.10,0.03
2154,2595,medium,0.8645,0.8565,0.0080,0.7614,0.7490,0.8807,0.8745,8.54,8.67,0.13
2155,3690,medium,0.8377,0.8297,0.0080,0.7208,0.7090,0.9121,0.8824,10.00,10.81,0.81
2156,4319,medium,0.5337,0.5257,0.0079,0.3640,0.3566,0.6820,0.6783,8.00,8.00,0.00
2157,1669,medium,0.8972,0.8893,0.0079,0.8136,0.8007,0.9783,0.9675,1.41,2.24,0.82
2158,2469,medium,0.9179,0.9099,0.0079,0.8482,0.8348,0.9251,0.9181,5.56,5.27,-0.29
2159,3798,medium,0.8046,0.7967,0.0079,0.6731,0.6621,0.9492,0.9317,5.39,5.66,0.27
2160,194,medium,0.8910,0.8831,0.0079,0.8035,0.7907,0.9664,0.9563,1.74,1.41,-0.32
2161,294,medium,0.9533,0.9454,0.0079,0.9108,0.8964,0.9882,0.9778,2.00,2.00,0.00
2162,1603,medium,0.9408,0.9329,0.0079,0.8882,0.8742,0.9576,0.9494,6.08,4.74,-1.35
2163,4273,medium,0.9431,0.9352,0.0079,0.8923,0.8782,0.9511,0.9432,7.00,7.07,0.07
2164,4232,medium,0.8186,0.8107,0.0079,0.6929,0.6816,0.8464,0.8408,5.00,5.00,0.00
2165,1236,medium,0.9645,0.9567,0.0079,0.9315,0.9169,0.9832,0.9705,2.00,2.00,0.00
2166,1346,medium,0.8447,0.8368,0.0079,0.7311,0.7194,0.8734,0.8719,14.54,14.58,0.04
2167,1085,medium,0.8204,0.8126,0.0079,0.6955,0.6843,0.8901,0.8901,5.00,4.47,-0.53
2168,2596,medium,0.8758,0.8679,0.0078,0.7790,0.7667,0.8902,0.8843,7.75,8.06,0.31
2169,525,medium,0.9364,0.9285,0.0078,0.8804,0.8666,0.9556,0.9439,3.27,3.61,0.33
2170,101,medium,0.8872,0.8794,0.0078,0.7973,0.7847,0.9412,0.9401,5.39,5.00,-0.39
2171,441,medium,0.8832,0.8754,0.0078,0.7908,0.7784,0.9770,0.9673,4.20,4.24,0.04
2172,3766,medium,0.4698,0.4620,0.0078,0.3070,0.3004,0.9322,0.8848,12.73,17.12,4.40
2173,927,medium,0.6322,0.6244,0.0078,0.4623,0.4540,0.9696,0.9709,12.00,12.00,0.00
2174,1115,medium,0.7881,0.7803,0.0078,0.6503,0.6398,0.8292,0.8199,2.99,2.24,-0.76
2175,1405,medium,0.8789,0.8711,0.0078,0.7840,0.7717,0.9815,0.9678,2.80,2.24,-0.56
2176,1113,medium,0.7382,0.7304,0.0078,0.5850,0.5753,0.7965,0.7897,4.95,4.95,0.00
2177,2397,medium,0.9742,0.9664,0.0078,0.9496,0.9350,0.9774,0.9684,1.00,1.00,0.00
2178,153,medium,0.8190,0.8113,0.0077,0.6935,0.6825,0.8981,0.8981,4.43,4.25,-0.18
2179,527,medium,0.9339,0.9263,0.0077,0.8761,0.8626,0.9561,0.9423,3.61,3.61,0.00
2180,1214,medium,0.9474,0.9398,0.0077,0.9001,0.8864,0.9877,0.9749,1.41,1.41,0.00
2181,3613,medium,0.8566,0.8489,0.0077,0.7492,0.7375,0.9912,0.9804,2.00,2.00,0.00
2182,4249,medium,0.9496,0.9420,0.0076,0.9041,0.8904,0.9592,0.9494,4.00,6.00,2.00
2183,912,medium,0.9410,0.9334,0.0076,0.8886,0.8751,0.9496,0.9404,7.07,7.72,0.65
2184,270,medium,0.9601,0.9525,0.0076,0.9233,0.9093,0.9797,0.9654,1.00,1.41,0.41
2185,2038,medium,0.8806,0.8730,0.0076,0.7867,0.7746,0.9609,0.9297,1.00,1.00,0.00
2186,3278,medium,0.0076,0.0000,0.0076,0.0038,0.0000,0.5036,0.5000,24.04,111.20,87.16
2187,3429,medium,0.8409,0.8333,0.0076,0.7255,0.7143,0.9683,0.9746,1.41,1.91,0.50
2188,686,medium,0.8330,0.8255,0.0075,0.7138,0.7028,0.8763,0.8654,4.12,3.00,-1.12
2189,1584,medium,0.8836,0.8761,0.0075,0.7915,0.7795,0.9534,0.9457,2.13,2.20,0.07
2190,3531,medium,0.9250,0.9175,0.0075,0.8605,0.8476,0.9465,0.9365,2.50,2.92,0.42
2191,3931,medium,0.8945,0.8869,0.0075,0.8091,0.7968,0.9825,0.9844,1.41,1.41,0.00
2192,331,medium,0.9335,0.9260,0.0075,0.8753,0.8622,0.9801,0.9823,2.00,2.24,0.24
2193,1359,medium,0.9380,0.9305,0.0075,0.8833,0.8701,0.9534,0.9401,2.94,3.61,0.66
2194,159,medium,0.9434,0.9359,0.0075,0.8929,0.8795,0.9743,0.9642,1.41,1.41,0.00
2195,937,medium,0.9101,0.9026,0.0075,0.8351,0.8225,0.9863,0.9763,2.83,2.83,0.00
2196,517,medium,0.9049,0.8974,0.0075,0.8263,0.8139,0.9358,0.9293,7.60,7.62,0.02
2197,2594,medium,0.8687,0.8612,0.0075,0.7679,0.7563,0.8839,0.8781,8.54,8.94,0.40
2198,1438,medium,0.9117,0.9042,0.0075,0.8377,0.8252,0.9619,0.9475,1.41,2.00,0.59
2199,4303,medium,0.6270,0.6196,0.0075,0.4567,0.4488,0.7320,0.7280,7.81,7.86,0.05
2200,73,medium,0.9213,0.9139,0.0075,0.8541,0.8414,0.9754,0.9577,2.83,3.08,0.25
2201,3198,medium,0.8740,0.8666,0.0074,0.7762,0.7646,0.8881,0.8823,5.79,5.93,0.14
2202,3279,medium,0.0074,0.0000,0.0074,0.0037,0.0000,0.5036,0.5000,24.60,113.80,89.20
2203,1643,medium,0.8056,0.7981,0.0074,0.6744,0.6641,0.9833,0.9721,1.65,1.41,-0.23
2204,307,medium,0.9163,0.9088,0.0074,0.8454,0.8329,0.9580,0.9569,4.01,3.61,-0.40
2205,547,medium,0.9604,0.9530,0.0074,0.9239,0.9102,0.9753,0.9680,2.24,3.00,0.76
2206,885,medium,0.9577,0.9503,0.0074,0.9188,0.9052,0.9835,0.9836,2.83,3.00,0.17
2207,3852,medium,0.8943,0.8869,0.0074,0.8087,0.7967,0.9743,0.9647,2.00,2.24,0.24
2208,923,medium,0.4979,0.4905,0.0074,0.3315,0.3249,0.9348,0.9733,16.79,15.60,-1.19
2209,4164,medium,0.8341,0.8267,0.0074,0.7154,0.7046,0.8703,0.8591,8.06,8.53,0.47
2210,3280,medium,0.0074,0.0000,0.0074,0.0037,0.0000,0.5036,0.5000,25.00,68.01,43.01
2211,1718,medium,0.9623,0.9550,0.0074,0.9274,0.9138,0.9811,0.9658,1.00,1.41,0.41
2212,1198,medium,0.8939,0.8865,0.0074,0.8081,0.7961,0.9545,0.9659,1.35,1.35,0.00
2213,1308,medium,0.7897,0.7823,0.0074,0.6524,0.6424,0.9016,0.8718,4.30,4.63,0.33
2214,484,medium,0.9242,0.9168,0.0074,0.8590,0.8464,0.9510,0.9463,5.42,6.71,1.29
2215,4275,medium,0.9247,0.9173,0.0073,0.8599,0.8473,0.9316,0.9236,7.98,8.00,0.02
2216,925,medium,0.5930,0.5857,0.0073,0.4215,0.4141,0.9440,0.9506,13.29,12.81,-0.49
2217,2597,medium,0.8700,0.8627,0.0073,0.7699,0.7585,0.8851,0.8794,7.86,8.14,0.28
2218,2403,medium,0.9682,0.9609,0.0073,0.9384,0.9248,0.9921,0.9814,1.00,1.00,0.00
2219,177,medium,0.8742,0.8670,0.0072,0.7765,0.7652,0.9235,0.9173,1.47,1.62,0.15
2220,4162,medium,0.8404,0.8332,0.0072,0.7248,0.7141,0.8649,0.8580,7.02,7.02,0.00
2221,157,medium,0.9229,0.9157,0.0072,0.8568,0.8444,0.9440,0.9338,2.88,3.61,0.73
2222,4282,medium,0.9528,0.9456,0.0072,0.9099,0.8969,0.9633,0.9538,3.96,5.10,1.14
2223,437,medium,0.8782,0.8710,0.0072,0.7828,0.7715,0.9696,0.9572,5.10,6.14,1.04
2224,1047,medium,0.8648,0.8577,0.0072,0.7618,0.7508,0.9106,0.9021,6.32,6.32,0.00
2225,4082,medium,0.8317,0.8246,0.0071,0.7119,0.7015,0.9228,0.8935,5.10,7.40,2.30
2226,1685,medium,0.2963,0.2892,0.0071,0.1739,0.1690,0.9999,0.9999,4.58,4.58,0.00
2227,3809,medium,0.8612,0.8541,0.0071,0.7563,0.7453,0.9864,0.9940,4.24,4.24,0.00
2228,1434,medium,0.8409,0.8338,0.0071,0.7255,0.7150,0.8798,0.8772,4.20,3.94,-0.26
2229,1197,medium,0.9171,0.9100,0.0071,0.8468,0.8348,0.9434,0.9528,1.00,1.00,0.00
2230,799,medium,0.9569,0.9498,0.0071,0.9174,0.9045,0.9851,0.9771,1.00,1.12,0.12
2231,430,medium,0.9224,0.9153,0.0071,0.8560,0.8439,0.9373,0.9308,6.40,6.39,-0.01
2232,443,medium,0.8997,0.8927,0.0071,0.8177,0.8061,0.9743,0.9646,2.83,3.16,0.33
2233,3620,medium,0.8768,0.8697,0.0071,0.7806,0.7695,0.8977,0.8934,4.15,4.12,-0.02
2234,3789,medium,0.7459,0.7389,0.0070,0.5947,0.5859,0.9340,0.9169,9.13,9.22,0.09
2235,4121,medium,0.8493,0.8423,0.0070,0.7380,0.7275,0.8764,0.8721,9.11,9.15,0.04
2236,1282,medium,0.8013,0.7943,0.0070,0.6685,0.6588,0.9213,0.9212,8.06,8.03,-0.04
2237,1171,medium,0.8759,0.8689,0.0070,0.7792,0.7682,0.9335,0.9236,6.38,7.60,1.22
2238,924,medium,0.7256,0.7187,0.0069,0.5693,0.5609,0.9906,0.9927,10.36,9.60,-0.76
2239,1206,medium,0.8103,0.8034,0.0069,0.6812,0.6714,0.9796,0.9796,1.21,1.71,0.50
2240,717,medium,0.9376,0.9307,0.0069,0.8826,0.8704,0.9633,0.9456,2.24,4.03,1.79
2241,2454,medium,0.8692,0.8623,0.0069,0.7687,0.7580,0.8914,0.8847,13.93,14.59,0.66
2242,1720,medium,0.9562,0.9493,0.0069,0.9161,0.9036,0.9745,0.9572,1.94,2.00,0.06
2243,1602,medium,0.9341,0.9272,0.0069,0.8763,0.8643,0.9794,0.9744,2.24,2.94,0.70
2244,2452,medium,0.8300,0.8232,0.0069,0.7095,0.6995,0.8596,0.8539,13.10,13.69,0.59
2245,576,medium,0.9592,0.9524,0.0069,0.9217,0.9091,0.9762,0.9643,1.00,1.00,0.00
2246,1112,medium,0.7956,0.7887,0.0068,0.6606,0.6512,0.8428,0.8333,4.12,4.07,-0.06
2247,1436,medium,0.8818,0.8750,0.0068,0.7887,0.7778,0.9218,0.9089,2.83,3.61,0.78
2248,1498,medium,0.9504,0.9436,0.0068,0.9055,0.8932,0.9675,0.9525,2.56,3.00,0.44
2249,776,medium,0.9614,0.9546,0.0068,0.9257,0.9132,0.9695,0.9643,1.45,1.41,-0.04
2250,2668,medium,0.5567,0.5499,0.0068,0.3857,0.3792,0.7109,0.7029,50.01,49.99,-0.02
2251,1802,medium,0.8421,0.8353,0.0068,0.7273,0.7172,0.8711,0.8660,2.00,2.00,0.00
2252,2355,medium,0.8948,0.8880,0.0068,0.8097,0.7986,0.9415,0.9339,2.00,2.24,0.24
2253,2394,medium,0.5653,0.5586,0.0068,0.3941,0.3875,0.9791,0.9791,4.95,3.98,-0.97
2254,1443,medium,0.8967,0.8899,0.0068,0.8128,0.8017,0.9324,0.9209,2.80,3.00,0.20
2255,337,medium,0.9125,0.9058,0.0068,0.8392,0.8278,0.9427,0.9345,3.00,3.14,0.14
2256,2234,medium,0.0206,0.0139,0.0067,0.0104,0.0070,0.5158,0.5104,24.32,26.28,1.96
2257,466,medium,0.8974,0.8907,0.0067,0.8139,0.8029,0.9389,0.9330,2.00,2.24,0.24
2258,4330,medium,0.1281,0.1215,0.0067,0.0685,0.0647,0.7012,0.6312,12.13,9.96,-2.17
2259,3272,medium,0.3739,0.3672,0.0067,0.2299,0.2249,0.6150,0.6124,20.00,19.42,-0.58
2260,2784,medium,0.8786,0.8719,0.0067,0.7835,0.7730,0.8923,0.8867,7.11,7.26,0.15
2261,398,medium,0.9132,0.9065,0.0067,0.8403,0.8290,0.9354,0.9204,5.00,5.00,0.00
2262,572,medium,0.9538,0.9471,0.0067,0.9116,0.8996,0.9752,0.9629,1.00,1.00,0.00
2263,610,medium,0.8638,0.8571,0.0066,0.7602,0.7500,0.9961,0.9923,2.00,2.00,0.00
2264,2572,medium,0.8507,0.8440,0.0066,0.7401,0.7301,0.8813,0.8723,16.16,17.03,0.87
2265,3622,medium,0.8916,0.8849,0.0066,0.8043,0.7936,0.9168,0.9098,3.61,4.00,0.39
2266,1191,medium,0.9086,0.9020,0.0066,0.8325,0.8214,0.9293,0.9215,3.00,3.00,0.00
2267,19,medium,0.5467,0.5400,0.0066,0.3761,0.3699,0.7135,0.7048,11.33,13.79,2.46
2268,4257,medium,0.9394,0.9327,0.0066,0.8857,0.8740,0.9554,0.9460,4.00,5.00,1.00
2269,281,medium,0.8987,0.8921,0.0066,0.8160,0.8052,0.9492,0.9380,2.24,2.83,0.59
2270,979,medium,0.9267,0.9201,0.0066,0.8634,0.8520,0.9777,0.9381,2.83,5.00,2.17
2271,243,medium,0.9272,0.9206,0.0066,0.8642,0.8528,0.9579,0.9454,2.83,2.83,0.00
2272,3319,medium,0.5089,0.5024,0.0066,0.3413,0.3354,0.7065,0.6920,11.21,10.88,-0.33
2273,699,medium,0.9655,0.9590,0.0065,0.9333,0.9212,0.9755,0.9662,2.00,2.00,0.00
2274,2881,medium,0.0065,0.0000,0.0065,0.0033,0.0000,0.5449,0.5000,19.63,105.71,86.08
2275,1193,medium,0.9126,0.9061,0.0065,0.8392,0.8283,0.9217,0.9141,2.24,2.24,0.00
2276,1345,medium,0.9624,0.9560,0.0065,0.9276,0.9156,0.9793,0.9665,1.00,1.41,0.41
2277,1237,medium,0.9570,0.9505,0.0065,0.9175,0.9057,0.9818,0.9705,1.41,1.65,0.23
2278,3533,medium,0.9358,0.9294,0.0065,0.8794,0.8681,0.9709,0.9615,2.08,2.47,0.39
2279,308,medium,0.8824,0.8759,0.0065,0.7895,0.7792,0.9456,0.9559,2.83,2.24,-0.59
2280,658,medium,0.8980,0.8916,0.0064,0.8149,0.8044,0.9198,0.9113,9.63,10.17,0.54
2281,514,medium,0.9582,0.9518,0.0064,0.9198,0.9080,0.9702,0.9632,2.85,3.68,0.84
2282,150,medium,0.8628,0.8564,0.0064,0.7588,0.7489,0.8862,0.8795,2.24,2.24,0.00
2283,673,medium,0.9362,0.9298,0.0064,0.8800,0.8688,0.9531,0.9493,3.00,2.83,-0.17
2284,297,medium,0.9614,0.9550,0.0064,0.9257,0.9139,0.9785,0.9678,1.00,1.00,0.00
2285,4144,medium,0.7278,0.7214,0.0064,0.5721,0.5642,0.9423,0.9423,3.08,3.10,0.02
2286,1240,medium,0.9390,0.9326,0.0064,0.8850,0.8737,0.9801,0.9659,2.00,2.00,0.00
2287,1265,medium,0.8632,0.8569,0.0064,0.7594,0.7496,0.8988,0.9006,5.66,3.61,-2.05
2288,2786,medium,0.8916,0.8853,0.0063,0.8044,0.7941,0.9028,0.8973,6.40,6.71,0.31
2289,508,medium,0.8177,0.8113,0.0063,0.6916,0.6826,0.8878,0.8864,10.12,10.41,0.29
2290,486,medium,0.9336,0.9273,0.0063,0.8754,0.8644,0.9645,0.9627,4.76,5.49,0.73
2291,1573,medium,0.7460,0.7397,0.0063,0.5949,0.5870,0.8983,0.9576,2.00,2.00,0.00
2292,1271,medium,0.9085,0.9023,0.0063,0.8324,0.8219,0.9278,0.9213,3.61,4.47,0.87
2293,3196,medium,0.9052,0.8989,0.0063,0.8268,0.8164,0.9172,0.9110,5.00,5.00,0.00
2294,3621,medium,0.8916,0.8853,0.0063,0.8044,0.7942,0.9133,0.9047,3.61,4.00,0.39
2295,653,medium,0.8748,0.8686,0.0063,0.7775,0.7677,0.8932,0.8885,7.16,6.88,-0.27
2296,3570,medium,0.9030,0.8968,0.0063,0.8232,0.8129,0.9199,0.9105,2.83,2.83,0.00
2297,1226,medium,0.9218,0.9156,0.0062,0.8550,0.8443,0.9845,0.9828,1.29,1.41,0.12
2298,1385,medium,0.9327,0.9265,0.0062,0.8739,0.8631,0.9792,0.9792,1.00,1.00,0.00
2299,461,medium,0.8307,0.8245,0.0062,0.7104,0.7014,0.8905,0.8855,3.10,3.16,0.06
2300,1205,medium,0.8714,0.8652,0.0062,0.7722,0.7625,0.9552,0.9552,1.00,1.00,0.00
2301,1485,medium,0.9625,0.9563,0.0062,0.9277,0.9163,0.9740,0.9646,2.24,2.24,0.00
2302,3463,medium,0.9416,0.9354,0.0062,0.8897,0.8787,0.9845,0.9712,4.00,4.24,0.24
2303,385,medium,0.8946,0.8885,0.0062,0.8094,0.7993,0.9275,0.9152,2.00,2.02,0.02
2304,1593,medium,0.9433,0.9372,0.0061,0.8927,0.8817,0.9778,0.9735,2.00,2.00,0.00
2305,3442,medium,0.7892,0.7831,0.0061,0.6518,0.6435,0.8318,0.8364,2.24,2.56,0.33
2306,1784,medium,0.8571,0.8511,0.0061,0.7500,0.7407,0.9257,0.9054,2.87,3.21,0.34
2307,57,medium,0.8815,0.8754,0.0061,0.7880,0.7784,0.8962,0.8934,2.00,2.00,0.00
2308,1235,medium,0.9574,0.9513,0.0061,0.9183,0.9072,0.9746,0.9661,2.00,2.00,0.00
2309,1353,medium,0.9044,0.8983,0.0061,0.8255,0.8154,0.9150,0.9122,4.77,4.77,0.00
2310,1506,medium,0.9632,0.9571,0.0061,0.9290,0.9178,0.9779,0.9701,1.41,2.00,0.59
2311,2087,medium,0.0603,0.0542,0.0061,0.0311,0.0279,0.9980,0.9977,22.11,23.25,1.13
2312,381,medium,0.8850,0.8789,0.0061,0.7937,0.7840,0.9359,0.9113,2.00,2.77,0.77
2313,2859,medium,0.9362,0.9302,0.0060,0.8801,0.8695,0.9736,0.9442,3.00,3.61,0.61
2314,3370,medium,0.7386,0.7326,0.0060,0.5856,0.5780,0.9666,0.9837,5.83,6.00,0.17
2315,1508,medium,0.9622,0.9562,0.0060,0.9272,0.9161,0.9732,0.9649,2.93,3.54,0.61
2316,291,medium,0.9427,0.9367,0.0060,0.8917,0.8810,0.9707,0.9627,1.41,1.41,0.00
2317,1556,medium,0.9302,0.9242,0.0060,0.8696,0.8592,0.9687,0.9765,1.00,1.00,0.00
2318,1451,medium,0.8093,0.8034,0.0060,0.6797,0.6714,0.9703,0.9638,3.07,3.16,0.09
2319,488,medium,0.9379,0.9319,0.0059,0.8831,0.8726,0.9675,0.9675,4.04,3.84,-0.20
2320,1565,medium,0.9639,0.9580,0.0059,0.9303,0.9193,0.9785,0.9695,1.00,1.00,0.00
2321,1596,medium,0.8817,0.8757,0.0059,0.7884,0.7789,0.9655,0.9619,3.00,4.00,1.00
2322,4160,medium,0.8358,0.8299,0.0059,0.7179,0.7092,0.8649,0.8580,6.71,6.71,0.00
2323,4284,medium,0.9556,0.9496,0.0059,0.9149,0.9041,0.9683,0.9593,3.47,5.00,1.53
2324,3419,medium,0.7356,0.7297,0.0059,0.5818,0.5745,0.9571,0.8857,1.31,1.41,0.10
2325,1034,medium,0.8946,0.8887,0.0059,0.8093,0.7997,0.9468,0.9600,5.79,5.56,-0.23
2326,4253,medium,0.9573,0.9515,0.0059,0.9181,0.9074,0.9667,0.9584,3.09,5.00,1.91
2327,1229,medium,0.9615,0.9557,0.0059,0.9259,0.9151,0.9891,0.9829,1.00,1.41,0.41
2328,662,medium,0.8753,0.8694,0.0059,0.7783,0.7690,0.8968,0.8900,8.06,10.00,1.94
2329,3826,medium,0.9106,0.9047,0.0058,0.8358,0.8260,0.9675,0.9500,5.66,7.81,2.15
2330,764,medium,0.8892,0.8834,0.0058,0.8005,0.7911,0.9509,0.9365,3.23,3.61,0.38
2331,778,medium,0.9703,0.9645,0.0058,0.9424,0.9315,0.9815,0.9746,1.00,1.00,0.00
2332,3846,medium,0.7290,0.7232,0.0058,0.5736,0.5664,0.9789,0.9705,75.03,74.16,-0.87
2333,2017,medium,0.7111,0.7053,0.0058,0.5517,0.5448,0.9863,0.9930,3.66,4.65,0.99
2334,1650,medium,0.7844,0.7786,0.0058,0.6453,0.6375,0.9037,0.9090,8.75,8.42,-0.32
2335,2173,medium,0.0204,0.0147,0.0058,0.0103,0.0074,0.5324,0.5254,29.17,27.66,-1.51
2336,1794,medium,0.7229,0.7171,0.0058,0.5660,0.5590,0.8040,0.8040,6.70,6.20,-0.49
2337,3808,medium,0.8592,0.8535,0.0057,0.7532,0.7445,0.9879,0.9891,5.00,4.24,-0.76
2338,704,medium,0.8614,0.8557,0.0057,0.7566,0.7478,0.9918,0.9849,4.00,5.00,1.00
2339,152,medium,0.9004,0.8947,0.0057,0.8189,0.8095,0.9642,0.9553,1.41,1.41,0.00
2340,808,medium,0.9531,0.9474,0.0057,0.9103,0.9000,0.9822,0.9782,1.10,1.44,0.34
2341,1561,medium,0.9384,0.9328,0.0057,0.8840,0.8740,0.9604,0.9479,1.00,1.00,0.00
2342,104,medium,0.9250,0.9193,0.0057,0.8604,0.8507,0.9619,0.9478,3.90,2.91,-0.99
2343,1468,medium,0.8071,0.8014,0.0056,0.6765,0.6686,0.9696,0.9668,3.88,3.00,-0.88
2344,2790,medium,0.8821,0.8765,0.0056,0.7890,0.7801,0.8945,0.8901,6.32,6.71,0.38
2345,3274,medium,0.4047,0.3991,0.0056,0.2536,0.2493,0.6268,0.6246,19.33,19.10,-0.22
2346,650,medium,0.9132,0.9077,0.0056,0.8403,0.8309,0.9329,0.9207,7.18,8.26,1.08
2347,2388,medium,0.9181,0.9126,0.0056,0.8487,0.8392,0.9433,0.9484,4.00,3.85,-0.15
2348,4368,medium,0.8425,0.8370,0.0055,0.7279,0.7197,0.8640,0.8598,8.44,8.54,0.11
2349,283,medium,0.8854,0.8799,0.0055,0.7943,0.7855,0.9745,0.9670,2.00,2.00,0.00
2350,2085,medium,0.0604,0.0549,0.0055,0.0311,0.0282,0.9980,0.9978,22.47,23.26,0.79
2351,306,medium,0.8595,0.8540,0.0055,0.7536,0.7452,0.8989,0.9526,7.23,3.84,-3.39
2352,1464,medium,0.8941,0.8886,0.0055,0.8085,0.7996,0.9737,0.9724,1.41,2.00,0.59
2353,1287,medium,0.6685,0.6630,0.0055,0.5021,0.4959,0.7955,0.8004,13.11,13.09,-0.02
2354,2138,medium,0.0972,0.0917,0.0055,0.0511,0.0481,0.5998,0.5713,10.82,7.21,-3.61
2355,1231,medium,0.9614,0.9559,0.0055,0.9256,0.9155,0.9833,0.9757,2.00,2.00,0.00
2356,2074,medium,0.8188,0.8133,0.0055,0.6932,0.6854,0.9919,0.9919,1.62,2.00,0.38
2357,537,medium,0.9587,0.9533,0.0055,0.9208,0.9108,0.9720,0.9638,1.41,2.00,0.59
2358,718,medium,0.9456,0.9402,0.0054,0.8968,0.8871,0.9904,0.9678,2.00,4.00,2.00
2359,2463,medium,0.9149,0.9094,0.0054,0.8431,0.8339,0.9255,0.9202,8.79,8.49,-0.31
2360,2910,medium,0.6682,0.6628,0.0054,0.5017,0.4957,0.7522,0.7487,8.83,9.07,0.24
2361,2075,medium,0.8133,0.8079,0.0054,0.6854,0.6778,0.9919,0.9919,1.62,2.00,0.38
2362,2792,medium,0.8910,0.8856,0.0054,0.8034,0.7947,0.9019,0.8975,6.00,6.32,0.32
2363,761,medium,0.8581,0.8527,0.0054,0.7515,0.7433,0.9131,0.9003,2.11,2.93,0.83
2364,1589,medium,0.9425,0.9372,0.0054,0.8913,0.8818,0.9731,0.9801,2.80,2.00,-0.80
2365,675,medium,0.9448,0.9395,0.0054,0.8954,0.8858,0.9656,0.9519,8.52,8.51,-0.01
2366,2880,medium,0.0053,0.0000,0.0053,0.0027,0.0000,0.5448,0.5000,19.10,105.71,86.61
2367,3938,medium,0.9024,0.8970,0.0053,0.8221,0.8133,0.9649,0.9846,2.00,2.00,0.00
2368,1427,medium,0.8887,0.8834,0.0053,0.7997,0.7912,0.9603,0.9572,2.92,3.00,0.08
2369,549,medium,0.9725,0.9672,0.0053,0.9466,0.9366,0.9859,0.9834,1.08,2.00,0.92
2370,2296,medium,0.8641,0.8590,0.0052,0.7608,0.7528,0.8872,0.8831,8.60,9.22,0.62
2371,1036,medium,0.9060,0.9008,0.0051,0.8281,0.8195,0.9280,0.9259,5.00,5.00,0.00
2372,468,medium,0.8265,0.8213,0.0051,0.7043,0.6969,0.8786,0.8703,5.07,4.89,-0.18
2373,1114,medium,0.7522,0.7471,0.0051,0.6028,0.5962,0.8071,0.8024,4.12,4.17,0.05
2374,1281,medium,0.7992,0.7941,0.0051,0.6655,0.6585,0.9408,0.9316,8.18,8.25,0.06
2375,719,medium,0.9373,0.9322,0.0051,0.8820,0.8731,0.9712,0.9593,3.92,4.97,1.05
2376,3259,medium,0.8123,0.8072,0.0051,0.6839,0.6768,0.8420,0.8384,8.00,8.00,-0.00
2377,1604,medium,0.9464,0.9413,0.0050,0.8982,0.8891,0.9766,0.9743,2.24,2.24,0.00
2378,3957,medium,0.8772,0.8722,0.0050,0.7812,0.7733,0.9825,0.9806,2.00,2.00,0.00
2379,1393,medium,0.8849,0.8799,0.0050,0.7935,0.7855,0.9606,0.9662,1.41,1.82,0.41
2380,53,medium,0.9078,0.9028,0.0050,0.8312,0.8228,0.9267,0.9333,1.19,1.00,-0.19
2381,659,medium,0.8206,0.8156,0.0050,0.6958,0.6887,0.8622,0.8615,6.72,11.01,4.29
2382,1169,medium,0.8537,0.8488,0.0050,0.7448,0.7373,0.9060,0.8982,9.22,10.89,1.67
2383,4421,medium,0.7589,0.7539,0.0050,0.6115,0.6051,0.9447,0.8633,24.19,25.01,0.82
2384,916,medium,0.7941,0.7891,0.0050,0.6585,0.6517,0.8320,0.8279,11.25,11.10,-0.15
2385,671,medium,0.9356,0.9306,0.0050,0.8790,0.8702,0.9599,0.9498,3.16,2.24,-0.93
2386,1233,medium,0.9610,0.9561,0.0050,0.9250,0.9159,0.9781,0.9706,2.00,2.24,0.24
2387,2642,medium,0.8166,0.8116,0.0050,0.6900,0.6830,0.8487,0.8444,41.71,41.94,0.23
2388,3659,medium,0.7157,0.7107,0.0049,0.5573,0.5513,0.8743,0.7923,14.00,15.87,1.87
2389,4259,medium,0.9478,0.9429,0.0049,0.9008,0.8919,0.9571,0.9503,4.00,4.37,0.37
2390,2013,medium,0.7818,0.7768,0.0049,0.6417,0.6351,0.9979,0.9839,4.40,5.00,0.60
2391,3780,medium,0.8196,0.8147,0.0049,0.6944,0.6874,0.9885,0.9889,9.97,9.49,-0.48
2392,164,medium,0.9532,0.9483,0.0049,0.9106,0.9017,0.9748,0.9622,1.00,1.41,0.41
2393,4438,medium,0.8822,0.8773,0.0049,0.7892,0.7814,0.9187,0.9047,15.00,16.82,1.82
2394,518,medium,0.9692,0.9643,0.0049,0.9402,0.9311,0.9820,0.9801,2.11,2.83,0.72
2395,759,medium,0.8493,0.8444,0.0049,0.7381,0.7308,0.8959,0.8814,4.00,4.28,0.28
2396,2398,medium,0.9756,0.9707,0.0049,0.9523,0.9431,0.9873,0.9792,1.00,1.00,0.00
2397,419,medium,0.9016,0.8968,0.0049,0.8209,0.8128,0.9263,0.9132,5.07,5.72,0.65
2398,1280,medium,0.8063,0.8015,0.0048,0.6755,0.6687,0.9234,0.9205,10.05,10.05,0.00
2399,1545,medium,0.8449,0.8400,0.0048,0.7314,0.7242,0.9457,0.9331,2.99,4.13,1.14
2400,1963,medium,0.2322,0.2274,0.0048,0.1314,0.1283,0.5668,0.5651,29.45,30.41,0.96
2401,2879,medium,0.0048,0.0000,0.0048,0.0024,0.0000,0.5447,0.5000,24.70,105.71,81.01
2402,1618,medium,0.9436,0.9389,0.0048,0.8932,0.8848,0.9709,0.9733,3.16,2.00,-1.16
2403,1528,medium,0.8365,0.8318,0.0047,0.7190,0.7120,0.9740,0.9740,3.94,3.56,-0.38
2404,4238,medium,0.7984,0.7937,0.0047,0.6645,0.6580,0.8322,0.8290,5.41,5.39,-0.02
2405,1227,medium,0.9536,0.9489,0.0047,0.9113,0.9027,0.9869,0.9832,2.00,2.00,0.00
2406,4263,medium,0.9342,0.9295,0.0047,0.8765,0.8683,0.9405,0.9347,4.00,4.40,0.40
2407,2283,medium,0.9420,0.9373,0.0047,0.8903,0.8819,0.9492,0.9450,3.16,3.21,0.04
2408,524,medium,0.9554,0.9507,0.0047,0.9146,0.9060,0.9746,0.9651,2.20,2.24,0.04
2409,1585,medium,0.9155,0.9108,0.0047,0.8441,0.8362,0.9535,0.9544,5.00,3.39,-1.61
2410,872,medium,0.9495,0.9448,0.0047,0.9039,0.8954,0.9809,0.9731,2.83,2.38,-0.44
2411,4409,medium,0.0047,0.0000,0.0047,0.0023,0.0000,0.5041,0.4995,39.29,50.80,11.51
2412,3352,medium,0.6464,0.6417,0.0047,0.4776,0.4725,0.9624,0.9624,13.00,13.03,0.03
2413,4271,medium,0.9449,0.9403,0.0047,0.8956,0.8873,0.9673,0.9580,6.00,6.61,0.61
2414,1352,medium,0.8894,0.8847,0.0047,0.8008,0.7933,0.9029,0.9008,7.02,7.03,0.01
2415,2761,medium,0.6110,0.6064,0.0047,0.4399,0.4351,0.7200,0.7175,6.57,6.32,-0.25
2416,279,medium,0.8618,0.8571,0.0046,0.7571,0.7500,0.9215,0.9124,5.00,5.06,0.06
2417,1374,medium,0.9147,0.9101,0.0046,0.8429,0.8351,0.9758,0.9355,1.06,2.00,0.94
2418,1957,medium,0.4068,0.4022,0.0046,0.2553,0.2517,0.6313,0.6259,22.62,19.24,-3.38
2419,2677,medium,0.7534,0.7488,0.0046,0.6043,0.5984,0.8055,0.8016,37.21,38.04,0.83
2420,160,medium,0.9496,0.9451,0.0045,0.9041,0.8959,0.9742,0.9619,1.00,1.00,0.00
2421,1637,medium,0.9247,0.9202,0.0045,0.8600,0.8522,0.9699,0.9726,1.00,1.00,0.00
2422,706,medium,0.8751,0.8706,0.0045,0.7779,0.7708,0.9934,0.9889,3.61,4.24,0.64
2423,212,medium,0.8383,0.8338,0.0045,0.7216,0.7150,0.8965,0.8979,4.09,4.47,0.38
2424,3597,medium,0.8610,0.8565,0.0045,0.7560,0.7491,0.9902,0.9831,2.24,2.83,0.59
2425,3781,medium,0.8162,0.8117,0.0045,0.6894,0.6831,0.9893,0.9892,10.00,9.49,-0.51
2426,2646,medium,0.7586,0.7541,0.0045,0.6110,0.6053,0.8117,0.8055,36.89,37.79,0.91
2427,1258,medium,0.8742,0.8698,0.0044,0.7766,0.7696,0.9492,0.9545,3.61,3.16,-0.44
2428,79,medium,0.8719,0.8675,0.0044,0.7730,0.7660,0.9117,0.8919,6.00,5.10,-0.90
2429,2023,medium,0.3356,0.3311,0.0044,0.2016,0.1984,0.9998,0.9998,7.21,7.07,-0.14
2430,807,medium,0.9599,0.9554,0.0044,0.9229,0.9147,0.9809,0.9780,1.00,1.41,0.41
2431,1096,medium,0.6624,0.6580,0.0044,0.4952,0.4903,0.7736,0.7658,10.00,11.01,1.01
2432,1094,medium,0.6899,0.6855,0.0044,0.5266,0.5215,0.8048,0.7911,8.92,9.22,0.29
2433,4422,medium,0.7710,0.7666,0.0044,0.6273,0.6215,0.9448,0.8374,24.60,30.50,5.90
2434,2351,medium,0.8670,0.8626,0.0044,0.7652,0.7583,0.8923,0.8867,3.16,3.61,0.44
2435,2378,medium,0.9624,0.9580,0.0044,0.9275,0.9194,0.9755,0.9687,1.00,1.00,0.00
2436,3307,medium,0.7353,0.7309,0.0044,0.5814,0.5759,0.8070,0.8192,6.67,6.38,-0.29
2437,13,medium,0.9054,0.9010,0.0044,0.8271,0.8199,0.9381,0.9393,4.81,5.44,0.63
2438,1247,medium,0.8128,0.8085,0.0043,0.6847,0.6785,0.9236,0.9381,8.06,8.08,0.02
2439,1510,medium,0.9638,0.9594,0.0043,0.9301,0.9220,0.9747,0.9690,2.24,2.24,0.00
2440,1803,medium,0.7684,0.7640,0.0043,0.6239,0.6182,0.8178,0.8178,7.58,7.58,0.00
2441,2169,medium,0.0093,0.0050,0.0043,0.0047,0.0025,0.5153,0.5082,27.05,30.50,3.45
2442,526,medium,0.9570,0.9527,0.0043,0.9175,0.9097,0.9744,0.9639,2.24,3.00,0.76
2443,2041,medium,0.8917,0.8874,0.0043,0.8046,0.7976,0.9487,0.9295,1.00,1.00,0.00
2444,1382,medium,0.9295,0.9252,0.0043,0.8683,0.8609,0.9572,0.9380,1.59,2.00,0.41
2445,1217,medium,0.8553,0.8510,0.0043,0.7472,0.7407,0.9864,0.9638,2.24,2.24,0.00
2446,2455,medium,0.8744,0.8701,0.0043,0.7768,0.7701,0.9021,0.8955,13.28,14.28,1.00
2447,1600,medium,0.9069,0.9026,0.0043,0.8296,0.8225,0.9838,0.9773,2.00,2.00,0.00
2448,169,medium,0.9000,0.8958,0.0042,0.8182,0.8112,0.9680,0.9640,2.04,2.04,0.00
2449,1612,medium,0.9435,0.9393,0.0042,0.8931,0.8855,0.9601,0.9700,2.24,2.24,0.00
2450,1657,medium,0.8899,0.8856,0.0042,0.8016,0.7948,0.9971,0.9789,2.00,2.00,0.00
2451,268,medium,0.9588,0.9545,0.0042,0.9208,0.9130,0.9844,0.9749,1.00,1.41,0.41
2452,3898,medium,0.0042,0.0000,0.0042,0.0021,0.0000,0.5011,0.5000,74.87,51.29,-23.59
2453,3441,medium,0.7528,0.7486,0.0042,0.6036,0.5982,0.8045,0.8045,3.06,3.11,0.05
2454,2129,medium,0.8000,0.7958,0.0042,0.6667,0.6609,0.8451,0.8363,3.36,3.61,0.24
2455,1551,medium,0.8731,0.8689,0.0042,0.7748,0.7682,0.9681,0.9705,3.15,5.12,1.96
2456,568,medium,0.9508,0.9466,0.0042,0.9062,0.8986,0.9648,0.9577,1.00,1.19,0.19
2457,563,medium,0.9067,0.9026,0.0042,0.8294,0.8224,0.9654,0.9680,2.00,1.59,-0.41
2458,4371,medium,0.8269,0.8227,0.0042,0.7048,0.6988,0.8524,0.8494,11.73,12.86,1.13
2459,1049,medium,0.8635,0.8594,0.0042,0.7599,0.7534,0.9132,0.9076,6.32,6.21,-0.11
2460,4040,medium,0.3778,0.3736,0.0042,0.2329,0.2297,0.9999,0.9999,3.16,3.61,0.44
2461,2664,medium,0.6437,0.6396,0.0041,0.4746,0.4702,0.7435,0.7391,25.83,25.50,-0.33
2462,329,medium,0.7565,0.7524,0.0041,0.6084,0.6031,0.8599,0.8454,7.15,7.55,0.39
2463,2605,medium,0.7937,0.7896,0.0041,0.6579,0.6523,0.8290,0.8261,23.35,23.62,0.27
2464,3467,medium,0.9323,0.9282,0.0041,0.8733,0.8661,0.9798,0.9640,4.12,4.18,0.05
2465,2908,medium,0.7207,0.7166,0.0041,0.5633,0.5584,0.7909,0.7850,8.51,8.96,0.45
2466,3543,medium,0.9221,0.9181,0.0041,0.8555,0.8485,0.9803,0.9564,4.00,3.98,-0.02
2467,677,medium,0.9363,0.9323,0.0041,0.8803,0.8731,0.9520,0.9465,8.20,6.37,-1.83
2468,3925,medium,0.8799,0.8758,0.0041,0.7855,0.7791,0.9926,0.9871,2.00,2.00,0.00
2469,1220,medium,0.9401,0.9361,0.0040,0.8870,0.8799,0.9759,0.9634,1.41,1.41,0.00
2470,866,medium,0.9361,0.9321,0.0040,0.8800,0.8728,0.9744,0.9681,2.24,2.24,0.00
2471,2405,medium,0.9538,0.9497,0.0040,0.9116,0.9043,0.9762,0.9736,1.00,1.00,0.00
2472,1677,medium,0.8839,0.8799,0.0040,0.7919,0.7856,0.9888,0.9805,2.00,2.00,0.00
2473,1397,medium,0.9209,0.9169,0.0040,0.8533,0.8465,0.9604,0.9496,2.00,2.00,0.00
2474,3051,medium,0.7851,0.7811,0.0040,0.6463,0.6409,0.8780,0.8608,10.36,13.01,2.65
2475,1810,medium,0.6963,0.6923,0.0040,0.5341,0.5294,0.8852,0.7951,2.83,4.10,1.27
2476,642,medium,0.9219,0.9179,0.0040,0.8550,0.8482,0.9424,0.9358,3.61,4.19,0.59
2477,1097,medium,0.6810,0.6770,0.0040,0.5163,0.5117,0.7921,0.7868,9.06,11.01,1.95
2478,2386,medium,0.9085,0.9045,0.0040,0.8323,0.8257,0.9604,0.9638,3.80,3.83,0.03
2479,1607,medium,0.9345,0.9305,0.0039,0.8770,0.8701,0.9498,0.9440,3.23,2.24,-0.99
2480,3001,medium,0.8902,0.8863,0.0039,0.8021,0.7957,0.9604,0.9146,3.30,3.61,0.30
2481,1285,medium,0.7402,0.7363,0.0039,0.5876,0.5826,0.8548,0.8548,11.98,11.94,-0.04
2482,1437,medium,0.7801,0.7762,0.0039,0.6395,0.6342,0.8879,0.9244,2.24,11.87,9.63
2483,1338,medium,0.6582,0.6543,0.0039,0.4906,0.4862,0.7476,0.7524,14.75,14.71,-0.03
2484,801,medium,0.9664,0.9625,0.0039,0.9349,0.9277,0.9882,0.9862,1.00,1.00,0.00
2485,1515,medium,0.9354,0.9315,0.0039,0.8787,0.8718,0.9656,0.9600,2.19,2.24,0.05
2486,578,medium,0.9394,0.9356,0.0038,0.8857,0.8789,0.9793,0.9677,1.00,1.00,0.00
2487,2466,medium,0.9347,0.9308,0.0038,0.8773,0.8706,0.9461,0.9403,4.68,5.00,0.32
2488,1449,medium,0.8977,0.8939,0.0038,0.8144,0.8081,0.9566,0.9503,2.24,2.38,0.15
2489,3217,medium,0.4989,0.4951,0.0037,0.3323,0.3290,0.7498,0.6743,27.93,31.00,3.07
2490,721,medium,0.9211,0.9174,0.0037,0.8537,0.8474,0.9847,0.9743,2.24,2.24,0.00
2491,520,medium,0.9619,0.9582,0.0037,0.9266,0.9197,0.9775,0.9737,2.83,3.02,0.20
2492,1165,medium,0.8634,0.8597,0.0037,0.7596,0.7539,0.9176,0.9170,10.00,11.18,1.18
2493,2281,medium,0.9322,0.9285,0.0037,0.8730,0.8666,0.9500,0.9474,3.07,2.92,-0.15
2494,1609,medium,0.9422,0.9385,0.0037,0.8908,0.8842,0.9582,0.9510,3.00,3.00,0.00
2495,2287,medium,0.9355,0.9318,0.0037,0.8788,0.8723,0.9569,0.9542,3.14,3.00,-0.14
2496,1189,medium,0.8646,0.8610,0.0036,0.7615,0.7559,0.9541,0.9403,1.58,1.62,0.04
2497,432,medium,0.9428,0.9392,0.0036,0.8918,0.8853,0.9615,0.9585,5.00,5.00,0.00
2498,1611,medium,0.9202,0.9166,0.0036,0.8522,0.8460,0.9279,0.9236,3.16,3.61,0.44
2499,295,medium,0.9562,0.9526,0.0036,0.9161,0.9095,0.9884,0.9800,1.39,1.41,0.02
2500,1668,medium,0.8670,0.8634,0.0036,0.7652,0.7597,0.9915,0.9790,2.00,2.00,0.00
2501,1711,medium,0.8031,0.7995,0.0036,0.6709,0.6660,0.8773,0.8737,11.05,10.80,-0.25
2502,2231,medium,0.0534,0.0499,0.0036,0.0274,0.0256,0.5289,0.5288,43.85,43.43,-0.42
2503,289,medium,0.9290,0.9254,0.0035,0.8673,0.8612,0.9794,0.9724,2.24,2.00,-0.24
2504,1728,medium,0.9053,0.9018,0.0035,0.8270,0.8212,0.9485,0.9269,5.43,6.44,1.01
2505,2611,medium,0.7036,0.7002,0.0035,0.5428,0.5387,0.7714,0.7693,33.41,33.87,0.45
2506,1996,medium,0.8261,0.8227,0.0034,0.7037,0.6988,0.9596,0.9677,1.12,1.41,0.29
2507,2171,medium,0.0160,0.0127,0.0034,0.0081,0.0064,0.5256,0.5220,29.27,28.81,-0.46
2508,3794,medium,0.7964,0.7930,0.0034,0.6617,0.6570,0.9596,0.9360,6.71,8.57,1.86
2509,1406,medium,0.8511,0.8477,0.0033,0.7407,0.7357,0.9832,0.9743,3.43,3.11,-0.31
2510,533,medium,0.9583,0.9551,0.0033,0.9200,0.9140,0.9796,0.9725,3.00,3.00,0.00
2511,3503,medium,0.7667,0.7634,0.0033,0.6217,0.6174,0.8273,0.8570,11.34,11.18,-0.15
2512,3628,medium,0.8333,0.8301,0.0033,0.7143,0.7095,0.8607,0.8597,5.25,5.62,0.37
2513,2372,medium,0.8989,0.8956,0.0033,0.8163,0.8110,0.9132,0.9122,2.11,2.24,0.13
2514,4135,medium,0.8515,0.8483,0.0032,0.7414,0.7365,0.9012,0.8940,7.02,7.12,0.10
2515,550,medium,0.7429,0.7397,0.0032,0.5910,0.5869,0.8751,0.8725,22.33,22.50,0.16
2516,1812,medium,0.6467,0.6435,0.0032,0.4779,0.4744,0.9425,0.8032,3.08,4.15,1.07
2517,320,medium,0.8481,0.8449,0.0032,0.7363,0.7314,0.9321,0.9524,6.88,5.72,-1.16
2518,3796,medium,0.7886,0.7854,0.0032,0.6509,0.6466,0.9631,0.9443,6.40,7.62,1.21
2519,591,medium,0.8683,0.8652,0.0032,0.7673,0.7624,0.9640,0.9610,2.00,1.41,-0.59
2520,3779,medium,0.7595,0.7563,0.0032,0.6123,0.6082,0.9800,0.9779,8.47,8.08,-0.39
2521,2941,medium,0.7655,0.7623,0.0031,0.6200,0.6159,0.8292,0.8156,5.00,6.40,1.40
2522,3199,medium,0.8447,0.8416,0.0031,0.7312,0.7265,0.8656,0.8632,6.26,6.06,-0.20
2523,216,medium,0.8448,0.8417,0.0031,0.7313,0.7266,0.8697,0.8660,8.00,7.83,-0.17
2524,96,medium,0.8726,0.8695,0.0031,0.7740,0.7691,0.9048,0.9014,6.32,5.39,-0.94
2525,2230,medium,0.0419,0.0389,0.0030,0.0214,0.0198,0.5224,0.5223,44.78,44.42,-0.35
2526,543,medium,0.9680,0.9650,0.0030,0.9380,0.9323,0.9820,0.9773,1.41,2.00,0.59
2527,3095,medium,0.5416,0.5386,0.0030,0.3714,0.3685,0.8586,0.8193,7.64,10.79,3.16
2528,275,medium,0.8000,0.7970,0.0030,0.6667,0.6625,0.9325,0.9325,11.00,10.00,-1.00
2529,462,medium,0.8515,0.8485,0.0030,0.7414,0.7368,0.9018,0.8925,2.00,2.24,0.24
2530,876,medium,0.9633,0.9603,0.0030,0.9291,0.9236,0.9876,0.9816,1.41,2.00,0.59
2531,3276,medium,0.2757,0.2727,0.0030,0.1599,0.1579,0.6005,0.6005,20.04,20.00,-0.04
2532,1567,medium,0.9294,0.9264,0.0030,0.8681,0.8630,0.9438,0.9363,2.56,2.59,0.03
2533,538,medium,0.9260,0.9231,0.0030,0.8623,0.8571,0.9582,0.9498,5.10,6.04,0.94
2534,236,medium,0.9092,0.9062,0.0030,0.8335,0.8285,0.9321,0.9219,4.00,4.38,0.38
2535,147,medium,0.9373,0.9343,0.0029,0.8819,0.8768,0.9652,0.9560,1.00,1.00,0.00
2536,1145,medium,0.6087,0.6058,0.0029,0.4375,0.4345,0.9324,0.9100,4.14,3.66,-0.48
2537,1219,medium,0.8991,0.8962,0.0029,0.8166,0.8119,0.9923,0.9826,2.00,2.00,0.00
2538,2279,medium,0.9324,0.9296,0.0028,0.8734,0.8684,0.9427,0.9405,3.38,3.16,-0.22
2539,2149,medium,0.7528,0.7500,0.0028,0.6036,0.6000,0.8097,0.8078,8.00,8.00,0.00
2540,2445,medium,0.7388,0.7360,0.0028,0.5858,0.5822,0.8555,0.8327,12.04,12.21,0.16
2541,519,medium,0.8794,0.8766,0.0028,0.7848,0.7803,0.9580,0.9554,5.83,5.83,0.00
2542,1516,medium,0.9637,0.9609,0.0028,0.9299,0.9247,0.9768,0.9719,2.00,2.00,0.00
2543,1562,medium,0.9444,0.9416,0.0028,0.8947,0.8897,0.9630,0.9552,1.00,1.00,0.00
2544,1088,medium,0.8826,0.8799,0.0028,0.7899,0.7855,0.9120,0.9097,4.12,4.79,0.67
2545,456,medium,0.9191,0.9164,0.0027,0.8503,0.8456,0.9472,0.9448,3.61,4.20,0.60
2546,4217,medium,0.7794,0.7768,0.0026,0.6386,0.6351,0.8193,0.8175,7.36,7.36,0.00
2547,874,medium,0.9469,0.9443,0.0026,0.8992,0.8946,0.9790,0.9712,2.83,3.00,0.17
2548,2736,medium,0.6931,0.6905,0.0026,0.5303,0.5273,0.7652,0.7636,5.39,5.00,-0.39
2549,535,medium,0.9617,0.9591,0.0026,0.9262,0.9214,0.9775,0.9682,2.00,2.13,0.13
2550,2095,medium,0.4083,0.4057,0.0026,0.2565,0.2545,0.9951,0.9966,10.44,10.05,-0.39
2551,2042,medium,0.9000,0.8974,0.0026,0.8182,0.8140,0.9615,0.9487,1.00,1.00,0.00
2552,1761,medium,0.7794,0.7769,0.0026,0.6386,0.6351,0.8680,0.8264,3.00,4.10,1.10
2553,812,medium,0.7678,0.7653,0.0025,0.6231,0.6198,0.8662,0.8437,8.06,8.00,-0.06
2554,3776,medium,0.6664,0.6639,0.0025,0.4997,0.4969,0.9636,0.9377,10.44,12.08,1.64
2555,391,medium,0.7994,0.7969,0.0025,0.6658,0.6624,0.8436,0.8463,8.40,8.11,-0.29
2556,2451,medium,0.8371,0.8346,0.0025,0.7198,0.7162,0.8695,0.8656,13.14,13.72,0.58
2557,2201,medium,0.8176,0.8151,0.0025,0.6915,0.6880,0.9752,0.9150,5.83,9.99,4.16
2558,839,medium,0.7074,0.7049,0.0024,0.5472,0.5443,0.8222,0.7966,11.00,11.00,0.00
2559,1514,medium,0.9583,0.9558,0.0024,0.9199,0.9154,0.9737,0.9707,2.24,2.24,0.00
2560,1512,medium,0.9621,0.9597,0.0024,0.9271,0.9225,0.9749,0.9709,2.24,2.44,0.21
2561,3818,medium,0.8727,0.8703,0.0024,0.7741,0.7703,0.9450,0.9230,6.71,8.94,2.24
2562,3484,medium,0.9461,0.9437,0.0024,0.8977,0.8934,0.9870,0.9634,2.83,2.83,0.00
2563,2273,medium,0.9350,0.9327,0.0023,0.8780,0.8738,0.9436,0.9436,3.12,3.16,0.04
2564,1256,medium,0.8644,0.8621,0.0023,0.7612,0.7575,0.9204,0.9220,5.39,5.00,-0.39
2565,4240,medium,0.7652,0.7628,0.0023,0.6196,0.6166,0.8098,0.8083,5.81,5.81,0.00
2566,2734,medium,0.6110,0.6087,0.0023,0.4399,0.4375,0.7200,0.7188,6.32,6.32,0.00
2567,399,medium,0.7785,0.7762,0.0023,0.6373,0.6342,0.8544,0.8472,12.08,11.74,-0.34
2568,2648,medium,0.7642,0.7619,0.0022,0.6183,0.6154,0.8164,0.8125,36.89,37.47,0.58
2569,2399,medium,0.9705,0.9683,0.0022,0.9427,0.9385,0.9909,0.9828,1.00,1.00,0.00
2570,272,medium,0.9369,0.9347,0.0022,0.8813,0.8773,0.9754,0.9675,1.41,2.00,0.59
2571,309,medium,0.9002,0.8980,0.0022,0.8185,0.8149,0.9424,0.9340,5.83,7.52,1.68
2572,744,medium,0.9161,0.9139,0.0022,0.8452,0.8415,0.9610,0.9480,1.00,1.00,0.00
2573,326,medium,0.8967,0.8944,0.0022,0.8127,0.8090,0.9765,0.9722,2.83,2.97,0.14
2574,726,medium,0.7967,0.7944,0.0022,0.6620,0.6590,0.8373,0.8373,2.83,2.83,0.00
2575,3379,medium,0.6509,0.6487,0.0022,0.4825,0.4801,0.9503,0.9444,13.00,12.37,-0.63
2576,881,medium,0.9407,0.9385,0.0022,0.8881,0.8842,0.9899,0.9884,3.16,3.16,0.00
2577,2464,medium,0.9205,0.9183,0.0022,0.8527,0.8489,0.9309,0.9267,8.60,9.16,0.56
2578,1274,medium,0.7373,0.7351,0.0022,0.5839,0.5812,0.8347,0.8466,8.00,8.00,0.00
2579,401,medium,0.8203,0.8182,0.0021,0.6954,0.6923,0.8605,0.8529,15.39,14.53,-0.87
2580,1440,medium,0.9403,0.9382,0.0021,0.8872,0.8835,0.9667,0.9660,1.41,1.41,0.00
2581,3310,medium,0.6609,0.6588,0.0020,0.4935,0.4912,0.7533,0.7489,6.32,6.40,0.08
2582,2391,medium,0.9473,0.9452,0.0020,0.8998,0.8961,0.9709,0.9620,1.00,1.00,0.00
2583,1404,medium,0.8911,0.8891,0.0020,0.8036,0.8004,0.9782,0.9685,3.00,2.83,-0.17
2584,1093,medium,0.8198,0.8178,0.0020,0.6946,0.6918,0.8995,0.8725,5.06,5.79,0.73
2585,693,medium,0.9675,0.9655,0.0020,0.9371,0.9333,0.9821,0.9751,2.00,2.24,0.24
2586,879,medium,0.9432,0.9412,0.0020,0.8925,0.8890,0.9896,0.9852,3.06,3.00,-0.06
2587,173,medium,0.7302,0.7283,0.0020,0.5751,0.5726,0.7900,0.7900,6.69,7.21,0.52
2588,156,medium,0.9136,0.9117,0.0020,0.8410,0.8377,0.9373,0.9267,3.61,4.21,0.61
2589,522,medium,0.9561,0.9541,0.0020,0.9159,0.9123,0.9678,0.9637,3.16,3.27,0.11
2590,2232,medium,0.0218,0.0199,0.0020,0.0110,0.0100,0.5158,0.5157,27.14,26.26,-0.88
2591,1248,medium,0.8526,0.8507,0.0019,0.7431,0.7402,0.8812,0.8797,6.32,6.32,0.00
2592,700,medium,0.8430,0.8411,0.0019,0.7287,0.7258,0.9614,0.9558,4.32,5.00,0.68
2593,77,medium,0.8767,0.8748,0.0019,0.7805,0.7775,0.9185,0.8972,6.00,4.24,-1.76
2594,531,medium,0.9511,0.9492,0.0019,0.9067,0.9033,0.9853,0.9743,2.00,2.08,0.08
2595,478,medium,0.9240,0.9222,0.0018,0.8588,0.8556,0.9507,0.9428,2.24,2.24,0.00
2596,1576,medium,0.8169,0.8151,0.0018,0.6905,0.6879,0.9328,0.9440,2.00,2.00,0.00
2597,452,medium,0.8846,0.8828,0.0018,0.7931,0.7902,0.9330,0.9371,6.63,6.81,0.17
2598,3264,medium,0.7744,0.7726,0.0018,0.6319,0.6295,0.8159,0.8181,8.68,8.94,0.26
2599,234,medium,0.9231,0.9213,0.0018,0.8571,0.8541,0.9448,0.9341,3.16,4.00,0.84
2600,1571,medium,0.8128,0.8111,0.0017,0.6846,0.6822,0.9944,0.9888,3.12,3.00,-0.12
2601,158,medium,0.9304,0.9287,0.0017,0.8699,0.8670,0.9657,0.9611,2.24,2.83,0.59
2602,374,medium,0.9037,0.9020,0.0017,0.8244,0.8215,0.9242,0.9227,2.24,2.24,0.00
2603,388,medium,0.8786,0.8769,0.0017,0.7835,0.7809,0.9132,0.9067,4.55,4.60,0.05
2604,570,medium,0.9543,0.9526,0.0017,0.9126,0.9095,0.9777,0.9718,1.14,1.17,0.02
2605,981,medium,0.9299,0.9282,0.0017,0.8689,0.8660,0.9810,0.9527,2.83,3.58,0.75
2606,4420,medium,0.7092,0.7076,0.0016,0.5494,0.5475,0.9425,0.8974,8.02,5.52,-2.50
2607,2233,medium,0.0217,0.0201,0.0016,0.0110,0.0102,0.5158,0.5157,26.28,26.14,-0.14
2608,1040,medium,0.9176,0.9160,0.0016,0.8478,0.8450,0.9432,0.9341,3.61,4.12,0.52
2609,541,medium,0.9588,0.9572,0.0016,0.9208,0.9179,0.9836,0.9794,1.41,2.00,0.59
2610,1541,medium,0.8333,0.8317,0.0016,0.7143,0.7120,0.9625,0.9660,2.91,2.88,-0.03
2611,3616,medium,0.8169,0.8153,0.0016,0.6905,0.6883,0.9103,0.9009,2.00,2.24,0.24
2612,4265,medium,0.9418,0.9403,0.0016,0.8901,0.8873,0.9576,0.9536,4.07,4.89,0.82
2613,240,medium,0.9184,0.9168,0.0015,0.8491,0.8465,0.9411,0.9324,3.08,4.33,1.25
2614,2277,medium,0.9286,0.9271,0.0015,0.8667,0.8641,0.9367,0.9354,3.41,3.49,0.09
2615,528,medium,0.9483,0.9469,0.0015,0.9017,0.8991,0.9794,0.9683,2.24,3.00,0.76
2616,545,medium,0.9657,0.9642,0.0015,0.9336,0.9309,0.9819,0.9775,2.00,2.00,0.00
2617,1384,medium,0.9296,0.9282,0.0015,0.8685,0.8660,0.9514,0.9532,1.00,1.41,0.41
2618,1536,medium,0.8233,0.8218,0.0014,0.6996,0.6975,0.9680,0.9482,7.96,7.05,-0.91
2619,1724,medium,0.9532,0.9518,0.0014,0.9106,0.9080,0.9856,0.9639,1.41,1.41,0.00
2620,1429,medium,0.8563,0.8549,0.0014,0.7487,0.7466,0.9726,0.9704,2.24,2.24,0.00
2621,168,medium,0.9231,0.9217,0.0014,0.8571,0.8547,0.9588,0.9500,1.27,1.41,0.14
2622,939,medium,0.8501,0.8487,0.0014,0.7393,0.7372,0.9751,0.9594,4.12,4.32,0.20
2623,278,medium,0.8954,0.8940,0.0014,0.8107,0.8084,0.9660,0.9659,2.24,2.24,0.00
2624,1007,medium,0.9259,0.9245,0.0014,0.8621,0.8597,0.9619,0.9466,2.00,2.83,0.83
2625,2742,medium,0.6497,0.6483,0.0014,0.4811,0.4796,0.7429,0.7428,11.99,11.99,0.00
2626,1107,medium,0.8689,0.8675,0.0013,0.7681,0.7660,0.9251,0.9157,6.10,6.11,0.02
2627,245,medium,0.9173,0.9160,0.0013,0.8473,0.8450,0.9845,0.9762,2.11,2.24,0.13
2628,3857,medium,0.8868,0.8855,0.0013,0.7966,0.7945,0.9593,0.9325,4.00,4.12,0.12
2629,1042,medium,0.9163,0.9150,0.0013,0.8455,0.8433,0.9422,0.9351,4.79,5.00,0.21
2630,3522,medium,0.8596,0.8584,0.0012,0.7538,0.7519,0.9117,0.9075,1.85,2.00,0.15
2631,1063,medium,0.8559,0.8547,0.0012,0.7481,0.7463,0.9719,0.9672,2.50,2.24,-0.27
2632,454,medium,0.9477,0.9465,0.0012,0.9006,0.8984,0.9734,0.9801,3.00,2.24,-0.76
2633,1537,medium,0.8444,0.8432,0.0012,0.7306,0.7289,0.9482,0.9276,3.00,2.24,-0.76
2634,846,medium,0.8932,0.8920,0.0011,0.8070,0.8051,0.9204,0.9227,5.83,5.83,0.00
2635,1425,medium,0.8900,0.8889,0.0011,0.8018,0.8000,0.9597,0.9545,2.83,2.98,0.15
2636,4146,medium,0.8139,0.8128,0.0011,0.6861,0.6846,0.8999,0.9063,7.00,8.00,1.00
2637,404,medium,0.8797,0.8786,0.0011,0.7852,0.7835,0.9386,0.9312,9.00,9.00,0.00
2638,877,medium,0.9433,0.9422,0.0011,0.8927,0.8908,0.9912,0.9860,3.21,3.16,-0.04
2639,154,medium,0.9283,0.9273,0.0010,0.8662,0.8644,0.9560,0.9489,1.00,1.41,0.41
2640,238,medium,0.9073,0.9063,0.0010,0.8304,0.8287,0.9311,0.9210,4.68,5.04,0.36
2641,2887,medium,0.7336,0.7326,0.0010,0.5792,0.5780,0.7942,0.7909,9.46,9.43,-0.02
2642,713,medium,0.9509,0.9499,0.0010,0.9063,0.9046,0.9893,0.9753,2.47,2.00,-0.47
2643,3942,medium,0.8772,0.8762,0.0009,0.7812,0.7797,0.9572,0.9694,2.24,2.24,0.00
2644,4267,medium,0.9326,0.9316,0.0009,0.8736,0.8720,0.9413,0.9373,5.39,5.39,0.00
2645,4096,medium,0.8232,0.8222,0.0009,0.6995,0.6981,0.9006,0.9432,6.28,5.39,-0.89
2646,579,medium,0.9254,0.9245,0.0009,0.8612,0.8596,0.9815,0.9670,2.00,1.41,-0.59
2647,433,medium,0.8547,0.8538,0.0009,0.7463,0.7449,0.9681,0.9536,4.22,3.61,-0.61
2648,803,medium,0.9638,0.9630,0.0008,0.9301,0.9286,0.9822,0.9790,1.00,1.00,0.00
2649,1391,medium,0.8707,0.8699,0.0008,0.7710,0.7697,0.9288,0.9381,2.00,2.00,0.00
2650,379,medium,0.8743,0.8734,0.0008,0.7766,0.7753,0.9371,0.9132,2.00,2.24,0.24
2651,491,medium,0.9139,0.9131,0.0008,0.8415,0.8401,0.9607,0.9690,2.24,2.20,-0.04
2652,1463,medium,0.9189,0.9180,0.0008,0.8499,0.8485,0.9729,0.9678,1.41,1.41,0.00
2653,2644,medium,0.8331,0.8323,0.0008,0.7140,0.7128,0.8669,0.8648,41.29,41.69,0.40
2654,3742,medium,0.0073,0.0065,0.0008,0.0037,0.0033,0.5136,0.5090,18.03,24.60,6.57
2655,767,medium,0.9134,0.9126,0.0008,0.8406,0.8393,0.9751,0.9569,1.41,1.41,0.00
2656,1811,medium,0.7034,0.7027,0.0007,0.5426,0.5417,0.9180,0.8197,2.24,3.80,1.56
2657,360,medium,0.9038,0.9030,0.0007,0.8244,0.8232,0.9739,0.9360,3.54,4.00,0.46
2658,4370,medium,0.8677,0.8670,0.0007,0.7664,0.7652,0.8878,0.8878,11.18,11.66,0.48
2659,1958,medium,0.4868,0.4861,0.0007,0.3217,0.3211,0.6614,0.6605,20.87,20.12,-0.74
2660,345,medium,0.9481,0.9474,0.0007,0.9013,0.9000,0.9872,0.9804,1.41,1.88,0.47
2661,1489,medium,0.9539,0.9532,0.0007,0.9119,0.9106,0.9743,0.9671,2.43,2.90,0.47
2662,1442,medium,0.9206,0.9199,0.0007,0.8529,0.8517,0.9449,0.9408,2.24,2.50,0.27
2663,667,medium,0.9161,0.9154,0.0007,0.8452,0.8440,0.9522,0.9378,5.16,5.00,-0.16
2664,1104,medium,0.8459,0.8453,0.0006,0.7330,0.7321,0.9012,0.8923,7.00,8.20,1.20
2665,691,medium,0.9586,0.9580,0.0006,0.9205,0.9194,0.9873,0.9744,2.00,2.24,0.24
2666,1046,medium,0.9248,0.9242,0.0006,0.8601,0.8591,0.9493,0.9426,3.61,3.61,0.00
2667,1635,medium,0.9036,0.9030,0.0006,0.8242,0.8232,0.9807,0.9775,1.00,1.00,0.00
2668,2744,medium,0.6096,0.6091,0.0006,0.4385,0.4379,0.7206,0.7238,12.40,10.68,-1.72
2669,1011,medium,0.8544,0.8538,0.0006,0.7458,0.7449,0.9850,0.9694,3.16,4.01,0.84
2670,3372,medium,0.7247,0.7242,0.0006,0.5683,0.5676,0.9479,0.9579,6.52,6.00,-0.52
2671,282,medium,0.7638,0.7633,0.0006,0.6179,0.6171,0.9486,0.9472,8.22,7.55,-0.66
2672,1716,medium,0.9537,0.9532,0.0005,0.9115,0.9105,0.9764,0.9633,1.62,2.00,0.38
2673,687,medium,0.9440,0.9434,0.0005,0.8939,0.8930,0.9931,0.9784,2.22,2.24,0.01
2674,3941,medium,0.6499,0.6494,0.0004,0.4813,0.4809,0.9601,0.9482,2.83,2.24,-0.59
2675,2609,medium,0.7087,0.7083,0.0004,0.5489,0.5484,0.7744,0.7742,29.00,29.41,0.41
2676,439,medium,0.8621,0.8617,0.0004,0.7575,0.7570,0.9831,0.9763,6.10,6.07,-0.03
2677,521,medium,0.9068,0.9064,0.0004,0.8294,0.8288,0.9502,0.9483,3.99,3.61,-0.38
2678,387,medium,0.9018,0.9014,0.0003,0.8211,0.8205,0.9241,0.9224,2.04,2.00,-0.04
2679,3606,medium,0.8520,0.8516,0.0003,0.7421,0.7416,0.8777,0.8767,5.19,5.62,0.43
2680,2382,medium,0.9434,0.9431,0.0003,0.8930,0.8924,0.9512,0.9485,1.00,1.29,0.29
2681,853,medium,0.7331,0.7328,0.0003,0.5787,0.5783,0.8005,0.8171,8.06,9.06,1.00
2682,1483,medium,0.9563,0.9560,0.0003,0.9162,0.9156,0.9673,0.9640,2.41,2.83,0.41
2683,806,medium,0.9643,0.9640,0.0003,0.9311,0.9306,0.9824,0.9785,1.00,1.00,0.00
2684,1459,medium,0.9274,0.9271,0.0003,0.8646,0.8641,0.9867,0.9662,1.00,1.17,0.17
2685,1722,medium,0.9590,0.9588,0.0003,0.9213,0.9208,0.9859,0.9672,1.41,1.41,0.00
2686,702,medium,0.8362,0.8360,0.0002,0.7185,0.7182,0.9871,0.9777,4.00,3.78,-0.22
2687,534,medium,0.9299,0.9296,0.0002,0.8689,0.8685,0.9732,0.9626,2.24,3.00,0.76
2688,4479,medium,0.4432,0.4430,0.0002,0.2847,0.2845,0.6542,0.6504,28.02,28.62,0.61
2689,1361,medium,0.9465,0.9464,0.0002,0.8985,0.8982,0.9688,0.9602,2.87,3.68,0.82
2690,1580,medium,0.8610,0.8609,0.0001,0.7559,0.7557,0.9660,0.9805,1.12,1.00,-0.12
2691,3828,medium,0.8544,0.8543,0.0001,0.7458,0.7456,0.9659,0.9492,9.03,10.29,1.25
2692,868,medium,0.9420,0.9419,0.0001,0.8903,0.8901,0.9636,0.9551,2.00,2.24,0.24
2693,1721,medium,0.9608,0.9607,0.0001,0.9246,0.9244,0.9839,0.9665,1.00,1.41,0.41
2694,390,medium,0.7967,0.7966,0.0001,0.6620,0.6620,0.8546,0.8486,7.00,6.76,-0.24
2695,720,medium,0.9476,0.9475,0.0000,0.9004,0.9003,0.9905,0.9794,2.00,2.04,0.04
2696,4435,medium,0.8576,0.8575,0.0000,0.7507,0.7506,0.8972,0.8895,20.25,21.21,0.96
2697,894,medium,0.9559,0.9559,0.0000,0.9155,0.9155,0.9744,0.9700,3.61,3.61,0.00
2698,4001,medium,0.0000,0.0000,0.0000,0.0000,0.0000,0.5000,0.5000,11.09,133.52,122.43
2699,4027,medium,0.0000,0.0000,0.0000,0.0000,0.0000,0.5000,0.5000,89.28,201.36,112.08
2700,2060,medium,0.0000,0.0000,0.0000,0.0000,0.0000,0.4999,0.5000,10.79,103.94,93.15
2701,2058,medium,0.0000,0.0000,0.0000,0.0000,0.0000,0.4999,0.5000,11.18,103.94,92.76
2702,3345,medium,0.0000,0.0000,0.0000,0.0000,0.0000,0.4996,0.5000,29.81,121.18,91.36
2703,2055,medium,0.0000,0.0000,0.0000,0.0000,0.0000,0.4999,0.5000,18.10,109.28,91.18
2704,2346,medium,0.0000,0.0000,0.0000,0.0000,0.0000,0.5000,0.5000,7.07,89.97,82.90
2705,3424,medium,0.0000,0.0000,0.0000,0.0000,0.0000,0.4999,0.5000,20.56,97.10,76.54
2706,3439,medium,0.0000,0.0000,0.0000,0.0000,0.0000,0.4999,0.5000,21.01,97.36,76.35
2707,3422,medium,0.0000,0.0000,0.0000,0.0000,0.0000,0.4999,0.5000,21.02,97.36,76.34
2708,3437,medium,0.0000,0.0000,0.0000,0.0000,0.0000,0.4999,0.5000,21.03,97.36,76.33
2709,3438,medium,0.0000,0.0000,0.0000,0.0000,0.0000,0.4999,0.5000,21.10,97.36,76.27
2710,3440,medium,0.0000,0.0000,0.0000,0.0000,0.0000,0.4999,0.5000,21.01,97.10,76.09
2711,2632,medium,0.0000,0.0000,0.0000,0.0000,0.0000,0.4998,0.4998,42.88,113.02,70.14
2712,2629,medium,0.0000,0.0000,0.0000,0.0000,0.0000,0.4998,0.4996,40.01,109.66,69.65
2713,2534,medium,0.0000,0.0000,0.0000,0.0000,0.0000,0.4993,0.5000,71.72,138.40,66.68
2714,2882,medium,0.0000,0.0000,0.0000,0.0000,0.0000,0.4999,0.5000,32.50,99.10,66.60
2715,2503,medium,0.0000,0.0000,0.0000,0.0000,0.0000,0.4993,0.5000,71.92,138.40,66.48
2716,2884,medium,0.0000,0.0000,0.0000,0.0000,0.0000,0.4999,0.5000,32.64,99.10,66.46
2717,2486,medium,0.0000,0.0000,0.0000,0.0000,0.0000,0.4998,0.5000,13.15,79.42,66.26
2718,2501,medium,0.0000,0.0000,0.0000,0.0000,0.0000,0.4994,0.5000,72.15,138.40,66.25
2719,2247,medium,0.0000,0.0000,0.0000,0.0000,0.0000,0.4999,0.5000,14.39,78.29,63.90
2720,2246,medium,0.0000,0.0000,0.0000,0.0000,0.0000,0.4998,0.5000,15.09,78.29,63.20
2721,2248,medium,0.0000,0.0000,0.0000,0.0000,0.0000,0.4999,0.5000,17.37,78.29,60.93
2722,1990,medium,0.0000,0.0000,0.0000,0.0000,0.0000,0.4999,0.5000,30.86,91.42,60.56
2723,2488,medium,0.0000,0.0000,0.0000,0.0000,0.0000,0.4999,0.5000,20.59,79.42,58.83
2724,2249,medium,0.0000,0.0000,0.0000,0.0000,0.0000,0.4999,0.5000,16.03,74.24,58.21
2725,2250,medium,0.0000,0.0000,0.0000,0.0000,0.0000,0.4999,0.5000,16.03,74.24,58.21
2726,2251,medium,0.0000,0.0000,0.0000,0.0000,0.0000,0.4999,0.5000,16.03,74.24,58.21
2727,3958,medium,0.0000,0.0000,0.0000,0.0000,0.0000,0.4998,0.5000,11.24,69.21,57.97
2728,2344,medium,0.0000,0.0000,0.0000,0.0000,0.0000,0.5000,0.5000,32.39,89.97,57.59
2729,2245,medium,0.0000,0.0000,0.0000,0.0000,0.0000,0.4998,0.5000,19.10,75.46,56.35
2730,2252,medium,0.0000,0.0000,0.0000,0.0000,0.0000,0.4999,0.5000,17.52,72.46,54.94
2731,3347,medium,0.0000,0.0000,0.0000,0.0000,0.0000,0.4995,0.5000,30.08,84.98,54.90
2732,2253,medium,0.0000,0.0000,0.0000,0.0000,0.0000,0.5000,0.5000,17.85,72.46,54.61
2733,1989,medium,0.0000,0.0000,0.0000,0.0000,0.0000,0.4999,0.5000,38.21,91.42,53.21
2734,2723,medium,0.0000,0.0000,0.0000,0.0000,0.0000,0.4999,0.5000,20.47,72.03,51.56
2735,4248,medium,0.0000,0.0000,0.0000,0.0000,0.0000,0.4998,0.5000,15.61,66.33,50.72
2736,2621,medium,0.0000,0.0000,0.0000,0.0000,0.0000,0.4998,0.4999,43.61,93.67,50.06
2737,2244,medium,0.0000,0.0000,0.0000,0.0000,0.0000,0.4997,0.5000,27.40,75.46,48.06
2738,2049,medium,0.0000,0.0000,0.0000,0.0000,0.0000,0.4999,0.5000,19.08,61.42,42.34
2739,2051,medium,0.0000,0.0000,0.0000,0.0000,0.0000,0.4999,0.5000,18.67,60.62,41.95
2740,2053,medium,0.0000,0.0000,0.0000,0.0000,0.0000,0.4999,0.5000,18.26,59.51,41.26
2741,2641,medium,0.0000,0.0000,0.0000,0.0000,0.0000,0.4999,0.4985,56.07,95.30,39.23
2742,2643,medium,0.0000,0.0000,0.0000,0.0000,0.0000,0.4999,0.4991,51.58,89.35,37.77
2743,2633,medium,0.0000,0.0000,0.0000,0.0000,0.0000,0.4998,0.4998,42.00,78.34,36.34
2744,1845,medium,0.0000,0.0000,0.0000,0.0000,0.0000,0.4999,0.5000,98.98,134.51,35.52
2745,1866,medium,0.0000,0.0000,0.0000,0.0000,0.0000,0.4997,0.4998,90.70,126.04,35.34
2746,1843,medium,0.0000,0.0000,0.0000,0.0000,0.0000,0.4999,0.5000,99.17,134.51,35.33
2747,4292,medium,0.0000,0.0000,0.0000,0.0000,0.0000,0.5000,0.4991,128.70,162.67,33.98
2748,1864,medium,0.0000,0.0000,0.0000,0.0000,0.0000,0.4997,0.4998,92.72,126.04,33.32
2749,2634,medium,0.0000,0.0000,0.0000,0.0000,0.0000,0.4998,0.4999,41.99,74.65,32.66
2750,1846,medium,0.0000,0.0000,0.0000,0.0000,0.0000,0.4999,0.4999,85.67,117.87,32.20
2751,2635,medium,0.0000,0.0000,0.0000,0.0000,0.0000,0.4998,0.4999,42.00,73.83,31.83
2752,738,medium,0.0000,0.0000,0.0000,0.0000,0.0000,0.5000,0.5000,40.41,70.51,30.09
2753,4028,medium,0.0000,0.0000,0.0000,0.0000,0.0000,0.5000,0.5000,88.37,117.08,28.71
2754,1862,medium,0.0000,0.0000,0.0000,0.0000,0.0000,0.4997,0.4998,99.59,128.17,28.58
2755,1860,medium,0.0000,0.0000,0.0000,0.0000,0.0000,0.4997,0.4998,101.04,129.29,28.25
2756,2982,medium,0.0000,0.0000,0.0000,0.0000,0.0000,0.4997,0.5000,17.95,45.57,27.62
2757,2980,medium,0.0000,0.0000,0.0000,0.0000,0.0000,0.4998,0.5000,18.21,45.49,27.28
2758,3962,medium,0.0000,0.0000,0.0000,0.0000,0.0000,0.4997,0.4999,13.57,39.95,26.38
2759,2984,medium,0.0000,0.0000,0.0000,0.0000,0.0000,0.4997,0.5000,17.92,44.20,26.28
2760,1868,medium,0.0000,0.0000,0.0000,0.0000,0.0000,0.4998,0.4998,101.95,128.17,26.22
2761,739,medium,0.0000,0.0000,0.0000,0.0000,0.0000,0.4999,0.5000,46.01,71.53,25.52
2762,2978,medium,0.0000,0.0000,0.0000,0.0000,0.0000,0.4998,0.5000,19.60,42.71,23.10
2763,3075,medium,0.0000,0.0000,0.0000,0.0000,0.0000,0.4996,0.4997,41.97,62.21,20.24
2764,2264,medium,0.0000,0.0000,0.0000,0.0000,0.0000,0.4988,0.5000,56.00,73.43,17.42
2765,2771,medium,0.0000,0.0000,0.0000,0.0000,0.0000,0.4998,0.4999,17.06,33.70,16.63
2766,2259,medium,0.0000,0.0000,0.0000,0.0000,0.0000,0.4998,0.5000,54.03,70.01,15.98
2767,2772,medium,0.0000,0.0000,0.0000,0.0000,0.0000,0.4998,0.4999,17.05,32.92,15.87
2768,4389,medium,0.0000,0.0000,0.0000,0.0000,0.0000,0.4997,0.4998,51.73,67.32,15.59
2769,4391,medium,0.0000,0.0000,0.0000,0.0000,0.0000,0.4996,0.4998,50.52,65.89,15.37
2770,2263,medium,0.0000,0.0000,0.0000,0.0000,0.0000,0.4985,0.5000,58.24,73.43,15.19
2771,2262,medium,0.0000,0.0000,0.0000,0.0000,0.0000,0.4986,0.5000,55.17,70.01,14.84
2772,2184,medium,0.0000,0.0000,0.0000,0.0000,0.0000,0.4986,0.4987,47.10,61.30,14.21
2773,1292,medium,0.0000,0.0000,0.0000,0.0000,0.0000,0.4994,0.5000,63.45,77.63,14.18
2774,2256,medium,0.0000,0.0000,0.0000,0.0000,0.0000,0.4999,0.5000,56.62,69.86,13.24
2775,2257,medium,0.0000,0.0000,0.0000,0.0000,0.0000,0.4999,0.5000,57.44,69.86,12.41
2776,3208,medium,0.0000,0.0000,0.0000,0.0000,0.0000,0.4999,0.5000,59.96,72.37,12.41
2777,2258,medium,0.0000,0.0000,0.0000,0.0000,0.0000,0.4999,0.5000,57.53,69.86,12.33
2778,2265,medium,0.0000,0.0000,0.0000,0.0000,0.0000,0.4997,0.5000,61.15,73.43,12.27
2779,3209,medium,0.0000,0.0000,0.0000,0.0000,0.0000,0.4999,0.5000,60.36,72.37,12.01
2780,2174,medium,0.0000,0.0000,0.0000,0.0000,0.0000,0.4990,0.4998,42.20,52.35,10.15
2781,2186,medium,0.0000,0.0000,0.0000,0.0000,0.0000,0.4983,0.4982,51.33,60.81,9.48
2782,3995,medium,0.0000,0.0000,0.0000,0.0000,0.0000,0.5000,0.5000,124.18,132.95,8.77
2783,2124,medium,0.0000,0.0000,0.0000,0.0000,0.0000,0.4998,0.5000,132.47,141.01,8.55
2784,2172,medium,0.0000,0.0000,0.0000,0.0000,0.0000,0.4990,0.5000,42.27,50.76,8.49
2785,4393,medium,0.0000,0.0000,0.0000,0.0000,0.0000,0.4995,0.4993,49.61,57.18,7.57
2786,4395,medium,0.0000,0.0000,0.0000,0.0000,0.0000,0.4993,0.4991,48.90,56.26,7.36
2787,2358,medium,0.0000,0.0000,0.0000,0.0000,0.0000,0.4998,0.5000,34.75,42.01,7.26
2788,4397,medium,0.0000,0.0000,0.0000,0.0000,0.0000,0.4992,0.4991,48.84,56.01,7.18
2789,4399,medium,0.0000,0.0000,0.0000,0.0000,0.0000,0.4992,0.4991,48.84,55.96,7.12
2790,2341,medium,0.0000,0.0000,0.0000,0.0000,0.0000,0.4999,0.5000,48.87,55.33,6.46
2791,2156,medium,0.0000,0.0000,0.0000,0.0000,0.0000,0.4993,0.4991,45.02,51.48,6.46
2792,2530,medium,0.0000,0.0000,0.0000,0.0000,0.0000,0.4993,0.5000,72.14,78.52,6.38
2793,4401,medium,0.0000,0.0000,0.0000,0.0000,0.0000,0.4991,0.4991,49.58,55.94,6.36
2794,136,medium,0.0000,0.0000,0.0000,0.0000,0.0000,0.4998,0.4998,80.23,86.22,5.99
2795,2153,medium,0.0000,0.0000,0.0000,0.0000,0.0000,0.4985,0.4983,49.31,55.22,5.90
2796,2770,medium,0.0000,0.0000,0.0000,0.0000,0.0000,0.4998,0.4999,28.01,33.89,5.88
2797,2340,medium,0.0000,0.0000,0.0000,0.0000,0.0000,0.4999,0.5000,49.58,55.33,5.76
2798,2158,medium,0.0000,0.0000,0.0000,0.0000,0.0000,0.4993,0.4991,45.48,51.19,5.71
2799,4403,medium,0.0000,0.0000,0.0000,0.0000,0.0000,0.4992,0.4992,48.30,53.99,5.69
2800,4407,medium,0.0000,0.0000,0.0000,0.0000,0.0000,0.4994,0.4994,47.93,53.17,5.24
2801,2154,medium,0.0000,0.0000,0.0000,0.0000,0.0000,0.4992,0.4990,47.49,52.70,5.21
2802,1852,medium,0.0000,0.0000,0.0000,0.0000,0.0000,0.4999,0.5000,100.58,105.65,5.07
2803,2167,medium,0.0000,0.0000,0.0000,0.0000,0.0000,0.4983,0.4980,39.75,44.76,5.01
2804,2532,medium,0.0000,0.0000,0.0000,0.0000,0.0000,0.4994,0.5000,73.56,78.52,4.96
2805,2176,medium,0.0000,0.0000,0.0000,0.0000,0.0000,0.4990,0.4998,42.54,47.49,4.95
2806,4405,medium,0.0000,0.0000,0.0000,0.0000,0.0000,0.4993,0.4993,48.52,53.38,4.86
2807,1850,medium,0.0000,0.0000,0.0000,0.0000,0.0000,0.4999,0.5000,99.79,104.43,4.64
2808,2155,medium,0.0000,0.0000,0.0000,0.0000,0.0000,0.4983,0.4982,51.21,55.75,4.53
2809,2339,medium,0.0000,0.0000,0.0000,0.0000,0.0000,0.4998,0.5000,50.50,54.93,4.42
2810,2243,medium,0.0000,0.0000,0.0000,0.0000,0.0000,0.4996,0.5000,30.03,34.31,4.29
2811,3738,medium,0.0000,0.0000,0.0000,0.0000,0.0000,0.4990,0.4992,21.02,25.23,4.20
2812,3736,medium,0.0000,0.0000,0.0000,0.0000,0.0000,0.4991,0.4993,22.83,27.02,4.20
2813,2337,medium,0.0000,0.0000,0.0000,0.0000,0.0000,0.4998,0.5000,51.36,54.93,3.57
2814,2338,medium,0.0000,0.0000,0.0000,0.0000,0.0000,0.4998,0.5000,51.36,54.93,3.57
2815,3904,medium,0.0000,0.0000,0.0000,0.0000,0.0000,0.4998,0.5000,108.10,111.38,3.28
2816,3767,medium,0.0000,0.0000,0.0000,0.0000,0.0000,0.4991,0.4994,22.92,26.15,3.23
2817,2152,medium,0.0000,0.0000,0.0000,0.0000,0.0000,0.4992,0.4991,49.89,53.07,3.18
2818,2336,medium,0.0000,0.0000,0.0000,0.0000,0.0000,0.4998,0.5000,51.89,54.93,3.03
2819,2625,medium,0.0000,0.0000,0.0000,0.0000,0.0000,0.4998,0.4996,43.70,46.56,2.86
2820,2160,medium,0.0000,0.0000,0.0000,0.0000,0.0000,0.4993,0.4993,44.71,47.43,2.72
2821,3905,medium,0.0000,0.0000,0.0000,0.0000,0.0000,0.4998,0.5000,107.88,110.40,2.53
2822,4250,medium,0.0000,0.0000,0.0000,0.0000,0.0000,0.4997,0.5000,15.25,17.37,2.12
2823,2163,medium,0.0000,0.0000,0.0000,0.0000,0.0000,0.4980,0.4976,45.85,47.78,1.93
2824,2638,medium,0.0000,0.0000,0.0000,0.0000,0.0000,0.4996,0.4997,68.97,70.79,1.82
2825,4252,medium,0.0000,0.0000,0.0000,0.0000,0.0000,0.4997,0.5000,15.70,17.47,1.77
2826,2188,medium,0.0000,0.0000,0.0000,0.0000,0.0000,0.4982,0.4980,49.55,51.14,1.58
2827,3907,medium,0.0000,0.0000,0.0000,0.0000,0.0000,0.4999,0.4999,46.60,48.04,1.44
2828,1848,medium,0.0000,0.0000,0.0000,0.0000,0.0000,0.4999,0.4999,106.70,108.10,1.40
2829,2775,medium,0.0000,0.0000,0.0000,0.0000,0.0000,0.4999,0.4998,33.65,34.92,1.27
2830,2335,medium,0.0000,0.0000,0.0000,0.0000,0.0000,0.4998,0.5000,52.96,54.15,1.19
2831,4181,medium,0.0000,0.0000,0.0000,0.0000,0.0000,0.4999,0.4998,124.01,125.12,1.11
2832,4381,medium,0.0000,0.0000,0.0000,0.0000,0.0000,0.4999,0.4999,46.07,47.11,1.05
2833,155,medium,0.0000,0.0000,0.0000,0.0000,0.0000,0.4998,0.4998,40.97,41.86,0.89
2834,2637,medium,0.0000,0.0000,0.0000,0.0000,0.0000,0.4997,0.4997,72.18,73.06,0.88
2835,4189,medium,0.0000,0.0000,0.0000,0.0000,0.0000,0.4998,0.4998,129.52,130.38,0.87
2836,1879,medium,0.0000,0.0000,0.0000,0.0000,0.0000,0.4999,0.4999,105.84,106.66,0.81
2837,4187,medium,0.0000,0.0000,0.0000,0.0000,0.0000,0.4998,0.4998,128.54,129.35,0.81
2838,2334,medium,0.0000,0.0000,0.0000,0.0000,0.0000,0.4998,0.5000,53.51,54.15,0.64
2839,1342,medium,0.7711,0.7711,0.0000,0.6275,0.6275,0.8150,0.8150,16.17,16.77,0.60
2840,4192,medium,0.0000,0.0000,0.0000,0.0000,0.0000,0.4999,0.4999,130.78,131.33,0.55
2841,2165,medium,0.0000,0.0000,0.0000,0.0000,0.0000,0.4983,0.4979,45.57,45.96,0.40
2842,4196,medium,0.0000,0.0000,0.0000,0.0000,0.0000,0.4999,0.4999,133.96,134.35,0.39
2843,2774,medium,0.0000,0.0000,0.0000,0.0000,0.0000,0.4998,0.4998,34.70,35.07,0.37
2844,4195,medium,0.0000,0.0000,0.0000,0.0000,0.0000,0.4999,0.4999,133.00,133.35,0.35
2845,2624,medium,0.0000,0.0000,0.0000,0.0000,0.0000,0.4997,0.4996,45.52,45.84,0.32
2846,4194,medium,0.0000,0.0000,0.0000,0.0000,0.0000,0.4999,0.4999,132.35,132.61,0.26
2847,3073,medium,0.0000,0.0000,0.0000,0.0000,0.0000,0.4996,0.4996,61.75,62.00,0.25
2848,2773,medium,0.0000,0.0000,0.0000,0.0000,0.0000,0.4998,0.4998,34.86,35.08,0.22
2849,1877,medium,0.0000,0.0000,0.0000,0.0000,0.0000,0.4999,0.4999,105.63,105.84,0.21
2850,2178,medium,0.0000,0.0000,0.0000,0.0000,0.0000,0.4989,0.4992,43.40,43.61,0.21
2851,2622,medium,0.0000,0.0000,0.0000,0.0000,0.0000,0.4996,0.4995,43.08,43.26,0.18
2852,4379,medium,0.0000,0.0000,0.0000,0.0000,0.0000,0.4998,0.4998,46.15,46.31,0.16
2853,4188,medium,0.0000,0.0000,0.0000,0.0000,0.0000,0.4998,0.4998,129.39,129.52,0.13
2854,3707,medium,0.0000,0.0000,0.0000,0.0000,0.0000,0.4998,0.4999,25.51,25.64,0.13
2855,3069,medium,0.0000,0.0000,0.0000,0.0000,0.0000,0.4996,0.4995,41.88,41.99,0.10
2856,3913,medium,0.0000,0.0000,0.0000,0.0000,0.0000,0.4999,0.5000,125.28,125.37,0.09
2857,1324,medium,0.0000,0.0000,0.0000,0.0000,0.0000,0.4995,0.4991,53.70,53.78,0.08
2858,4191,medium,0.0000,0.0000,0.0000,0.0000,0.0000,0.4998,0.4998,131.26,131.33,0.07
2859,2239,medium,0.0000,0.0000,0.0000,0.0000,0.0000,0.4994,0.4997,41.06,41.11,0.05
2860,2623,medium,0.0000,0.0000,0.0000,0.0000,0.0000,0.4995,0.4994,47.13,47.18,0.05
2861,1688,medium,0.7484,0.7484,0.0000,0.5979,0.5979,0.9833,0.9833,1.91,1.94,0.03
2862,586,medium,0.8415,0.8415,0.0000,0.7263,0.7263,0.9928,0.9928,1.56,1.59,0.03
2863,4199,medium,0.0000,0.0000,0.0000,0.0000,0.0000,0.4995,0.4998,129.89,129.92,0.03
2864,1964,medium,0.2287,0.2287,0.0000,0.1291,0.1291,0.5659,0.5659,30.36,30.38,0.02
2865,1329,medium,0.0000,0.0000,0.0000,0.0000,0.0000,0.4990,0.4989,33.54,33.56,0.02
2866,934,medium,0.0000,0.0000,0.0000,0.0000,0.0000,0.4997,0.4997,38.98,38.99,0.02
2867,4190,medium,0.0000,0.0000,0.0000,0.0000,0.0000,0.4998,0.4998,131.32,131.33,0.01
2868,4186,medium,0.0000,0.0000,0.0000,0.0000,0.0000,0.4998,0.4998,127.12,127.13,0.01
2869,4193,medium,0.0000,0.0000,0.0000,0.0000,0.0000,0.4999,0.4999,131.33,131.34,0.00
2870,2636,medium,0.0000,0.0000,0.0000,0.0000,0.0000,0.4997,0.4997,73.17,73.17,0.00
2871,742,medium,0.9440,0.9440,0.0000,0.8939,0.8939,0.9917,0.9917,1.00,1.00,0.00
2872,1060,medium,0.9171,0.9171,0.0000,0.8469,0.8469,0.9415,0.9415,1.00,1.00,0.00
2873,1070,medium,0.8421,0.8421,0.0000,0.7273,0.7273,0.9000,0.9000,4.12,4.12,0.00
2874,1195,medium,0.9456,0.9456,0.0000,0.8968,0.8968,0.9603,0.9603,1.00,1.00,0.00
2875,1228,medium,0.8889,0.8889,0.0000,0.8000,0.8000,0.9803,0.9803,1.41,1.41,0.00
2876,1348,medium,0.8478,0.8478,0.0000,0.7358,0.7358,0.8756,0.8756,9.22,9.22,0.00
2877,1471,medium,0.0000,0.0000,0.0000,0.0000,0.0000,0.5000,0.5000,102.17,102.17,0.00
2878,1481,medium,0.0000,0.0000,0.0000,0.0000,0.0000,0.5000,0.5000,102.97,102.97,0.00
2879,1800,medium,0.8914,0.8914,0.0000,0.8041,0.8041,0.9021,0.9021,2.00,2.00,0.00
2880,1822,medium,0.0000,0.0000,0.0000,0.0000,0.0000,0.5000,0.5000,70.60,70.60,0.00
2881,1823,medium,0.0000,0.0000,0.0000,0.0000,0.0000,0.5000,0.5000,70.65,70.65,0.00
2882,1824,medium,0.0000,0.0000,0.0000,0.0000,0.0000,0.5000,0.5000,70.65,70.65,0.00
2883,1825,medium,0.0000,0.0000,0.0000,0.0000,0.0000,0.5000,0.5000,70.65,70.65,0.00
2884,1826,medium,0.0000,0.0000,0.0000,0.0000,0.0000,0.5000,0.5000,69.65,69.65,0.00
2885,1827,medium,0.0000,0.0000,0.0000,0.0000,0.0000,0.5000,0.5000,69.65,69.65,0.00
2886,1828,medium,0.0000,0.0000,0.0000,0.0000,0.0000,0.5000,0.5000,69.65,69.65,0.00
2887,1829,medium,0.0000,0.0000,0.0000,0.0000,0.0000,0.5000,0.5000,68.62,68.62,0.00
2888,1830,medium,0.0000,0.0000,0.0000,0.0000,0.0000,0.5000,0.5000,68.62,68.62,0.00
2889,1831,medium,0.0000,0.0000,0.0000,0.0000,0.0000,0.5000,0.5000,68.62,68.62,0.00
2890,1832,medium,0.0000,0.0000,0.0000,0.0000,0.0000,0.5000,0.5000,68.62,68.62,0.00
2891,1833,medium,0.0000,0.0000,0.0000,0.0000,0.0000,0.5000,0.5000,67.30,67.30,0.00
2892,1834,medium,0.0000,0.0000,0.0000,0.0000,0.0000,0.5000,0.5000,67.30,67.30,0.00
2893,1835,medium,0.0000,0.0000,0.0000,0.0000,0.0000,0.5000,0.5000,67.30,67.30,0.00
2894,1836,medium,0.0000,0.0000,0.0000,0.0000,0.0000,0.5000,0.5000,64.91,64.91,0.00
2895,1837,medium,0.0000,0.0000,0.0000,0.0000,0.0000,0.5000,0.5000,64.91,64.91,0.00
2896,1838,medium,0.0000,0.0000,0.0000,0.0000,0.0000,0.5000,0.5000,64.91,64.91,0.00
2897,1839,medium,0.0000,0.0000,0.0000,0.0000,0.0000,0.5000,0.5000,64.08,64.08,0.00
2898,1840,medium,0.0000,0.0000,0.0000,0.0000,0.0000,0.5000,0.5000,64.08,64.08,0.00
2899,1841,medium,0.0000,0.0000,0.0000,0.0000,0.0000,0.5000,0.5000,64.08,64.08,0.00
2900,1842,medium,0.0000,0.0000,0.0000,0.0000,0.0000,0.5000,0.5000,64.08,64.08,0.00
2901,2043,medium,0.9045,0.9045,0.0000,0.8256,0.8256,0.9551,0.9551,1.00,1.00,0.00
2902,2254,medium,0.0000,0.0000,0.0000,0.0000,0.0000,0.5000,0.5000,72.46,72.46,0.00
2903,2255,medium,0.0000,0.0000,0.0000,0.0000,0.0000,0.5000,0.5000,72.46,72.46,0.00
2904,2489,medium,0.0000,0.0000,0.0000,0.0000,0.0000,0.5000,0.5000,78.19,78.19,0.00
2905,2490,medium,0.0000,0.0000,0.0000,0.0000,0.0000,0.5000,0.5000,78.19,78.19,0.00
2906,2491,medium,0.0000,0.0000,0.0000,0.0000,0.0000,0.5000,0.5000,78.19,78.19,0.00
2907,2492,medium,0.0000,0.0000,0.0000,0.0000,0.0000,0.5000,0.5000,78.19,78.19,0.00
2908,2493,medium,0.0000,0.0000,0.0000,0.0000,0.0000,0.5000,0.5000,76.03,76.03,0.00
2909,2494,medium,0.0000,0.0000,0.0000,0.0000,0.0000,0.5000,0.5000,76.03,76.03,0.00
2910,2495,medium,0.0000,0.0000,0.0000,0.0000,0.0000,0.5000,0.5000,76.03,76.03,0.00
2911,2496,medium,0.0000,0.0000,0.0000,0.0000,0.0000,0.5000,0.5000,89.52,89.52,0.00
2912,2497,medium,0.0000,0.0000,0.0000,0.0000,0.0000,0.5000,0.5000,89.52,89.52,0.00
2913,2498,medium,0.0000,0.0000,0.0000,0.0000,0.0000,0.5000,0.5000,89.52,89.52,0.00
2914,2499,medium,0.0000,0.0000,0.0000,0.0000,0.0000,0.5000,0.5000,89.52,89.52,0.00
2915,2500,medium,0.0000,0.0000,0.0000,0.0000,0.0000,0.5000,0.5000,70.25,70.25,0.00
2916,2502,medium,0.0000,0.0000,0.0000,0.0000,0.0000,0.5000,0.5000,70.25,70.25,0.00
2917,2504,medium,0.0000,0.0000,0.0000,0.0000,0.0000,0.5000,0.5000,70.25,70.25,0.00
2918,2506,medium,0.0000,0.0000,0.0000,0.0000,0.0000,0.5000,0.5000,70.85,70.85,0.00
2919,2508,medium,0.0000,0.0000,0.0000,0.0000,0.0000,0.5000,0.5000,70.85,70.85,0.00
2920,2510,medium,0.0000,0.0000,0.0000,0.0000,0.0000,0.5000,0.5000,70.85,70.85,0.00
2921,2512,medium,0.0000,0.0000,0.0000,0.0000,0.0000,0.5000,0.5000,70.85,70.85,0.00
2922,2514,medium,0.0000,0.0000,0.0000,0.0000,0.0000,0.5000,0.5000,71.44,71.44,0.00
2923,2516,medium,0.0000,0.0000,0.0000,0.0000,0.0000,0.5000,0.5000,71.44,71.44,0.00
2924,2518,medium,0.0000,0.0000,0.0000,0.0000,0.0000,0.5000,0.5000,71.44,71.44,0.00
2925,2520,medium,0.0000,0.0000,0.0000,0.0000,0.0000,0.5000,0.5000,71.42,71.42,0.00
2926,2522,medium,0.0000,0.0000,0.0000,0.0000,0.0000,0.5000,0.5000,71.42,71.42,0.00
2927,2524,medium,0.0000,0.0000,0.0000,0.0000,0.0000,0.5000,0.5000,71.42,71.42,0.00
2928,2526,medium,0.0000,0.0000,0.0000,0.0000,0.0000,0.5000,0.5000,78.52,78.52,0.00
2929,2528,medium,0.0000,0.0000,0.0000,0.0000,0.0000,0.5000,0.5000,78.52,78.52,0.00
2930,2627,medium,0.0000,0.0000,0.0000,0.0000,0.0000,0.4998,0.4997,40.00,40.00,0.00
2931,2681,medium,0.0000,0.0000,0.0000,0.0000,0.0000,0.5000,0.5000,85.56,85.56,0.00
2932,2682,medium,0.0000,0.0000,0.0000,0.0000,0.0000,0.5000,0.5000,85.56,85.56,0.00
2933,2683,medium,0.0000,0.0000,0.0000,0.0000,0.0000,0.5000,0.5000,85.56,85.56,0.00
2934,2684,medium,0.0000,0.0000,0.0000,0.0000,0.0000,0.5000,0.5000,80.99,80.99,0.00
2935,2685,medium,0.0000,0.0000,0.0000,0.0000,0.0000,0.5000,0.5000,80.99,80.99,0.00
2936,2686,medium,0.0000,0.0000,0.0000,0.0000,0.0000,0.5000,0.5000,80.99,80.99,0.00
2937,2687,medium,0.0000,0.0000,0.0000,0.0000,0.0000,0.5000,0.5000,80.99,80.99,0.00
2938,2688,medium,0.0000,0.0000,0.0000,0.0000,0.0000,0.5000,0.5000,80.97,80.97,0.00
2939,2689,medium,0.0000,0.0000,0.0000,0.0000,0.0000,0.5000,0.5000,80.97,80.97,0.00
2940,2690,medium,0.0000,0.0000,0.0000,0.0000,0.0000,0.5000,0.5000,80.97,80.97,0.00
2941,2691,medium,0.0000,0.0000,0.0000,0.0000,0.0000,0.5000,0.5000,81.42,81.42,0.00
2942,2692,medium,0.0000,0.0000,0.0000,0.0000,0.0000,0.5000,0.5000,81.42,81.42,0.00
2943,2693,medium,0.0000,0.0000,0.0000,0.0000,0.0000,0.5000,0.5000,81.42,81.42,0.00
2944,2694,medium,0.0000,0.0000,0.0000,0.0000,0.0000,0.5000,0.5000,80.13,80.13,0.00
2945,2695,medium,0.0000,0.0000,0.0000,0.0000,0.0000,0.5000,0.5000,80.13,80.13,0.00
2946,2696,medium,0.0000,0.0000,0.0000,0.0000,0.0000,0.5000,0.5000,80.13,80.13,0.00
2947,2697,medium,0.0000,0.0000,0.0000,0.0000,0.0000,0.5000,0.5000,80.13,80.13,0.00
2948,2698,medium,0.0000,0.0000,0.0000,0.0000,0.0000,0.5000,0.5000,78.77,78.77,0.00
2949,2699,medium,0.0000,0.0000,0.0000,0.0000,0.0000,0.5000,0.5000,78.77,78.77,0.00
2950,2700,medium,0.0000,0.0000,0.0000,0.0000,0.0000,0.5000,0.5000,78.77,78.77,0.00
2951,2701,medium,0.0000,0.0000,0.0000,0.0000,0.0000,0.5000,0.5000,76.26,76.26,0.00
2952,2702,medium,0.0000,0.0000,0.0000,0.0000,0.0000,0.5000,0.5000,76.26,76.26,0.00
2953,2703,medium,0.0000,0.0000,0.0000,0.0000,0.0000,0.5000,0.5000,76.26,76.26,0.00
2954,2704,medium,0.0000,0.0000,0.0000,0.0000,0.0000,0.5000,0.5000,76.26,76.26,0.00
2955,2705,medium,0.0000,0.0000,0.0000,0.0000,0.0000,0.5000,0.5000,75.67,75.67,0.00
2956,2706,medium,0.0000,0.0000,0.0000,0.0000,0.0000,0.5000,0.5000,75.67,75.67,0.00
2957,2707,medium,0.0000,0.0000,0.0000,0.0000,0.0000,0.5000,0.5000,75.67,75.67,0.00
2958,2708,medium,0.0000,0.0000,0.0000,0.0000,0.0000,0.5000,0.5000,75.25,75.25,0.00
2959,2709,medium,0.0000,0.0000,0.0000,0.0000,0.0000,0.5000,0.5000,75.25,75.25,0.00
2960,2710,medium,0.0000,0.0000,0.0000,0.0000,0.0000,0.5000,0.5000,75.25,75.25,0.00
2961,2711,medium,0.0000,0.0000,0.0000,0.0000,0.0000,0.5000,0.5000,74.00,74.00,0.00
2962,2712,medium,0.0000,0.0000,0.0000,0.0000,0.0000,0.5000,0.5000,74.00,74.00,0.00
2963,2713,medium,0.0000,0.0000,0.0000,0.0000,0.0000,0.5000,0.5000,74.00,74.00,0.00
2964,2714,medium,0.0000,0.0000,0.0000,0.0000,0.0000,0.5000,0.5000,74.00,74.00,0.00
2965,2715,medium,0.0000,0.0000,0.0000,0.0000,0.0000,0.5000,0.5000,74.48,74.48,0.00
2966,2716,medium,0.0000,0.0000,0.0000,0.0000,0.0000,0.5000,0.5000,74.48,74.48,0.00
2967,2717,medium,0.0000,0.0000,0.0000,0.0000,0.0000,0.5000,0.5000,74.48,74.48,0.00
2968,2718,medium,0.0000,0.0000,0.0000,0.0000,0.0000,0.5000,0.5000,73.41,73.41,0.00
2969,2719,medium,0.0000,0.0000,0.0000,0.0000,0.0000,0.5000,0.5000,73.41,73.41,0.00
2970,2720,medium,0.0000,0.0000,0.0000,0.0000,0.0000,0.5000,0.5000,73.41,73.41,0.00
2971,2721,medium,0.0000,0.0000,0.0000,0.0000,0.0000,0.5000,0.5000,72.03,72.03,0.00
2972,2722,medium,0.0000,0.0000,0.0000,0.0000,0.0000,0.5000,0.5000,72.03,72.03,0.00
2973,2724,medium,0.0000,0.0000,0.0000,0.0000,0.0000,0.5000,0.5000,72.03,72.03,0.00
2974,3901,medium,0.0000,0.0000,0.0000,0.0000,0.0000,0.5000,0.5000,50.56,50.56,0.00
2975,3902,medium,0.0000,0.0000,0.0000,0.0000,0.0000,0.5000,0.5000,50.70,50.70,0.00
2976,3919,medium,0.0000,0.0000,0.0000,0.0000,0.0000,0.5000,0.5000,53.56,53.56,0.00
2977,3920,medium,0.0000,0.0000,0.0000,0.0000,0.0000,0.5000,0.5000,53.56,53.56,0.00
2978,3921,medium,0.0000,0.0000,0.0000,0.0000,0.0000,0.5000,0.5000,53.56,53.56,0.00
2979,3922,medium,0.0000,0.0000,0.0000,0.0000,0.0000,0.5000,0.5000,53.83,53.83,0.00
2980,3985,medium,0.0000,0.0000,0.0000,0.0000,0.0000,0.5000,0.5000,127.02,127.02,0.00
2981,3987,medium,0.0000,0.0000,0.0000,0.0000,0.0000,0.5000,0.5000,127.02,127.02,0.00
2982,3989,medium,0.0000,0.0000,0.0000,0.0000,0.0000,0.5000,0.5000,124.18,124.18,0.00
2983,3991,medium,0.0000,0.0000,0.0000,0.0000,0.0000,0.5000,0.5000,124.18,124.18,0.00
2984,3993,medium,0.0000,0.0000,0.0000,0.0000,0.0000,0.5000,0.5000,124.18,124.18,0.00
2985,2626,medium,0.0000,0.0000,0.0000,0.0000,0.0000,0.4998,0.4998,40.00,40.00,-0.00
2986,1926,medium,0.0000,0.0000,0.0000,0.0000,0.0000,0.4999,0.4999,45.04,45.03,-0.00
2987,3071,medium,0.0000,0.0000,0.0000,0.0000,0.0000,0.4996,0.4995,42.00,41.99,-0.01
2988,1925,medium,0.0000,0.0000,0.0000,0.0000,0.0000,0.4999,0.4999,45.04,45.03,-0.01
2989,1927,medium,0.0000,0.0000,0.0000,0.0000,0.0000,0.4999,0.4999,45.04,45.04,-0.01
2990,4385,medium,0.0000,0.0000,0.0000,0.0000,0.0000,0.4999,0.4998,70.75,70.73,-0.02
2991,3067,medium,0.0000,0.0000,0.0000,0.0000,0.0000,0.4996,0.4995,42.00,41.98,-0.02
2992,2628,medium,0.0000,0.0000,0.0000,0.0000,0.0000,0.4998,0.4998,39.01,38.97,-0.03
2993,4245,medium,0.7090,0.7090,0.0000,0.5491,0.5491,0.7746,0.7746,8.60,8.56,-0.04
2994,4185,medium,0.0000,0.0000,0.0000,0.0000,0.0000,0.4998,0.4998,126.16,126.12,-0.04
2995,2161,medium,0.0000,0.0000,0.0000,0.0000,0.0000,0.4977,0.4978,48.80,48.75,-0.05
2996,2615,medium,0.5500,0.5500,0.0000,0.3793,0.3793,0.6896,0.6896,17.09,17.00,-0.09
2997,2732,medium,0.6202,0.6202,0.0000,0.4495,0.4495,0.7248,0.7248,6.32,6.23,-0.10
2998,737,medium,0.8611,0.8611,0.0000,0.7561,0.7561,0.9079,0.9079,2.64,2.53,-0.11
2999,1686,medium,0.6408,0.6408,0.0000,0.4714,0.4714,0.9852,0.9852,2.12,2.00,-0.12
3000,4387,medium,0.0000,0.0000,0.0000,0.0000,0.0000,0.4998,0.4998,70.58,70.40,-0.18
3001,4197,medium,0.0000,0.0000,0.0000,0.0000,0.0000,0.4999,0.4999,136.35,136.17,-0.19
3002,1795,medium,0.6996,0.6996,0.0000,0.5380,0.5380,0.7871,0.7871,7.07,6.88,-0.19
3003,4182,medium,0.0000,0.0000,0.0000,0.0000,0.0000,0.4995,0.4998,131.48,131.28,-0.20
3004,2630,medium,0.0000,0.0000,0.0000,0.0000,0.0000,0.4998,0.4998,42.04,41.84,-0.20
3005,4242,medium,0.7628,0.7628,0.0000,0.6166,0.6166,0.8083,0.8083,6.00,5.79,-0.21
3006,2639,medium,0.0000,0.0000,0.0000,0.0000,0.0000,0.4997,0.4997,69.51,69.25,-0.26
3007,2640,medium,0.0000,0.0000,0.0000,0.0000,0.0000,0.4997,0.4997,69.51,69.25,-0.26
3008,4224,medium,0.7148,0.7148,0.0000,0.5561,0.5561,0.7781,0.7781,6.45,6.09,-0.36
3009,2379,medium,0.4667,0.4667,0.0000,0.3043,0.3043,0.9998,0.9998,4.82,4.41,-0.40
3010,4184,medium,0.0000,0.0000,0.0000,0.0000,0.0000,0.4995,0.4998,136.50,136.05,-0.45
3011,3258,medium,0.8004,0.8004,0.0000,0.6673,0.6673,0.8336,0.8336,8.54,8.06,-0.48
3012,3065,medium,0.0000,0.0000,0.0000,0.0000,0.0000,0.4996,0.4995,42.95,42.43,-0.52
3013,2371,medium,0.0000,0.0000,0.0000,0.0000,0.0000,0.4995,0.4997,45.66,45.06,-0.60
3014,2157,medium,0.0000,0.0000,0.0000,0.0000,0.0000,0.4978,0.4980,51.62,51.01,-0.61
3015,3911,medium,0.0000,0.0000,0.0000,0.0000,0.0000,0.4999,0.4999,119.60,118.95,-0.65
3016,2240,medium,0.0000,0.0000,0.0000,0.0000,0.0000,0.4995,0.4998,38.79,38.02,-0.77
3017,2242,medium,0.0000,0.0000,0.0000,0.0000,0.0000,0.4996,0.4999,34.01,33.23,-0.78
3018,4183,medium,0.0000,0.0000,0.0000,0.0000,0.0000,0.4998,0.4998,126.15,125.29,-0.86
3019,4200,medium,0.0000,0.0000,0.0000,0.0000,0.0000,0.4993,0.4995,136.86,135.78,-1.09
3020,4201,medium,0.0000,0.0000,0.0000,0.0000,0.0000,0.4996,0.4995,137.39,136.22,-1.17
3021,1326,medium,0.0000,0.0000,0.0000,0.0000,0.0000,0.4978,0.4983,48.09,46.85,-1.24
3022,2373,medium,0.0000,0.0000,0.0000,0.0000,0.0000,0.4995,0.4997,45.56,44.17,-1.39
3023,4383,medium,0.0000,0.0000,0.0000,0.0000,0.0000,0.4999,0.4999,72.99,71.56,-1.43
3024,3721,medium,0.0000,0.0000,0.0000,0.0000,0.0000,0.5000,0.4999,46.83,45.37,-1.47
3025,3912,medium,0.0000,0.0000,0.0000,0.0000,0.0000,0.4999,0.5000,121.41,119.92,-1.50
3026,2369,medium,0.0000,0.0000,0.0000,0.0000,0.0000,0.4995,0.4998,46.17,44.63,-1.54
3027,2333,medium,0.0000,0.0000,0.0000,0.0000,0.0000,0.4998,0.5000,56.03,54.15,-1.88
3028,4198,medium,0.0000,0.0000,0.0000,0.0000,0.0000,0.4994,0.4999,135.19,133.20,-2.00
3029,2631,medium,0.0000,0.0000,0.0000,0.0000,0.0000,0.4998,0.4999,43.04,41.01,-2.03
3030,3909,medium,0.0000,0.0000,0.0000,0.0000,0.0000,0.4999,0.4999,110.51,108.36,-2.15
3031,1766,medium,0.0000,0.0000,0.0000,0.0000,0.0000,0.4998,0.5000,171.29,169.12,-2.17
3032,1768,medium,0.0000,0.0000,0.0000,0.0000,0.0000,0.4998,0.5000,171.17,168.89,-2.28
3033,1325,medium,0.0000,0.0000,0.0000,0.0000,0.0000,0.4994,0.4993,50.18,47.51,-2.67
3034,3719,medium,0.0000,0.0000,0.0000,0.0000,0.0000,0.5000,0.4999,49.03,46.23,-2.81
3035,2159,medium,0.0000,0.0000,0.0000,0.0000,0.0000,0.4977,0.4980,51.72,48.68,-3.04
3036,2168,medium,0.0000,0.0000,0.0000,0.0000,0.0000,0.4990,0.4996,43.89,40.72,-3.17
3037,2162,medium,0.0000,0.0000,0.0000,0.0000,0.0000,0.4992,0.4996,43.52,40.16,-3.36
3038,3910,medium,0.0000,0.0000,0.0000,0.0000,0.0000,0.4998,0.4998,107.51,104.00,-3.51
3039,2170,medium,0.0000,0.0000,0.0000,0.0000,0.0000,0.4990,0.4998,43.57,39.97,-3.60
3040,4119,medium,0.0000,0.0000,0.0000,0.0000,0.0000,0.4991,0.4993,35.73,31.81,-3.93
3041,4118,medium,0.0000,0.0000,0.0000,0.0000,0.0000,0.4990,0.4992,35.53,31.60,-3.93
3042,2166,medium,0.0000,0.0000,0.0000,0.0000,0.0000,0.4990,0.4996,44.36,39.54,-4.82
3043,2241,medium,0.0000,0.0000,0.0000,0.0000,0.0000,0.4995,0.4999,37.03,32.14,-4.89
3044,138,medium,0.0000,0.0000,0.0000,0.0000,0.0000,0.4993,0.4996,86.12,81.03,-5.09
3045,2164,medium,0.0000,0.0000,0.0000,0.0000,0.0000,0.4992,0.4997,44.18,38.93,-5.25
3046,4117,medium,0.0000,0.0000,0.0000,0.0000,0.0000,0.4988,0.4991,36.74,31.01,-5.74
3047,616,medium,0.0000,0.0000,0.0000,0.0000,0.0000,0.4988,0.5000,92.65,86.70,-5.95
3048,3999,medium,0.0000,0.0000,0.0000,0.0000,0.0000,0.4999,0.5000,139.52,133.52,-5.99
3049,3160,medium,0.0000,0.0000,0.0000,0.0000,0.0000,0.4998,0.4998,100.57,93.02,-7.55
3050,3997,medium,0.0000,0.0000,0.0000,0.0000,0.0000,0.5000,0.5000,141.13,133.52,-7.61
3051,1988,medium,0.0000,0.0000,0.0000,0.0000,0.0000,0.4999,0.5000,25.23,17.15,-8.08
3052,1858,medium,0.0000,0.0000,0.0000,0.0000,0.0000,0.4999,0.4998,103.47,95.35,-8.13
3053,1856,medium,0.0000,0.0000,0.0000,0.0000,0.0000,0.4999,0.4999,103.56,93.87,-9.69
3054,4116,medium,0.0000,0.0000,0.0000,0.0000,0.0000,0.4985,0.4990,35.87,26.07,-9.81
3055,2261,medium,0.0000,0.0000,0.0000,0.0000,0.0000,0.4994,0.5000,53.44,43.56,-9.88
3056,2342,medium,0.0000,0.0000,0.0000,0.0000,0.0000,0.5000,0.5000,31.61,21.15,-10.46
3057,2260,medium,0.0000,0.0000,0.0000,0.0000,0.0000,0.4996,0.5000,55.05,43.54,-11.50
3058,2678,medium,0.0000,0.0000,0.0000,0.0000,0.0000,0.4997,0.5000,100.23,87.24,-12.99
3059,1290,medium,0.0000,0.0000,0.0000,0.0000,0.0000,0.4994,0.5000,60.84,47.77,-13.07
3060,2679,medium,0.0000,0.0000,0.0000,0.0000,0.0000,0.4998,0.5000,100.32,87.24,-13.08
3061,3711,medium,0.0000,0.0000,0.0000,0.0000,0.0000,0.4999,0.5000,94.37,79.87,-14.50
3062,3900,medium,0.0000,0.0000,0.0000,0.0000,0.0000,0.4999,0.5000,70.79,50.56,-20.22
3063,3903,medium,0.0000,0.0000,0.0000,0.0000,0.0000,0.4999,0.5000,72.84,50.70,-22.14
3064,3899,medium,0.0000,0.0000,0.0000,0.0000,0.0000,0.5000,0.5000,72.79,50.56,-22.23
3065,3906,medium,0.0000,0.0000,0.0000,0.0000,0.0000,0.4999,0.5000,71.48,47.27,-24.20
3066,3713,medium,0.0000,0.0000,0.0000,0.0000,0.0000,0.5000,0.5000,105.49,79.87,-25.62
3067,2726,medium,0.0000,0.0000,0.0000,0.0000,0.0000,0.4999,0.5000,100.64,71.98,-28.66
3068,2725,medium,0.0000,0.0000,0.0000,0.0000,0.0000,0.5000,0.5000,102.36,71.98,-30.38
3069,3715,medium,0.0000,0.0000,0.0000,0.0000,0.0000,0.4999,0.5000,113.61,79.87,-33.75
3070,1854,medium,0.0000,0.0000,0.0000,0.0000,0.0000,0.4999,0.5000,100.59,65.55,-35.04
3071,3960,medium,0.0000,0.0000,0.0000,0.0000,0.0000,0.4998,0.5000,104.44,69.21,-35.23
3072,4311,medium,0.0000,0.0000,0.0000,0.0000,0.0000,0.4998,0.5000,160.01,123.95,-36.05
3073,4309,medium,0.0000,0.0000,0.0000,0.0000,0.0000,0.4997,0.5000,160.24,123.95,-36.29
3074,4296,medium,0.0000,0.0000,0.0000,0.0000,0.0000,0.4996,0.4990,201.12,160.44,-40.68
3075,4298,medium,0.0000,0.0000,0.0000,0.0000,0.0000,0.4995,0.4990,201.09,159.44,-41.65
3076,4300,medium,0.0000,0.0000,0.0000,0.0000,0.0000,0.4995,0.4996,200.25,157.62,-42.64
3077,2126,medium,0.0000,0.0000,0.0000,0.0000,0.0000,0.4998,0.5000,132.48,87.50,-44.98
3078,1764,medium,0.0000,0.0000,0.0000,0.0000,0.0000,0.4998,0.5000,171.29,125.90,-45.39
3079,1770,medium,0.0000,0.0000,0.0000,0.0000,0.0000,0.4999,0.5000,171.19,125.02,-46.17
3080,3705,medium,0.0000,0.0000,0.0000,0.0000,0.0000,0.5000,0.4999,71.71,24.83,-46.89
3081,4294,medium,0.0000,0.0000,0.0000,0.0000,0.0000,0.4999,0.4991,210.55,162.91,-47.63
3082,1754,medium,0.0000,0.0000,0.0000,0.0000,0.0000,0.4998,0.5000,177.32,124.97,-52.35
3083,1756,medium,0.0000,0.0000,0.0000,0.0000,0.0000,0.4998,0.5000,177.37,124.97,-52.40
3084,2776,medium,0.0000,0.0000,0.0000,0.0000,0.0000,0.5000,0.4999,87.97,33.57,-54.39
3085,3908,medium,0.0000,0.0000,0.0000,0.0000,0.0000,0.4999,0.5000,112.29,54.01,-58.27
3086,3709,medium,0.0000,0.0000,0.0000,0.0000,0.0000,0.4998,0.5000,94.55,33.12,-61.43
3087,3717,medium,0.0000,0.0000,0.0000,0.0000,0.0000,0.4999,0.5000,114.37,48.02,-66.35
3088,3914,medium,0.0000,0.0000,0.0000,0.0000,0.0000,0.5000,0.5000,124.55,54.04,-70.51
3089,3161,medium,0.0000,0.0000,0.0000,0.0000,0.0000,0.5000,0.4998,87.71,17.06,-70.65
3090,3163,medium,0.0000,0.0000,0.0000,0.0000,0.0000,0.5000,0.4998,87.71,17.03,-70.68
3091,3915,medium,0.0000,0.0000,0.0000,0.0000,0.0000,0.5000,0.5000,125.33,54.04,-71.28
3092,3917,medium,0.0000,0.0000,0.0000,0.0000,0.0000,0.5000,0.5000,125.47,53.80,-71.67
3093,3916,medium,0.0000,0.0000,0.0000,0.0000,0.0000,0.5000,0.5000,126.23,53.80,-72.43
3094,3918,medium,0.0000,0.0000,0.0000,0.0000,0.0000,0.5000,0.5000,126.33,53.80,-72.54
3095,3923,medium,0.0000,0.0000,0.0000,0.0000,0.0000,0.5000,0.5000,129.86,53.83,-76.03
3096,2680,medium,0.0000,0.0000,0.0000,0.0000,0.0000,0.4999,0.5000,171.44,87.24,-84.21
3097,445,easy,0.9242,0.9242,-0.0001,0.8590,0.8591,0.9694,0.9676,2.83,2.62,-0.21
3098,898,easy,0.9610,0.9611,-0.0001,0.9249,0.9251,0.9779,0.9761,2.83,2.83,0.00
3099,328,easy,0.9187,0.9188,-0.0001,0.8496,0.8497,0.9511,0.9516,4.24,4.46,0.22
3100,3604,easy,0.8687,0.8688,-0.0001,0.7679,0.7680,0.8978,0.8948,4.21,4.81,0.59
3101,208,easy,0.9058,0.9059,-0.0001,0.8278,0.8279,0.9625,0.9759,1.41,1.12,-0.29
3102,848,easy,0.8872,0.8873,-0.0001,0.7973,0.7975,0.9065,0.9307,5.83,5.13,-0.70
3103,1616,easy,0.9182,0.9184,-0.0001,0.8488,0.8490,0.9445,0.9580,5.00,2.83,-2.17
3104,1648,easy,0.7310,0.7312,-0.0001,0.5761,0.5763,0.9140,0.8983,8.96,8.99,0.03
3105,864,easy,0.8873,0.8874,-0.0002,0.7974,0.7977,0.9708,0.9685,6.71,7.24,0.53
3106,1971,easy,0.3025,0.3026,-0.0002,0.1782,0.1783,0.6149,0.6079,27.13,27.15,0.02
3107,3943,easy,0.6744,0.6746,-0.0002,0.5087,0.5089,0.9641,0.9522,2.24,2.83,0.59
3108,2412,easy,0.1768,0.1770,-0.0002,0.0969,0.0971,0.9990,0.5925,19.76,7.01,-12.75
3109,1312,easy,0.8459,0.8462,-0.0002,0.7330,0.7333,0.8763,0.8696,5.08,5.00,-0.08
3110,4132,easy,0.4455,0.4458,-0.0002,0.2866,0.2868,0.8627,0.7983,6.59,6.44,-0.15
3111,873,easy,0.9420,0.9423,-0.0002,0.8904,0.8909,0.9905,0.9824,2.24,2.50,0.27
3112,1305,easy,0.8214,0.8217,-0.0003,0.6970,0.6974,0.8709,0.8663,6.77,7.02,0.25
3113,648,easy,0.9179,0.9182,-0.0003,0.8483,0.8488,0.9362,0.9311,7.66,7.48,-0.19
3114,938,easy,0.8898,0.8902,-0.0003,0.8016,0.8021,0.9798,0.9626,3.16,3.16,0.00
3115,1544,easy,0.8760,0.8764,-0.0003,0.7794,0.7800,0.9416,0.9430,2.83,2.92,0.09
3116,689,easy,0.9390,0.9393,-0.0004,0.8849,0.8856,0.9888,0.9791,2.24,2.24,0.00
3117,1216,easy,0.9508,0.9512,-0.0004,0.9062,0.9069,0.9917,0.9812,1.00,1.00,0.00
3118,878,easy,0.9683,0.9688,-0.0004,0.9386,0.9394,0.9838,0.9811,1.00,1.71,0.71
3119,566,easy,0.9482,0.9486,-0.0004,0.9014,0.9022,0.9676,0.9601,1.00,1.00,0.00
3120,1077,easy,0.7355,0.7359,-0.0004,0.5816,0.5821,0.8524,0.8632,5.52,5.23,-0.29
3121,1723,easy,0.9569,0.9573,-0.0004,0.9173,0.9181,0.9871,0.9696,1.00,1.00,0.00
3122,539,easy,0.9546,0.9550,-0.0004,0.9131,0.9139,0.9881,0.9823,1.41,2.00,0.59
3123,1099,easy,0.7315,0.7319,-0.0005,0.5766,0.5772,0.8333,0.8312,6.05,7.05,1.00
3124,3397,easy,0.9041,0.9045,-0.0005,0.8249,0.8257,0.9598,0.9316,2.00,2.00,0.00
3125,108,easy,0.9063,0.9068,-0.0005,0.8286,0.8295,0.9719,0.9712,10.77,11.07,0.30
3126,1100,easy,0.7906,0.7911,-0.0005,0.6537,0.6544,0.8814,0.8727,7.77,8.97,1.21
3127,757,easy,0.7903,0.7908,-0.0005,0.6533,0.6540,0.8638,0.8496,5.68,6.00,0.32
3128,2275,easy,0.9322,0.9327,-0.0005,0.8730,0.8740,0.9536,0.9540,3.00,3.03,0.03
3129,1617,easy,0.9399,0.9405,-0.0005,0.8867,0.8876,0.9714,0.9659,3.94,2.83,-1.11
3130,2448,easy,0.8344,0.8350,-0.0005,0.7159,0.7167,0.8882,0.8781,10.21,10.26,0.04
3131,2347,easy,0.9067,0.9072,-0.0005,0.8293,0.8302,0.9334,0.9362,2.35,2.24,-0.12
3132,911,easy,0.9198,0.9204,-0.0006,0.8516,0.8525,0.9315,0.9303,6.64,6.67,0.03
3133,3564,easy,0.9107,0.9113,-0.0006,0.8361,0.8371,0.9410,0.9277,3.72,4.12,0.40
3134,897,easy,0.9626,0.9632,-0.0006,0.9278,0.9289,0.9772,0.9739,3.16,3.18,0.02
3135,1659,easy,0.8773,0.8780,-0.0007,0.7814,0.7825,0.9949,0.9836,2.00,1.41,-0.59
3136,1487,easy,0.9432,0.9439,-0.0007,0.8925,0.8937,0.9805,0.9748,2.07,2.24,0.17
3137,1016,easy,0.5336,0.5343,-0.0007,0.3639,0.3645,0.9833,0.9785,156.49,156.15,-0.34
3138,1450,easy,0.8767,0.8775,-0.0007,0.7805,0.7817,0.9741,0.9742,2.24,2.24,0.00
3139,1446,easy,0.8865,0.8873,-0.0007,0.7962,0.7974,0.9520,0.9500,2.24,2.24,0.00
3140,406,easy,0.8635,0.8642,-0.0008,0.7597,0.7609,0.8874,0.8899,9.02,10.00,0.98
3141,1713,easy,0.7151,0.7159,-0.0008,0.5565,0.5575,0.8239,0.8189,10.04,10.67,0.63
3142,3569,easy,0.9146,0.9154,-0.0008,0.8426,0.8440,0.9480,0.9372,2.00,2.24,0.24
3143,1362,easy,0.9493,0.9501,-0.0008,0.9035,0.9050,0.9693,0.9633,2.24,2.77,0.53
3144,794,easy,0.9435,0.9444,-0.0008,0.8931,0.8946,0.9598,0.9672,1.00,1.41,0.41
3145,766,easy,0.9255,0.9263,-0.0009,0.8613,0.8628,0.9812,0.9637,1.00,1.41,0.41
3146,435,easy,0.8586,0.8595,-0.0009,0.7523,0.7536,0.9704,0.9622,4.47,4.43,-0.05
3147,1692,easy,0.9020,0.9029,-0.0010,0.8214,0.8230,0.9791,0.9843,1.02,1.02,0.00
3148,1984,easy,0.5849,0.5859,-0.0010,0.4133,0.4143,0.7422,0.7266,17.62,17.77,0.15
3149,2465,easy,0.9209,0.9219,-0.0010,0.8535,0.8551,0.9335,0.9306,8.49,8.60,0.12
3150,1084,easy,0.7393,0.7402,-0.0010,0.5864,0.5876,0.8358,0.8375,6.40,6.40,0.00
3151,805,easy,0.9655,0.9665,-0.0010,0.9333,0.9352,0.9830,0.9799,1.00,1.00,0.00
3152,223,easy,0.8144,0.8154,-0.0010,0.6869,0.6884,0.9928,0.9812,5.08,4.92,-0.16
3153,4461,easy,0.8260,0.8270,-0.0010,0.7036,0.7051,0.8733,0.8677,14.76,14.42,-0.34
3154,560,easy,0.7939,0.7949,-0.0010,0.6582,0.6597,0.9813,0.9844,4.00,4.00,0.00
3155,1951,easy,0.5179,0.5190,-0.0011,0.3495,0.3504,0.6895,0.6752,66.08,19.02,-47.05
3156,3754,easy,0.0610,0.0621,-0.0011,0.0315,0.0320,0.6204,0.6055,17.52,21.67,4.15
3157,1283,easy,0.8303,0.8314,-0.0011,0.7098,0.7115,0.9198,0.9175,3.13,4.00,0.87
3158,1341,easy,0.9477,0.9489,-0.0011,0.9007,0.9027,0.9725,0.9640,1.41,1.41,0.00
3159,4279,easy,0.9149,0.9160,-0.0012,0.8431,0.8451,0.9488,0.9419,9.07,10.25,1.17
3160,11,easy,0.9009,0.9021,-0.0012,0.8197,0.8217,0.9273,0.9328,3.61,3.92,0.31
3161,3887,easy,0.6165,0.6177,-0.0012,0.4456,0.4469,0.7543,0.7456,34.42,35.27,0.85
3162,4223,easy,0.7843,0.7855,-0.0012,0.6452,0.6468,0.8226,0.8249,5.00,5.00,0.00
3163,4378,easy,0.5900,0.5912,-0.0012,0.4185,0.4197,0.7583,0.7717,23.48,24.54,1.06
3164,1639,easy,0.9256,0.9268,-0.0012,0.8615,0.8636,0.9800,0.9885,1.00,1.00,0.00
3165,4123,easy,0.8499,0.8512,-0.0013,0.7390,0.7409,0.8865,0.8822,8.67,8.96,0.29
3166,1351,easy,0.9126,0.9139,-0.0013,0.8392,0.8414,0.9651,0.9582,2.00,2.24,0.24
3167,875,easy,0.9447,0.9460,-0.0013,0.8951,0.8975,0.9934,0.9871,2.99,2.35,-0.64
3168,2078,easy,0.8778,0.8791,-0.0013,0.7822,0.7843,0.9876,0.9938,1.41,1.41,0.00
3169,2349,easy,0.8885,0.8899,-0.0014,0.7995,0.8017,0.9122,0.9122,3.00,3.16,0.16
3170,3350,easy,0.6429,0.6442,-0.0014,0.4737,0.4752,0.9527,0.9494,13.34,13.03,-0.31
3171,4495,easy,0.3455,0.3468,-0.0014,0.2088,0.2098,0.6452,0.6163,19.54,36.29,16.74
3172,1529,easy,0.7505,0.7519,-0.0014,0.6006,0.6024,0.9579,0.9649,5.10,5.00,-0.10
3173,1373,easy,0.8652,0.8667,-0.0014,0.7625,0.7647,0.9656,0.9465,1.94,2.00,0.06
3174,913,easy,0.9419,0.9433,-0.0014,0.8901,0.8927,0.9509,0.9493,7.81,7.81,0.00
3175,1499,easy,0.9427,0.9442,-0.0014,0.8917,0.8943,0.9825,0.9728,2.00,2.00,0.00
3176,1467,easy,0.8448,0.8462,-0.0014,0.7313,0.7335,0.9737,0.9823,2.80,2.24,-0.56
3177,428,easy,0.9281,0.9295,-0.0015,0.8658,0.8683,0.9517,0.9474,5.46,5.60,0.15
3178,2299,easy,0.9473,0.9488,-0.0015,0.8999,0.9026,0.9763,0.9753,2.00,2.00,0.00
3179,599,easy,0.8396,0.8411,-0.0015,0.7235,0.7257,0.9488,0.9634,2.00,2.00,0.00
3180,1376,easy,0.9190,0.9205,-0.0015,0.8502,0.8527,0.9558,0.9417,1.19,2.00,0.81
3181,3527,easy,0.8808,0.8824,-0.0016,0.7869,0.7895,0.9039,0.9100,2.83,2.24,-0.59
3182,3744,easy,0.0047,0.0063,-0.0016,0.0024,0.0032,0.5086,0.5090,22.81,24.25,1.44
3183,2361,easy,0.7379,0.7395,-0.0016,0.5847,0.5867,0.9279,0.9599,2.00,2.07,0.07
3184,3746,easy,0.0045,0.0061,-0.0016,0.0023,0.0031,0.5085,0.5090,21.93,23.77,1.84
3185,343,easy,0.9395,0.9411,-0.0016,0.8859,0.8888,0.9868,0.9803,1.44,2.00,0.56
3186,4323,easy,0.1226,0.1242,-0.0016,0.0653,0.0662,0.6480,0.5780,16.65,9.34,-7.31
3187,167,easy,0.9249,0.9266,-0.0017,0.8603,0.8632,0.9963,0.9853,1.00,1.19,0.19
3188,1448,easy,0.8861,0.8878,-0.0017,0.7955,0.7983,0.9545,0.9538,2.24,2.24,0.00
3189,1327,easy,0.1253,0.1270,-0.0017,0.0668,0.0678,0.8218,0.8219,43.07,42.40,-0.67
3190,1968,easy,0.3155,0.3172,-0.0017,0.1873,0.1885,0.6020,0.6020,31.05,31.06,0.01
3191,3768,easy,0.4697,0.4714,-0.0017,0.3069,0.3084,0.9349,0.8949,13.05,16.68,3.63
3192,1365,easy,0.9447,0.9464,-0.0017,0.8952,0.8983,0.9706,0.9613,1.41,1.41,0.00
3193,896,easy,0.9580,0.9597,-0.0017,0.9194,0.9226,0.9749,0.9712,3.02,2.87,-0.14
3194,1501,easy,0.9416,0.9433,-0.0017,0.8896,0.8927,0.9862,0.9782,2.00,2.00,0.00
3195,669,easy,0.9244,0.9262,-0.0017,0.8595,0.8625,0.9589,0.9515,3.61,4.00,0.39
3196,1969,easy,0.3235,0.3252,-0.0018,0.1929,0.1942,0.6038,0.6038,31.05,31.06,0.01
3197,1662,easy,0.9057,0.9075,-0.0018,0.8276,0.8307,0.9913,0.9812,2.00,1.41,-0.59
3198,2291,easy,0.9144,0.9162,-0.0018,0.8423,0.8454,0.9335,0.9332,29.74,29.74,0.00
3199,936,easy,0.9058,0.9076,-0.0018,0.8278,0.8309,0.9773,0.9808,2.24,2.24,0.00
3200,1566,easy,0.9427,0.9446,-0.0019,0.8916,0.8949,0.9775,0.9625,1.00,1.00,0.00
3201,965,easy,0.9513,0.9532,-0.0019,0.9071,0.9105,0.9922,0.9723,1.41,2.00,0.59
3202,575,easy,0.9571,0.9590,-0.0019,0.9178,0.9213,0.9785,0.9738,1.00,1.00,0.00
3203,4320,easy,0.5916,0.5935,-0.0019,0.4201,0.4220,0.7110,0.7110,8.05,8.05,0.00
3204,708,easy,0.8960,0.8980,-0.0019,0.8117,0.8148,0.9895,0.9851,3.00,3.25,0.25
3205,189,easy,0.6429,0.6448,-0.0019,0.4737,0.4758,0.7389,0.7389,10.19,9.62,-0.57
3206,1706,easy,0.9064,0.9083,-0.0019,0.8289,0.8321,0.9842,0.9742,1.41,1.41,0.00
3207,893,easy,0.9466,0.9485,-0.0020,0.8985,0.9021,0.9698,0.9661,3.61,3.96,0.36
3208,4336,easy,0.6367,0.6387,-0.0020,0.4670,0.4691,0.9121,0.8955,7.72,7.43,-0.29
3209,322,easy,0.8536,0.8556,-0.0020,0.7446,0.7477,0.9261,0.9314,5.80,5.31,-0.49
3210,1349,easy,0.9412,0.9432,-0.0020,0.8889,0.8925,0.9696,0.9612,3.14,3.98,0.84
3211,1309,easy,0.8696,0.8716,-0.0020,0.7692,0.7724,0.9044,0.9117,6.35,6.32,-0.03
3212,1276,easy,0.6256,0.6277,-0.0021,0.4552,0.4574,0.7568,0.7625,10.78,18.38,7.60
3213,3712,easy,0.7297,0.7318,-0.0021,0.5745,0.5770,0.9945,0.9997,7.05,5.08,-1.97
3214,1105,easy,0.8632,0.8652,-0.0021,0.7593,0.7625,0.9162,0.9073,5.72,7.85,2.13
3215,1188,easy,0.8835,0.8856,-0.0021,0.7913,0.7946,0.9174,0.9083,3.14,3.18,0.04
3216,564,easy,0.9384,0.9405,-0.0021,0.8840,0.8877,0.9724,0.9683,1.00,1.00,0.00
3217,449,easy,0.9460,0.9481,-0.0021,0.8975,0.9013,0.9651,0.9694,3.08,2.83,-0.25
3218,1518,easy,0.9591,0.9612,-0.0021,0.9214,0.9253,0.9814,0.9761,2.00,2.24,0.24
3219,330,easy,0.9172,0.9194,-0.0021,0.8471,0.8508,0.9439,0.9430,5.00,5.00,0.00
3220,4369,easy,0.8700,0.8721,-0.0021,0.7699,0.7733,0.9006,0.9006,10.96,11.18,0.22
3221,335,easy,0.9018,0.9039,-0.0021,0.8211,0.8247,0.9691,0.9691,2.00,2.00,0.00
3222,600,easy,0.7700,0.7721,-0.0021,0.6260,0.6288,0.9712,0.9769,2.00,2.00,0.00
3223,3492,easy,0.9388,0.9410,-0.0021,0.8847,0.8885,0.9935,0.9749,3.00,3.16,0.16
3224,1163,easy,0.8747,0.8769,-0.0022,0.7773,0.7808,0.9136,0.9170,10.47,11.42,0.95
3225,3337,easy,0.8206,0.8229,-0.0023,0.6957,0.6991,0.8901,0.8770,3.16,3.61,0.44
3226,1627,easy,0.6643,0.6667,-0.0024,0.4974,0.5000,0.9844,0.9895,4.01,4.60,0.59
3227,4244,easy,0.7209,0.7232,-0.0024,0.5636,0.5665,0.7818,0.7832,8.56,8.56,0.00
3228,940,easy,0.8373,0.8396,-0.0024,0.7201,0.7236,0.9751,0.9680,5.10,5.02,-0.08
3229,887,easy,0.9494,0.9518,-0.0024,0.9037,0.9081,0.9722,0.9781,3.61,3.11,-0.49
3230,4052,easy,0.1892,0.1916,-0.0024,0.1045,0.1060,0.6793,0.7049,36.78,36.78,-0.01
3231,1379,easy,0.9436,0.9461,-0.0025,0.8933,0.8977,0.9774,0.9609,1.00,1.41,0.41
3232,382,easy,0.5988,0.6012,-0.0025,0.4273,0.4298,0.7156,0.7178,8.10,8.12,0.02
3233,880,easy,0.9563,0.9588,-0.0025,0.9163,0.9209,0.9897,0.9885,2.00,1.41,-0.59
3234,1525,easy,0.9050,0.9074,-0.0025,0.8264,0.8306,0.9877,0.9902,1.97,1.97,0.00
3235,1209,easy,0.4702,0.4727,-0.0025,0.3073,0.3095,0.7022,0.7022,18.90,19.26,0.36
3236,196,easy,0.8498,0.8523,-0.0025,0.7389,0.7427,0.9925,0.9703,1.41,1.41,0.00
3237,1698,easy,0.8864,0.8889,-0.0025,0.7959,0.8000,0.9643,0.9762,1.00,1.00,0.00
3238,3381,easy,0.6444,0.6469,-0.0026,0.4753,0.4781,0.9519,0.9486,13.12,13.00,-0.12
3239,901,easy,0.9488,0.9514,-0.0026,0.9026,0.9074,0.9689,0.9689,3.61,3.61,0.00
3240,899,easy,0.9498,0.9524,-0.0026,0.9045,0.9092,0.9777,0.9745,3.52,3.61,0.09
3241,2675,easy,0.8426,0.8452,-0.0026,0.7280,0.7320,0.8819,0.8809,40.67,41.14,0.47
3242,447,easy,0.9225,0.9251,-0.0026,0.8561,0.8607,0.9690,0.9694,2.83,2.95,0.12
3243,4498,easy,0.2086,0.2113,-0.0027,0.1164,0.1181,0.6099,0.5621,22.01,34.01,11.99
3244,735,easy,0.8677,0.8704,-0.0027,0.7663,0.7705,0.9147,0.9147,2.62,3.47,0.85
3245,1048,easy,0.9265,0.9292,-0.0027,0.8630,0.8677,0.9507,0.9479,4.00,3.61,-0.39
3246,536,easy,0.9182,0.9209,-0.0027,0.8487,0.8533,0.9563,0.9491,6.03,5.83,-0.20
3247,1503,easy,0.9165,0.9192,-0.0027,0.8459,0.8505,0.9904,0.9835,2.14,2.00,-0.14
3248,3000,easy,0.3602,0.3629,-0.0027,0.2197,0.2217,0.8854,0.6726,15.58,9.37,-6.21
3249,3810,easy,0.8712,0.8739,-0.0027,0.7718,0.7761,0.9809,0.9662,4.12,3.16,-0.96
3250,1255,easy,0.8549,0.8577,-0.0028,0.7466,0.7508,0.8897,0.8886,5.83,5.10,-0.73
3251,2393,easy,0.9467,0.9495,-0.0028,0.8988,0.9038,0.9854,0.9821,1.00,1.00,0.00
3252,722,easy,0.9492,0.9520,-0.0028,0.9033,0.9084,0.9873,0.9758,2.00,2.00,0.00
3253,4137,easy,0.8673,0.8702,-0.0028,0.7657,0.7702,0.8862,0.8871,9.86,9.22,-0.64
3254,377,easy,0.8328,0.8356,-0.0029,0.7135,0.7176,0.8653,0.8653,3.92,3.34,-0.58
3255,1161,easy,0.8849,0.8878,-0.0029,0.7936,0.7982,0.9302,0.9135,7.39,7.87,0.47
3256,3838,easy,0.7045,0.7073,-0.0029,0.5437,0.5472,0.9999,0.9999,2.47,2.24,-0.24
3257,2039,easy,0.8759,0.8788,-0.0029,0.7792,0.7838,0.9687,0.9531,1.00,1.00,0.00
3258,1122,easy,0.6436,0.6465,-0.0029,0.4745,0.4776,0.7462,0.7424,5.13,5.15,0.03
3259,1582,easy,0.7545,0.7574,-0.0029,0.6058,0.6095,0.9374,0.9444,1.41,1.41,0.00
3260,2610,easy,0.7346,0.7375,-0.0030,0.5805,0.5842,0.7908,0.7931,32.80,32.80,0.00
3261,176,easy,0.8479,0.8509,-0.0030,0.7359,0.7404,0.9228,0.9328,2.19,2.00,-0.19
3262,3535,easy,0.9066,0.9096,-0.0030,0.8291,0.8341,0.9913,0.9814,3.00,2.83,-0.17
3263,448,easy,0.8952,0.8982,-0.0030,0.8102,0.8152,0.9177,0.9243,6.14,6.10,-0.04
3264,394,easy,0.9182,0.9212,-0.0030,0.8487,0.8539,0.9417,0.9431,2.00,2.00,0.00
3265,1224,easy,0.9091,0.9121,-0.0031,0.8333,0.8385,0.9678,0.9718,1.77,2.00,0.23
3266,105,easy,0.8786,0.8817,-0.0031,0.7835,0.7884,0.9527,0.9636,8.15,7.21,-0.94
3267,4480,easy,0.4177,0.4208,-0.0031,0.2640,0.2665,0.6426,0.6404,29.70,28.96,-0.75
3268,2125,easy,0.7612,0.7643,-0.0031,0.6145,0.6185,0.8135,0.8156,8.98,8.74,-0.24
3269,293,easy,0.9495,0.9526,-0.0031,0.9038,0.9094,0.9809,0.9696,1.41,1.53,0.12
3270,646,easy,0.9303,0.9334,-0.0031,0.8696,0.8751,0.9455,0.9461,7.12,4.05,-3.07
3271,1701,easy,0.9237,0.9268,-0.0031,0.8582,0.8636,0.9833,0.9646,2.24,2.24,0.00
3272,411,easy,0.8246,0.8278,-0.0031,0.7016,0.7061,0.8554,0.8562,12.04,9.43,-2.61
3273,4221,easy,0.8130,0.8162,-0.0032,0.6849,0.6895,0.8456,0.8479,4.11,5.00,0.89
3274,1601,easy,0.9323,0.9355,-0.0032,0.8732,0.8789,0.9533,0.9596,3.18,2.00,-1.18
3275,910,easy,0.9318,0.9351,-0.0032,0.8724,0.8781,0.9626,0.9646,5.83,5.00,-0.83
3276,2297,easy,0.9515,0.9547,-0.0032,0.9074,0.9133,0.9770,0.9780,1.41,1.41,0.00
3277,954,easy,0.7350,0.7382,-0.0032,0.5810,0.5851,0.8767,0.8767,7.09,7.09,0.00
3278,4084,easy,0.8507,0.8539,-0.0032,0.7401,0.7451,0.8892,0.8918,7.31,7.64,0.32
3279,2293,easy,0.9028,0.9061,-0.0033,0.8228,0.8283,0.9293,0.9319,29.72,29.73,0.01
3280,2294,easy,0.8338,0.8371,-0.0033,0.7150,0.7198,0.8604,0.8628,9.43,9.90,0.47
3281,765,easy,0.9196,0.9229,-0.0033,0.8512,0.8568,0.9692,0.9602,2.00,2.24,0.24
3282,532,easy,0.9390,0.9424,-0.0033,0.8851,0.8910,0.9689,0.9613,3.16,3.61,0.44
3283,1095,easy,0.8133,0.8167,-0.0034,0.6853,0.6901,0.9055,0.8750,3.37,4.61,1.23
3284,470,easy,0.6975,0.7009,-0.0034,0.5355,0.5395,0.7839,0.7914,8.15,7.15,-0.99
3285,1594,easy,0.8657,0.8691,-0.0034,0.7632,0.7685,0.9664,0.9741,2.83,3.11,0.29
3286,3546,easy,0.9178,0.9212,-0.0034,0.8480,0.8538,0.9816,0.9658,4.00,3.16,-0.84
3287,852,easy,0.7367,0.7401,-0.0034,0.5831,0.5874,0.7966,0.8088,11.31,11.29,-0.01
3288,1249,easy,0.8478,0.8512,-0.0034,0.7358,0.7409,0.8987,0.9192,8.06,7.07,-0.99
3289,558,easy,0.8598,0.8632,-0.0034,0.7541,0.7594,0.9259,0.9382,2.00,2.00,0.00
3290,729,easy,0.8317,0.8352,-0.0034,0.7120,0.7170,0.9660,0.9731,4.47,4.92,0.45
3291,489,easy,0.9103,0.9137,-0.0034,0.8354,0.8411,0.9484,0.9549,2.74,2.00,-0.74
3292,1078,easy,0.7578,0.7612,-0.0034,0.6100,0.6145,0.8465,0.8621,7.07,6.00,-1.07
3293,1364,easy,0.9550,0.9584,-0.0035,0.9138,0.9202,0.9751,0.9673,1.41,2.00,0.59
3294,1250,easy,0.8637,0.8672,-0.0035,0.7602,0.7656,0.8978,0.9027,6.00,4.43,-1.57
3295,4301,easy,0.6736,0.6771,-0.0035,0.5078,0.5118,0.7600,0.7600,6.77,6.82,0.05
3296,1535,easy,0.8123,0.8159,-0.0035,0.6840,0.6890,0.9559,0.9527,2.83,2.30,-0.53
3297,4150,easy,0.7757,0.7792,-0.0035,0.6336,0.6383,0.8935,0.8829,6.00,7.00,1.00
3298,2479,easy,0.6985,0.7021,-0.0036,0.5367,0.5409,0.8459,0.8256,7.07,8.06,0.99
3299,2116,easy,0.8365,0.8400,-0.0036,0.7189,0.7242,0.9952,0.9763,4.02,3.72,-0.30
3300,3573,easy,0.8952,0.8988,-0.0036,0.8102,0.8161,0.9428,0.9308,2.00,1.41,-0.59
3301,2229,easy,0.0302,0.0338,-0.0036,0.0153,0.0172,0.5159,0.5191,45.20,45.23,0.03
3302,3360,easy,0.7494,0.7531,-0.0036,0.5993,0.6039,0.9787,0.9836,8.20,8.05,-0.15
3303,1401,easy,0.9213,0.9250,-0.0037,0.8542,0.8605,0.9797,0.9723,2.00,1.68,-0.32
3304,4318,easy,0.5313,0.5350,-0.0037,0.3618,0.3652,0.6809,0.6826,8.06,8.02,-0.04
3305,1242,easy,0.8990,0.9026,-0.0037,0.8165,0.8226,0.9192,0.9196,5.10,5.00,-0.10
3306,1225,easy,0.9388,0.9425,-0.0037,0.8847,0.8913,0.9817,0.9802,2.00,2.00,0.00
3307,588,easy,0.8718,0.8755,-0.0037,0.7727,0.7786,0.9999,0.9999,1.41,1.29,-0.12
3308,4086,easy,0.8329,0.8366,-0.0038,0.7136,0.7191,0.8900,0.9030,7.00,6.71,-0.29
3309,209,easy,0.8918,0.8955,-0.0038,0.8047,0.8108,0.9552,0.9736,1.41,1.41,0.00
3310,1358,easy,0.9271,0.9309,-0.0038,0.8641,0.8707,0.9575,0.9474,2.83,3.05,0.22
3311,1540,easy,0.8697,0.8735,-0.0038,0.7695,0.7754,0.9889,0.9742,2.59,1.88,-0.71
3312,2289,easy,0.8959,0.8997,-0.0038,0.8114,0.8177,0.9171,0.9162,29.07,29.77,0.69
3313,151,easy,0.8520,0.8559,-0.0038,0.7422,0.7480,0.8800,0.8800,2.08,2.07,-0.01
3314,1363,easy,0.9519,0.9557,-0.0039,0.9082,0.9152,0.9720,0.9677,1.41,1.41,0.00
3315,3714,easy,0.5869,0.5907,-0.0039,0.4153,0.4192,0.9963,0.9996,6.38,5.20,-1.18
3316,215,easy,0.9067,0.9105,-0.0039,0.8292,0.8358,0.9575,0.9536,2.24,2.24,0.00
3317,1532,easy,0.6641,0.6680,-0.0039,0.4971,0.5015,0.9773,0.9662,6.03,7.00,0.97
3318,1780,easy,0.6347,0.6387,-0.0039,0.4649,0.4691,0.9273,0.8064,2.30,3.86,1.57
3319,1439,easy,0.7583,0.7623,-0.0040,0.6107,0.6159,0.8760,0.8842,2.00,2.00,0.00
3320,2151,easy,0.8056,0.8095,-0.0040,0.6744,0.6800,0.8849,0.8761,3.30,3.32,0.02
3321,996,easy,0.8379,0.8418,-0.0040,0.7210,0.7269,0.9572,0.9469,4.00,4.00,0.00
3322,1286,easy,0.6432,0.6472,-0.0040,0.4741,0.4784,0.8151,0.8274,12.01,12.01,0.00
3323,1013,easy,0.8721,0.8761,-0.0040,0.7732,0.7796,0.9719,0.9690,3.00,3.37,0.37
3324,4143,easy,0.8298,0.8338,-0.0040,0.7091,0.7150,0.8579,0.8603,10.38,9.91,-0.47
3325,1322,easy,0.8378,0.8418,-0.0040,0.7208,0.7268,0.8707,0.8681,6.52,6.90,0.38
3326,1664,easy,0.8879,0.8919,-0.0040,0.7984,0.8049,0.9955,0.9889,2.00,2.00,0.00
3327,784,easy,0.9567,0.9608,-0.0041,0.9170,0.9245,0.9738,0.9738,1.41,1.41,0.00
3328,895,easy,0.9582,0.9623,-0.0041,0.9198,0.9273,0.9799,0.9752,2.83,2.83,0.00
3329,2889,easy,0.7422,0.7463,-0.0041,0.5901,0.5953,0.7981,0.7988,9.46,8.99,-0.47
3330,3983,easy,0.6885,0.6926,-0.0041,0.5250,0.5298,0.9996,0.9936,7.10,7.22,0.12
3331,2097,easy,0.4068,0.4109,-0.0041,0.2553,0.2586,0.9951,0.9952,11.00,10.00,-1.00
3332,3608,easy,0.9362,0.9404,-0.0041,0.8801,0.8875,0.9604,0.9554,1.00,1.00,0.00
3333,479,easy,0.7618,0.7660,-0.0041,0.6153,0.6207,0.9160,0.9226,4.97,4.52,-0.45
3334,1539,easy,0.8480,0.8521,-0.0041,0.7361,0.7423,0.9825,0.9653,2.24,2.05,-0.19
3335,3525,easy,0.8606,0.8647,-0.0041,0.7552,0.7617,0.8809,0.8889,2.91,2.83,-0.09
3336,2295,easy,0.8722,0.8763,-0.0042,0.7733,0.7799,0.9218,0.9243,30.36,30.38,0.03
3337,595,easy,0.8949,0.8990,-0.0042,0.8097,0.8166,0.9668,0.9770,1.41,1.35,-0.06
3338,780,easy,0.9418,0.9460,-0.0042,0.8900,0.8975,0.9813,0.9822,1.41,1.41,0.00
3339,4396,easy,0.4630,0.4672,-0.0042,0.3012,0.3048,0.9579,0.6944,11.53,15.69,4.16
3340,219,easy,0.8847,0.8889,-0.0042,0.7932,0.8000,0.9778,0.9644,2.24,2.24,0.00
3341,900,easy,0.9457,0.9500,-0.0043,0.8970,0.9047,0.9764,0.9752,3.61,3.61,0.00
3342,3883,easy,0.7225,0.7267,-0.0043,0.5655,0.5708,0.8139,0.8082,29.95,30.66,0.71
3343,871,easy,0.9406,0.9449,-0.0043,0.8878,0.8956,0.9905,0.9834,2.77,2.83,0.06
3344,95,easy,0.8588,0.8631,-0.0043,0.7525,0.7592,0.9170,0.9149,10.03,8.00,-2.03
3345,882,easy,0.9561,0.9605,-0.0044,0.9160,0.9240,0.9906,0.9884,2.00,1.56,-0.44
3346,3623,easy,0.8745,0.8790,-0.0044,0.7770,0.7841,0.9107,0.9090,3.16,3.98,0.82
3347,1798,easy,0.8216,0.8261,-0.0045,0.6972,0.7037,0.8551,0.8551,5.41,5.41,0.00
3348,1563,easy,0.9344,0.9389,-0.0045,0.8768,0.8848,0.9708,0.9630,1.00,1.00,0.00
3349,561,easy,0.9061,0.9106,-0.0045,0.8282,0.8359,0.9597,0.9639,1.91,1.41,-0.50
3350,63,easy,0.9458,0.9503,-0.0046,0.8971,0.9053,0.9542,0.9583,1.00,1.00,0.00
3351,2368,easy,0.8602,0.8647,-0.0046,0.7546,0.7617,0.9147,0.9350,3.61,4.11,0.51
3352,113,easy,0.7874,0.7920,-0.0046,0.6494,0.6556,0.9143,0.9363,6.62,6.52,-0.10
3353,1682,easy,0.8898,0.8944,-0.0046,0.8015,0.8089,0.9900,0.9651,2.24,2.00,-0.24
3354,905,easy,0.9454,0.9500,-0.0046,0.8965,0.9048,0.9711,0.9736,3.61,3.07,-0.53
3355,3649,easy,0.6897,0.6943,-0.0046,0.5264,0.5318,0.8575,0.7748,14.55,9.22,-5.33
3356,4437,easy,0.8678,0.8725,-0.0046,0.7665,0.7738,0.9142,0.9083,18.44,20.67,2.23
3357,371,easy,0.7825,0.7871,-0.0046,0.6426,0.6489,0.9384,0.9284,8.77,9.00,0.23
3358,1967,easy,0.2921,0.2967,-0.0047,0.1710,0.1742,0.5882,0.5894,30.00,30.00,0.00
3359,1725,easy,0.9400,0.9447,-0.0047,0.8868,0.8952,0.9834,0.9684,1.41,2.00,0.59
3360,4430,easy,0.7785,0.7832,-0.0047,0.6373,0.6437,0.8885,0.8602,22.66,24.00,1.34
3361,1695,easy,0.8889,0.8936,-0.0047,0.8000,0.8077,0.9772,0.9772,1.41,1.00,-0.41
3362,1491,easy,0.9521,0.9569,-0.0047,0.9087,0.9173,0.9846,0.9786,1.41,1.41,0.00
3363,2666,easy,0.5451,0.5499,-0.0047,0.3747,0.3792,0.7115,0.7051,50.40,49.46,-0.94
3364,1109,easy,0.8677,0.8724,-0.0047,0.7663,0.7737,0.9547,0.9467,3.61,4.47,0.87
3365,3842,easy,0.8282,0.8330,-0.0048,0.7068,0.7138,0.9998,0.9998,2.24,2.00,-0.24
3366,161,easy,0.9434,0.9482,-0.0048,0.8929,0.9015,0.9738,0.9681,2.00,1.88,-0.12
3367,1020,easy,0.5113,0.5161,-0.0048,0.3434,0.3478,0.8667,0.8641,10.63,10.72,0.09
3368,1140,easy,0.7754,0.7802,-0.0048,0.6332,0.6396,0.8214,0.8214,3.61,3.61,0.00
3369,4154,easy,0.8483,0.8531,-0.0048,0.7366,0.7439,0.8936,0.8922,8.09,8.50,0.41
3370,46,easy,0.9425,0.9474,-0.0048,0.8913,0.9000,0.9823,0.9765,1.00,1.00,0.00
3371,469,easy,0.7507,0.7556,-0.0049,0.6009,0.6071,0.8366,0.8417,8.14,7.13,-1.00
3372,1050,easy,0.9321,0.9370,-0.0049,0.8728,0.8814,0.9564,0.9516,3.49,3.16,-0.33
3373,4464,easy,0.8158,0.8207,-0.0049,0.6889,0.6960,0.8676,0.8625,15.00,16.28,1.28
3374,746,easy,0.8734,0.8784,-0.0050,0.7753,0.7831,0.9423,0.9167,24.98,2.00,-22.98
3375,3304,easy,0.7120,0.7170,-0.0050,0.5527,0.5588,0.7911,0.7955,5.34,5.36,0.01
3376,412,easy,0.8344,0.8395,-0.0050,0.7159,0.7233,0.8716,0.8702,11.61,7.00,-4.61
3377,4436,easy,0.8621,0.8671,-0.0050,0.7576,0.7654,0.9038,0.8989,19.92,21.22,1.29
3378,205,easy,0.8884,0.8934,-0.0050,0.7992,0.8074,0.9901,0.9851,1.41,1.41,0.00
3379,4266,easy,0.9071,0.9122,-0.0051,0.8300,0.8385,0.9831,0.9591,2.24,3.00,0.76
3380,3256,easy,0.7977,0.8028,-0.0051,0.6635,0.6705,0.8317,0.8353,9.06,8.02,-1.03
3381,540,easy,0.9131,0.9182,-0.0051,0.8401,0.8488,0.9615,0.9615,4.76,4.87,0.11
3382,175,easy,0.8026,0.8077,-0.0051,0.6703,0.6774,0.8850,0.8913,2.59,2.13,-0.46
3383,1394,easy,0.8979,0.9030,-0.0051,0.8147,0.8232,0.9570,0.9686,2.00,2.00,0.00
3384,914,easy,0.8623,0.8675,-0.0051,0.7580,0.7659,0.8925,0.8961,7.81,7.84,0.03
3385,903,easy,0.9522,0.9574,-0.0052,0.9088,0.9183,0.9693,0.9761,3.16,2.83,-0.33
3386,788,easy,0.9325,0.9377,-0.0052,0.8735,0.8826,0.9609,0.9735,1.62,1.47,-0.15
3387,427,easy,0.9043,0.9095,-0.0052,0.8253,0.8340,0.9254,0.9368,4.52,4.12,-0.40
3388,3814,easy,0.8713,0.8765,-0.0052,0.7719,0.7801,0.9541,0.9266,5.39,4.97,-0.41
3389,256,easy,0.7481,0.7533,-0.0052,0.5976,0.6043,0.9860,0.9884,5.39,5.33,-0.06
3390,58,easy,0.9363,0.9415,-0.0052,0.8802,0.8895,0.9617,0.9617,1.00,1.00,0.00
3391,964,easy,0.8863,0.8915,-0.0052,0.7958,0.8043,0.9671,0.9338,2.83,3.16,0.33
3392,3255,easy,0.7774,0.7827,-0.0052,0.6359,0.6429,0.8179,0.8215,9.00,8.38,-0.62
3393,75,easy,0.8946,0.8998,-0.0053,0.8092,0.8179,0.9292,0.9179,5.00,3.14,-1.86
3394,487,easy,0.8952,0.9005,-0.0053,0.8103,0.8190,0.9230,0.9369,2.90,3.00,0.10
3395,935,easy,0.8660,0.8712,-0.0053,0.7636,0.7719,0.9638,0.9596,4.29,4.00,-0.29
3396,483,easy,0.8677,0.8730,-0.0053,0.7664,0.7747,0.9436,0.9405,3.16,3.16,0.00
3397,1661,easy,0.8682,0.8735,-0.0053,0.7671,0.7754,0.9793,0.9808,2.83,2.00,-0.83
3398,1522,easy,0.9067,0.9120,-0.0053,0.8293,0.8382,0.9748,0.9776,1.41,1.41,0.00
3399,4373,easy,0.8814,0.8867,-0.0053,0.7880,0.7965,0.9336,0.9257,10.38,11.28,0.90
3400,2118,easy,0.8645,0.8698,-0.0053,0.7613,0.7697,0.9864,0.9686,3.16,2.83,-0.33
3401,3356,easy,0.6820,0.6874,-0.0054,0.5174,0.5237,0.9521,0.9522,11.00,10.05,-0.95
3402,1638,easy,0.9155,0.9210,-0.0054,0.8442,0.8535,0.9800,0.9828,1.00,1.00,0.00
3403,769,easy,0.8870,0.8925,-0.0055,0.7970,0.8059,0.9542,0.9328,3.02,4.12,1.10
3404,1303,easy,0.8475,0.8529,-0.0055,0.7353,0.7436,0.9032,0.9009,5.84,5.85,0.01
3405,1614,easy,0.9136,0.9191,-0.0055,0.8409,0.8503,0.9401,0.9571,4.12,2.99,-1.13
3406,1339,easy,0.9442,0.9497,-0.0055,0.8943,0.9043,0.9693,0.9637,1.41,2.00,0.59
3407,1696,easy,0.8267,0.8322,-0.0055,0.7045,0.7126,0.9843,0.9843,1.00,1.00,0.00
3408,1902,easy,0.8054,0.8110,-0.0056,0.6741,0.6820,0.8473,0.8561,14.16,14.25,0.09
3409,3689,easy,0.8421,0.8478,-0.0056,0.7273,0.7358,0.9191,0.9049,8.72,9.86,1.14
3410,2671,easy,0.8614,0.8671,-0.0056,0.7566,0.7653,0.9212,0.9120,44.42,44.84,0.42
3411,1523,easy,0.8911,0.8967,-0.0056,0.8036,0.8128,0.9812,0.9759,2.00,2.00,0.00
3412,1462,easy,0.8931,0.8988,-0.0057,0.8068,0.8161,0.9647,0.9563,1.41,2.24,0.82
3413,1679,easy,0.8922,0.8978,-0.0057,0.8053,0.8146,0.9909,0.9819,1.47,1.41,-0.06
3414,4085,easy,0.8435,0.8492,-0.0057,0.7293,0.7379,0.8892,0.8944,7.21,7.62,0.40
3415,207,easy,0.9010,0.9067,-0.0057,0.8199,0.8294,0.9886,0.9943,1.27,1.41,0.14
3416,1402,easy,0.9073,0.9130,-0.0057,0.8303,0.8399,0.9798,0.9704,2.24,2.24,0.00
3417,3598,easy,0.8502,0.8559,-0.0057,0.7394,0.7482,0.9997,0.9879,2.24,3.16,0.93
3418,3820,easy,0.8701,0.8759,-0.0058,0.7701,0.7791,0.9446,0.9367,6.71,8.08,1.37
3419,892,easy,0.9426,0.9484,-0.0058,0.8915,0.9019,0.9654,0.9670,4.12,3.61,-0.52
3420,573,easy,0.6719,0.6777,-0.0058,0.5059,0.5125,0.9387,0.9183,2.00,2.24,0.24
3421,3853,easy,0.8114,0.8172,-0.0058,0.6826,0.6909,0.9999,0.9999,2.04,2.24,0.20
3422,1021,easy,0.9375,0.9434,-0.0059,0.8824,0.8928,0.9611,0.9611,3.00,2.47,-0.53
3423,902,easy,0.9503,0.9561,-0.0059,0.9053,0.9160,0.9691,0.9742,3.61,2.95,-0.66
3424,4471,easy,0.6794,0.6853,-0.0059,0.5145,0.5213,0.7733,0.7759,26.37,24.21,-2.16
3425,3427,easy,0.8268,0.8327,-0.0059,0.7047,0.7133,0.8804,0.8877,2.00,2.00,0.00
3426,292,easy,0.9245,0.9304,-0.0059,0.8596,0.8699,0.9719,0.9667,2.00,2.00,0.00
3427,1747,easy,0.7761,0.7821,-0.0060,0.6341,0.6422,0.8350,0.8376,5.09,5.37,0.27
3428,886,easy,0.9587,0.9647,-0.0060,0.9206,0.9317,0.9863,0.9806,3.61,3.45,-0.16
3429,2669,easy,0.8605,0.8665,-0.0060,0.7552,0.7645,0.9011,0.8864,45.26,45.50,0.24
3430,4286,easy,0.9239,0.9299,-0.0060,0.8586,0.8690,0.9637,0.9624,17.17,17.60,0.43
3431,618,easy,0.0709,0.0769,-0.0060,0.0367,0.0400,0.5925,0.5284,92.16,77.13,-15.03
3432,3283,easy,0.2273,0.2333,-0.0061,0.1282,0.1321,0.6250,0.6749,9.87,9.60,-0.27
3433,583,easy,0.5591,0.5652,-0.0061,0.3881,0.3939,0.9814,0.9814,2.83,2.83,0.00
3434,884,easy,0.9608,0.9669,-0.0061,0.9246,0.9360,0.9904,0.9889,2.24,2.24,0.00
3435,4148,easy,0.8009,0.8070,-0.0062,0.6679,0.6765,0.8935,0.8914,7.00,8.00,1.00
3436,889,easy,0.9420,0.9482,-0.0062,0.8904,0.9015,0.9673,0.9742,3.61,3.00,-0.61
3437,4050,easy,0.1961,0.2022,-0.0062,0.1087,0.1125,0.6921,0.7305,37.48,36.78,-0.71
3438,3354,easy,0.6534,0.6596,-0.0062,0.4853,0.4921,0.9581,0.9607,13.00,12.04,-0.96
3439,280,easy,0.8278,0.8340,-0.0062,0.7062,0.7152,0.9596,0.9545,2.38,2.44,0.06
3440,2282,easy,0.1586,0.1648,-0.0062,0.0861,0.0898,0.7464,0.6625,28.02,34.88,6.87
3441,1680,easy,0.8964,0.9026,-0.0062,0.8123,0.8226,0.9872,0.9610,2.00,2.83,0.83
3442,1624,easy,0.6894,0.6957,-0.0063,0.5260,0.5333,0.8729,0.9916,3.00,2.83,-0.17
3443,710,easy,0.9061,0.9124,-0.0063,0.8284,0.8389,0.9892,0.9834,3.16,3.16,0.00
3444,217,easy,0.8786,0.8849,-0.0063,0.7835,0.7936,0.9841,0.9735,2.24,2.24,0.00
3445,2200,easy,0.8137,0.8200,-0.0063,0.6860,0.6950,0.9758,0.9266,6.08,8.94,2.86
3446,3423,easy,0.8115,0.8178,-0.0063,0.6828,0.6918,0.8666,0.8741,3.51,2.92,-0.59
3447,1447,easy,0.8709,0.8773,-0.0064,0.7713,0.7814,0.9439,0.9412,2.83,2.62,-0.21
3448,909,easy,0.9359,0.9423,-0.0064,0.8796,0.8910,0.9570,0.9605,4.45,4.24,-0.21
3449,1311,easy,0.8532,0.8596,-0.0064,0.7440,0.7538,0.9115,0.9336,5.71,5.66,-0.05
3450,3545,easy,0.9181,0.9245,-0.0065,0.8485,0.8596,0.9918,0.9708,5.00,4.00,-1.00
3451,590,easy,0.8798,0.8862,-0.0065,0.7853,0.7957,0.9491,0.9431,2.00,2.06,0.06
3452,869,easy,0.9350,0.9415,-0.0065,0.8780,0.8895,0.9889,0.9834,2.24,2.30,0.06
3453,651,easy,0.9084,0.9149,-0.0065,0.8321,0.8431,0.9241,0.9555,5.18,3.61,-1.58
3454,453,easy,0.9517,0.9582,-0.0065,0.9079,0.9198,0.9649,0.9770,3.61,2.24,-1.37
3455,1054,easy,0.9443,0.9508,-0.0065,0.8944,0.9061,0.9683,0.9714,2.24,2.00,-0.24
3456,1956,easy,0.4112,0.4177,-0.0065,0.2588,0.2640,0.6401,0.6320,57.84,19.24,-38.61
3457,1521,easy,0.8758,0.8824,-0.0065,0.7791,0.7895,0.9820,0.9856,1.41,1.41,0.00
3458,2891,easy,0.7459,0.7525,-0.0066,0.5948,0.6032,0.8001,0.8028,9.11,8.54,-0.57
3459,3782,easy,0.8049,0.8115,-0.0066,0.6735,0.6827,0.9865,0.9884,10.33,10.04,-0.29
3460,1746,easy,0.7674,0.7740,-0.0066,0.6225,0.6313,0.8273,0.8222,5.00,5.45,0.45
3461,299,easy,0.9003,0.9071,-0.0067,0.8187,0.8299,0.9286,0.9314,3.78,4.74,0.95
3462,2396,easy,0.5569,0.5636,-0.0068,0.3859,0.3924,0.9791,0.9791,5.99,5.53,-0.47
3463,4126,easy,0.4394,0.4462,-0.0068,0.2816,0.2871,0.9026,0.9027,7.41,7.43,0.02
3464,103,easy,0.9039,0.9107,-0.0068,0.8247,0.8360,0.9508,0.9658,5.90,5.66,-0.25
3465,906,easy,0.9439,0.9506,-0.0068,0.8937,0.9059,0.9575,0.9609,4.24,4.00,-0.24
3466,1542,easy,0.8559,0.8627,-0.0068,0.7481,0.7585,0.9592,0.9514,3.06,4.00,0.94
3467,851,easy,0.7484,0.7552,-0.0068,0.5980,0.6067,0.8063,0.8145,11.02,10.46,-0.55
3468,758,easy,0.0000,0.0068,-0.0068,0.0000,0.0034,0.4996,0.5025,37.21,115.93,78.72
3469,1727,easy,0.9100,0.9168,-0.0068,0.8348,0.8464,0.9668,0.9482,4.52,5.39,0.86
3470,515,easy,0.8493,0.8562,-0.0068,0.7381,0.7485,0.9246,0.9229,8.54,8.54,0.00
3471,2404,easy,0.9141,0.9210,-0.0069,0.8418,0.8535,0.9217,0.9276,1.85,1.85,0.00
3472,2763,easy,0.6156,0.6225,-0.0069,0.4447,0.4519,0.7224,0.7260,6.37,6.32,-0.05
3473,318,easy,0.8536,0.8605,-0.0069,0.7445,0.7551,0.9167,0.9520,6.00,7.98,1.98
3474,1653,easy,0.8628,0.8698,-0.0069,0.7588,0.7695,0.9964,0.9888,2.24,2.24,0.00
3475,730,easy,0.8374,0.8444,-0.0069,0.7203,0.7307,0.9536,0.9536,4.12,4.01,-0.12
3476,3683,easy,0.8165,0.8235,-0.0069,0.6900,0.6999,0.8623,0.8741,8.06,11.16,3.10
3477,3572,easy,0.8990,0.9059,-0.0070,0.8165,0.8280,0.9613,0.9481,2.00,2.00,0.00
3478,3384,easy,0.2207,0.2276,-0.0070,0.1240,0.1284,0.9998,0.9373,14.01,123.84,109.84
3479,1366,easy,0.9559,0.9629,-0.0070,0.9156,0.9285,0.9783,0.9753,1.00,1.00,0.00
3480,983,easy,0.9299,0.9369,-0.0070,0.8690,0.8813,0.9846,0.9558,2.24,3.00,0.76
3481,859,easy,0.9458,0.9528,-0.0070,0.8971,0.9098,0.9901,0.9822,2.24,3.16,0.93
3482,1995,easy,0.8358,0.8429,-0.0070,0.7179,0.7284,0.9516,0.9758,1.17,1.10,-0.06
3483,555,easy,0.9125,0.9195,-0.0070,0.8390,0.8510,0.9777,0.9680,2.00,1.41,-0.59
3484,1666,easy,0.8573,0.8644,-0.0070,0.7503,0.7612,0.9963,0.9922,2.24,2.00,-0.24
3485,2037,easy,0.8855,0.8926,-0.0071,0.7945,0.8060,0.9531,0.9219,1.00,1.00,0.00
3486,716,easy,0.9380,0.9450,-0.0071,0.8832,0.8958,0.9887,0.9810,2.00,2.00,0.00
3487,260,easy,0.7664,0.7735,-0.0071,0.6213,0.6307,0.9873,0.9806,6.01,5.00,-1.01
3488,3837,easy,0.8653,0.8724,-0.0071,0.7626,0.7737,0.9649,0.9649,1.14,1.17,0.02
3489,1343,easy,0.9549,0.9620,-0.0071,0.9137,0.9268,0.9888,0.9840,1.77,1.31,-0.46
3490,4243,easy,0.7510,0.7581,-0.0071,0.6012,0.6104,0.8006,0.8052,6.30,6.07,-0.23
3491,3752,easy,0.0256,0.0328,-0.0072,0.0130,0.0167,0.5561,0.5565,22.13,23.09,0.96
3492,1493,easy,0.9494,0.9566,-0.0072,0.9037,0.9168,0.9884,0.9822,1.41,1.74,0.32
3493,3881,easy,0.7140,0.7212,-0.0072,0.5552,0.5640,0.8265,0.8188,28.28,29.21,0.92
3494,4462,easy,0.8187,0.8259,-0.0072,0.6930,0.7034,0.8655,0.8631,14.21,13.89,-0.32
3495,3257,easy,0.8083,0.8155,-0.0072,0.6782,0.6885,0.8391,0.8442,9.02,8.00,-1.02
3496,277,easy,0.8341,0.8413,-0.0072,0.7154,0.7261,0.9368,0.9322,7.71,7.26,-0.46
3497,364,easy,0.8769,0.8842,-0.0073,0.7808,0.7924,0.9665,0.9592,4.28,4.12,-0.16
3498,332,easy,0.9220,0.9293,-0.0073,0.8552,0.8679,0.9567,0.9666,3.61,2.83,-0.78
3499,162,easy,0.9439,0.9512,-0.0073,0.8938,0.9070,0.9764,0.9717,1.00,1.41,0.41
3500,1041,easy,0.8766,0.8839,-0.0074,0.7803,0.7920,0.9187,0.9169,5.79,5.60,-0.19
3501,743,easy,0.9178,0.9252,-0.0074,0.8481,0.8608,0.9467,0.9533,1.00,1.00,0.00
3502,4152,easy,0.7236,0.7310,-0.0074,0.5669,0.5761,0.8786,0.8786,4.08,4.07,-0.01
3503,1045,easy,0.8576,0.8650,-0.0074,0.7507,0.7622,0.8921,0.8958,5.75,5.78,0.03
3504,4463,easy,0.8084,0.8159,-0.0075,0.6784,0.6890,0.8577,0.8560,13.04,13.85,0.81
3505,891,easy,0.9411,0.9486,-0.0075,0.8887,0.9022,0.9673,0.9730,4.12,3.16,-0.96
3506,202,easy,0.9306,0.9381,-0.0075,0.8701,0.8834,0.9718,0.9624,1.00,1.02,0.02
3507,1159,easy,0.8703,0.8778,-0.0075,0.7703,0.7822,0.9394,0.9204,6.53,7.05,0.52
3508,3374,easy,0.7451,0.7527,-0.0076,0.5938,0.6035,0.9408,0.9437,6.00,5.00,-1.00
3509,3844,easy,0.8333,0.8410,-0.0077,0.7143,0.7256,0.9998,0.9957,2.38,2.41,0.03
3510,692,easy,0.8766,0.8843,-0.0077,0.7804,0.7927,0.9522,0.9471,4.04,3.16,-0.87
3511,4433,easy,0.8304,0.8381,-0.0077,0.7100,0.7214,0.8952,0.8887,21.00,24.25,3.25
3512,3687,easy,0.8455,0.8532,-0.0077,0.7323,0.7440,0.9011,0.8999,5.95,10.14,4.19
3513,274,easy,0.9206,0.9284,-0.0077,0.8529,0.8663,0.9770,0.9727,2.00,2.24,0.24
3514,1043,easy,0.8857,0.8934,-0.0078,0.7948,0.8074,0.9322,0.9396,4.06,3.36,-0.70
3515,4314,easy,0.5224,0.5302,-0.0078,0.3536,0.3607,0.6768,0.6804,9.57,9.53,-0.05
3516,1676,easy,0.8269,0.8347,-0.0078,0.7049,0.7163,0.9869,0.9529,2.83,2.83,0.00
3517,1587,easy,0.9203,0.9280,-0.0078,0.8523,0.8657,0.9654,0.9633,4.24,3.61,-0.64
3518,213,easy,0.9226,0.9304,-0.0078,0.8563,0.8698,0.9579,0.9552,2.83,2.24,-0.59
3519,1445,easy,0.8743,0.8821,-0.0078,0.7766,0.7891,0.9258,0.9302,3.00,2.83,-0.17
3520,305,easy,0.9245,0.9324,-0.0078,0.8596,0.8733,0.9473,0.9658,5.00,3.00,-2.00
3521,3963,easy,0.5974,0.6053,-0.0079,0.4259,0.4340,0.9995,0.9995,8.26,9.39,1.13
3522,2127,easy,0.7235,0.7315,-0.0079,0.5668,0.5766,0.7869,0.7930,9.64,9.46,-0.18
3523,110,easy,0.8577,0.8657,-0.0080,0.7509,0.7633,0.9663,0.9652,14.42,14.57,0.15
3524,481,easy,0.8321,0.8401,-0.0080,0.7124,0.7242,0.9421,0.9389,4.12,4.00,-0.12
3525,1965,easy,0.3046,0.3126,-0.0080,0.1797,0.1853,0.5931,0.5956,29.00,29.00,0.00
3526,3159,easy,0.0000,0.0081,-0.0081,0.0000,0.0040,0.4998,0.5061,101.24,72.70,-28.55
3527,3506,easy,0.8252,0.8333,-0.0081,0.7025,0.7143,0.8571,0.8571,2.22,2.22,0.00
3528,2228,easy,0.0091,0.0172,-0.0081,0.0046,0.0087,0.5032,0.5067,32.57,31.57,-1.00
3529,3663,easy,0.7031,0.7112,-0.0081,0.5422,0.5519,0.9361,0.7978,18.97,7.28,-11.69
3530,736,easy,0.8869,0.8950,-0.0081,0.7967,0.8099,0.9414,0.9414,1.27,1.29,0.02
3531,3758,easy,0.0832,0.0913,-0.0081,0.0434,0.0478,0.7078,0.6929,18.38,20.49,2.11
3532,366,easy,0.8464,0.8545,-0.0082,0.7337,0.7460,0.9684,0.9647,5.36,4.47,-0.88
3533,1691,easy,0.8909,0.8991,-0.0082,0.8033,0.8167,0.9900,0.9900,1.91,1.91,0.00
3534,3471,easy,0.9182,0.9263,-0.0082,0.8487,0.8628,0.9655,0.9582,5.00,4.21,-0.79
3535,4290,easy,0.7867,0.7949,-0.0082,0.6484,0.6596,0.8470,0.8647,24.30,24.30,0.00
3536,3795,easy,0.7904,0.7986,-0.0082,0.6534,0.6647,0.9615,0.9512,7.00,7.81,0.81
3537,2099,easy,0.4265,0.4348,-0.0083,0.2711,0.2778,0.9953,0.9953,10.00,9.03,-0.97
3538,529,easy,0.9252,0.9335,-0.0083,0.8609,0.8753,0.9874,0.9806,2.85,2.83,-0.02
3539,1670,easy,0.8612,0.8695,-0.0083,0.7562,0.7691,0.9952,0.9827,2.24,2.24,0.00
3540,3580,easy,0.8221,0.8304,-0.0083,0.6979,0.7101,0.9855,0.9896,4.00,5.00,1.00
3541,3313,easy,0.7469,0.7553,-0.0084,0.5961,0.6068,0.8010,0.8223,6.00,5.00,-1.00
3542,4246,easy,0.7305,0.7389,-0.0084,0.5754,0.5860,0.7877,0.7930,8.01,7.98,-0.03
3543,429,easy,0.9199,0.9284,-0.0085,0.8517,0.8664,0.9637,0.9699,4.14,4.55,0.42
3544,1893,easy,0.8437,0.8522,-0.0085,0.7296,0.7425,0.8827,0.8842,68.69,7.05,-61.63
3545,608,easy,0.8631,0.8716,-0.0085,0.7592,0.7725,0.9931,0.9965,2.00,2.00,0.00
3546,867,easy,0.9343,0.9429,-0.0086,0.8768,0.8920,0.9908,0.9852,2.83,2.83,0.00
3547,1300,easy,0.6117,0.6203,-0.0086,0.4406,0.4495,0.9081,0.7248,34.86,7.45,-27.41
3548,303,easy,0.9162,0.9248,-0.0086,0.8453,0.8601,0.9436,0.9545,5.00,4.16,-0.84
3549,3430,easy,0.8485,0.8571,-0.0087,0.7368,0.7500,0.9430,0.9557,1.00,1.39,0.39
3550,201,easy,0.9028,0.9115,-0.0087,0.8228,0.8374,0.9815,0.9746,2.83,2.83,0.00
3551,530,easy,0.9402,0.9490,-0.0087,0.8872,0.9029,0.9787,0.9712,2.83,3.00,0.17
3552,17,easy,0.7524,0.7611,-0.0087,0.6031,0.6144,0.8434,0.8347,11.45,14.07,2.61
3553,723,easy,0.8352,0.8439,-0.0088,0.7170,0.7300,0.9766,0.9743,4.00,3.63,-0.37
3554,712,easy,0.8998,0.9086,-0.0088,0.8179,0.8325,0.9934,0.9892,3.00,3.03,0.03
3555,609,easy,0.8780,0.8869,-0.0088,0.7826,0.7967,0.9897,0.9931,2.00,2.00,0.00
3556,3271,easy,0.4115,0.4203,-0.0088,0.2590,0.2661,0.6295,0.6330,19.26,18.65,-0.61
3557,1497,easy,0.9404,0.9493,-0.0088,0.8876,0.9035,0.9884,0.9825,2.00,2.00,0.00
3558,777,easy,0.5831,0.5920,-0.0088,0.4116,0.4204,0.9595,0.9064,9.04,8.17,-0.87
3559,1444,easy,0.8649,0.8737,-0.0088,0.7619,0.7757,0.9178,0.9215,3.00,2.83,-0.17
3560,1062,easy,0.9187,0.9275,-0.0089,0.8496,0.8649,0.9706,0.9706,1.00,1.00,0.00
3561,78,easy,0.7745,0.7834,-0.0089,0.6319,0.6439,0.8713,0.8652,10.63,22.91,12.28
3562,3568,easy,0.9063,0.9152,-0.0089,0.8286,0.8437,0.9674,0.9595,2.50,2.00,-0.50
3563,1568,easy,0.9379,0.9469,-0.0090,0.8831,0.8991,0.9722,0.9745,1.00,1.00,0.00
3564,855,easy,0.9492,0.9581,-0.0090,0.9032,0.9196,0.9853,0.9788,3.00,2.91,-0.09
3565,2384,easy,0.9130,0.9220,-0.0090,0.8399,0.8553,0.9222,0.9288,1.88,1.41,-0.47
3566,56,easy,0.8739,0.8829,-0.0090,0.7760,0.7903,0.9042,0.9083,2.00,2.11,0.11
3567,3716,easy,0.5829,0.5919,-0.0090,0.4113,0.4203,0.9996,0.9996,5.89,5.54,-0.35
3568,4376,easy,0.6844,0.6934,-0.0090,0.5202,0.5307,0.8020,0.8187,28.28,28.31,0.03
3569,1693,easy,0.9118,0.9208,-0.0090,0.8378,0.8532,0.9843,0.9844,1.00,1.00,0.00
3570,1622,easy,0.4537,0.4627,-0.0090,0.2934,0.3010,0.8710,0.9467,3.61,5.07,1.47
3571,1194,easy,0.9345,0.9436,-0.0091,0.8771,0.8933,0.9435,0.9492,1.00,1.00,0.00
3572,3783,easy,0.8237,0.8328,-0.0091,0.7003,0.7135,0.9855,0.9835,8.67,8.38,-0.29
3573,998,easy,0.8389,0.8480,-0.0091,0.7225,0.7361,0.9821,0.9675,4.47,3.00,-1.47
3574,3538,easy,0.8930,0.9021,-0.0092,0.8067,0.8217,0.9940,0.9869,5.45,5.02,-0.42
3575,904,easy,0.9521,0.9613,-0.0092,0.9086,0.9255,0.9699,0.9796,3.58,2.24,-1.35
3576,1106,easy,0.8583,0.8675,-0.0092,0.7517,0.7660,0.9111,0.9111,6.80,6.91,0.11
3577,1014,easy,0.8847,0.8939,-0.0092,0.7932,0.8081,0.9681,0.9576,2.35,2.24,-0.11
3578,3431,easy,0.8707,0.8800,-0.0093,0.7711,0.7857,0.9051,0.9177,1.70,1.70,0.00
3579,1293,easy,0.8552,0.8644,-0.0093,0.7470,0.7612,0.8886,0.8873,5.31,5.66,0.34
3580,861,easy,0.9428,0.9521,-0.0093,0.8918,0.9085,0.9872,0.9803,3.00,3.16,0.16
3581,460,easy,0.7532,0.7625,-0.0093,0.6042,0.6162,0.8866,0.8799,3.61,4.01,0.41
3582,1948,easy,0.4634,0.4727,-0.0093,0.3016,0.3095,0.6702,0.6548,62.84,23.74,-39.10
3583,1966,easy,0.2949,0.3043,-0.0093,0.1730,0.1794,0.5894,0.5919,30.00,29.00,-1.00
3584,3056,easy,0.6138,0.6231,-0.0093,0.4428,0.4526,0.9394,0.9410,7.07,6.08,-0.99
3585,2123,easy,0.4019,0.4113,-0.0094,0.2515,0.2589,0.9995,0.9758,8.00,7.28,-0.72
3586,1223,easy,0.9301,0.9396,-0.0095,0.8694,0.8860,0.9817,0.9759,3.13,2.00,-1.13
3587,64,easy,0.9333,0.9428,-0.0095,0.8750,0.8918,0.9452,0.9517,2.27,1.97,-0.29
3588,2411,easy,0.2213,0.2308,-0.0095,0.1244,0.1304,0.8040,0.6034,22.99,14.74,-8.25
3589,4297,easy,0.5563,0.5658,-0.0095,0.3853,0.3945,0.6927,0.6972,8.06,8.06,0.00
3590,908,easy,0.9355,0.9451,-0.0095,0.8789,0.8959,0.9558,0.9629,4.12,3.52,-0.61
3591,3428,easy,0.8065,0.8160,-0.0095,0.6757,0.6892,0.8623,0.8695,2.00,2.24,0.24
3592,2079,easy,0.8070,0.8166,-0.0096,0.6765,0.6900,0.9999,0.9999,2.00,1.53,-0.47
3593,1044,easy,0.9272,0.9368,-0.0096,0.8644,0.8811,0.9495,0.9541,4.87,4.24,-0.63
3594,1454,easy,0.8127,0.8223,-0.0096,0.6845,0.6982,0.8571,0.8664,5.00,5.05,0.05
3595,261,easy,0.7530,0.7626,-0.0096,0.6038,0.6163,0.9917,0.9806,7.07,5.89,-1.18
3596,3469,easy,0.9253,0.9349,-0.0096,0.8610,0.8778,0.9778,0.9717,4.47,4.00,-0.47
3597,792,easy,0.9498,0.9594,-0.0097,0.9044,0.9220,0.9597,0.9764,1.41,1.00,-0.41
3598,3661,easy,0.7053,0.7150,-0.0097,0.5448,0.5564,0.9194,0.7987,17.08,15.23,-1.85
3599,2120,easy,0.8809,0.8906,-0.0097,0.7872,0.8028,0.9775,0.9531,3.00,2.24,-0.76
3600,714,easy,0.9243,0.9340,-0.0097,0.8592,0.8761,0.9932,0.9885,2.24,2.24,0.00
3601,225,easy,0.7711,0.7809,-0.0098,0.6275,0.6405,0.9900,0.9865,4.10,4.36,0.26
3602,368,easy,0.7902,0.8000,-0.0098,0.6532,0.6667,0.9704,0.9696,6.08,5.18,-0.90
3603,3750,easy,0.0272,0.0370,-0.0098,0.0138,0.0188,0.5562,0.5567,22.86,24.08,1.22
3604,1628,easy,0.7607,0.7706,-0.0099,0.6138,0.6268,0.9587,0.9587,2.83,3.16,0.33
3605,1051,easy,0.8031,0.8130,-0.0099,0.6709,0.6849,0.9040,0.9139,5.36,5.00,-0.36
3606,2301,easy,0.9029,0.9129,-0.0100,0.8230,0.8398,0.9356,0.9442,3.76,3.00,-0.76
3607,2944,easy,0.7510,0.7611,-0.0100,0.6013,0.6143,0.8242,0.8574,4.13,3.16,-0.97
3608,485,easy,0.8933,0.9033,-0.0101,0.8071,0.8237,0.9317,0.9412,3.61,3.15,-0.45
3609,493,easy,0.8931,0.9032,-0.0101,0.8069,0.8234,0.9309,0.9616,9.90,2.24,-7.66
3610,768,easy,0.8943,0.9044,-0.0101,0.8088,0.8255,0.9713,0.9528,2.00,3.04,1.04
3611,59,easy,0.9395,0.9496,-0.0102,0.8858,0.9041,0.9512,0.9605,1.00,1.00,0.00
3612,1550,easy,0.8773,0.8874,-0.0102,0.7814,0.7977,0.9575,0.9564,3.50,4.00,0.50
3613,1649,easy,0.8674,0.8776,-0.0102,0.7658,0.7819,0.9823,0.9526,2.24,3.00,0.76
3614,1403,easy,0.8860,0.8962,-0.0102,0.7953,0.8119,0.9793,0.9717,2.30,2.24,-0.06
3615,1221,easy,0.9118,0.9220,-0.0102,0.8379,0.8553,0.9930,0.9847,2.96,2.24,-0.72
3616,796,easy,0.9188,0.9291,-0.0102,0.8498,0.8675,0.9554,0.9708,1.41,1.00,-0.41
3617,1495,easy,0.9314,0.9416,-0.0103,0.8715,0.8897,0.9849,0.9817,2.00,2.00,0.00
3618,1400,easy,0.9261,0.9364,-0.0103,0.8624,0.8805,0.9836,0.9804,2.11,1.71,-0.40
3619,1656,easy,0.8864,0.8967,-0.0103,0.7959,0.8127,0.9776,0.9831,2.00,2.00,0.00
3620,3748,easy,0.0272,0.0376,-0.0103,0.0138,0.0191,0.5562,0.5567,23.09,24.32,1.24
3621,1202,easy,0.9221,0.9324,-0.0104,0.8554,0.8734,0.9551,0.9423,1.00,1.19,0.19
3622,1460,easy,0.9186,0.9290,-0.0104,0.8495,0.8674,0.9797,0.9711,1.41,1.41,0.00
3623,918,easy,0.7876,0.7979,-0.0104,0.6496,0.6638,0.8363,0.8407,10.83,10.83,0.00
3624,1796,easy,0.8601,0.8705,-0.0104,0.7545,0.7706,0.8878,0.8925,4.58,4.18,-0.40
3625,2103,easy,0.7594,0.7698,-0.0104,0.6121,0.6258,0.9897,0.9918,6.33,6.50,0.17
3626,4095,easy,0.8332,0.8436,-0.0104,0.7141,0.7295,0.9107,0.9497,5.83,5.00,-0.83
3627,931,easy,0.7807,0.7911,-0.0104,0.6403,0.6545,0.9825,0.9764,7.82,6.78,-1.04
3628,1660,easy,0.9165,0.9269,-0.0104,0.8458,0.8638,0.9871,0.9880,1.41,1.41,0.00
3629,542,easy,0.8847,0.8952,-0.0104,0.7933,0.8102,0.9212,0.9208,8.07,6.57,-1.50
3630,786,easy,0.9583,0.9688,-0.0105,0.9200,0.9395,0.9726,0.9783,1.10,1.00,-0.10
3631,1936,easy,0.3762,0.3867,-0.0105,0.2317,0.2397,0.6208,0.6209,65.25,28.28,-36.96
3632,1008,easy,0.8932,0.9037,-0.0105,0.8070,0.8243,0.9389,0.9409,3.00,2.83,-0.17
3633,1298,easy,0.3228,0.3333,-0.0105,0.1925,0.2000,0.7188,0.6000,43.51,10.97,-32.53
3634,4308,easy,0.4722,0.4828,-0.0105,0.3091,0.3182,0.6545,0.6591,9.21,9.21,0.00
3635,4128,easy,0.4462,0.4567,-0.0105,0.2871,0.2959,0.9027,0.9027,7.13,7.45,0.31
3636,4142,easy,0.7586,0.7692,-0.0106,0.6111,0.6250,0.9351,0.9316,3.65,3.90,0.25
3637,606,easy,0.8664,0.8771,-0.0106,0.7644,0.7811,0.9962,0.9925,2.06,2.00,-0.06
3638,1196,easy,0.8772,0.8879,-0.0107,0.7812,0.7984,0.9717,0.9669,1.00,1.00,0.00
3639,3627,easy,0.8693,0.8800,-0.0107,0.7688,0.7857,0.9198,0.9188,3.16,3.76,0.60
3640,592,easy,0.9062,0.9169,-0.0107,0.8284,0.8465,0.9856,0.9913,1.00,1.00,0.00
3641,3565,easy,0.9082,0.9190,-0.0108,0.8318,0.8501,0.9614,0.9543,2.83,2.00,-0.83
3642,1183,easy,0.8665,0.8773,-0.0108,0.7644,0.7814,0.9481,0.9280,5.01,4.00,-1.01
3643,2150,easy,0.6649,0.6757,-0.0108,0.4980,0.5102,0.7500,0.7561,10.65,10.64,-0.02
3644,1027,easy,0.9438,0.9546,-0.0108,0.8936,0.9132,0.9578,0.9619,4.00,2.24,-1.76
3645,1360,easy,0.9334,0.9443,-0.0109,0.8752,0.8945,0.9608,0.9584,4.47,4.24,-0.23
3646,1647,easy,0.8440,0.8549,-0.0109,0.7301,0.7465,0.9911,0.9539,2.83,3.00,0.17
3647,2614,easy,0.5686,0.5795,-0.0109,0.3972,0.4079,0.6991,0.7045,16.94,16.15,-0.79
3648,1207,easy,0.8491,0.8600,-0.0109,0.7377,0.7544,0.9592,0.9388,1.00,1.00,0.00
3649,1655,easy,0.8695,0.8805,-0.0110,0.7692,0.7865,0.9933,0.9782,2.83,2.24,-0.59
3650,1098,easy,0.6839,0.6950,-0.0110,0.5197,0.5325,0.7972,0.7950,7.12,8.30,1.18
3651,1461,easy,0.9011,0.9121,-0.0110,0.8200,0.8385,0.9725,0.9711,2.00,1.44,-0.56
3652,1678,easy,0.8397,0.8507,-0.0110,0.7237,0.7402,0.9883,0.9532,2.83,3.03,0.20
3653,1994,easy,0.8397,0.8507,-0.0111,0.7237,0.7403,0.9435,0.9596,1.17,1.14,-0.02
3654,2606,easy,0.7940,0.8050,-0.0111,0.6583,0.6737,0.8314,0.8392,26.93,27.51,0.59
3655,3785,easy,0.7940,0.8051,-0.0111,0.6584,0.6738,0.9701,0.9606,9.01,8.98,-0.03
3656,1064,easy,0.8692,0.8803,-0.0111,0.7687,0.7862,0.9631,0.9672,3.26,2.88,-0.38
3657,1751,easy,0.7466,0.7577,-0.0111,0.5956,0.6099,0.8096,0.8153,5.00,5.00,0.00
3658,276,easy,0.9186,0.9297,-0.0111,0.8495,0.8687,0.9641,0.9684,2.24,2.00,-0.24
3659,890,easy,0.9361,0.9473,-0.0111,0.8799,0.8998,0.9902,0.9853,3.00,3.16,0.16
3660,1025,easy,0.9413,0.9524,-0.0111,0.8891,0.9092,0.9615,0.9672,2.24,1.41,-0.82
3661,339,easy,0.8879,0.8991,-0.0112,0.7985,0.8167,0.9823,0.9768,2.00,2.00,0.00
3662,987,easy,0.9030,0.9142,-0.0112,0.8231,0.8419,0.9596,0.9525,3.00,3.61,0.61
3663,65,easy,0.9290,0.9402,-0.0113,0.8673,0.8872,0.9645,0.9727,1.00,1.00,0.00
3664,341,easy,0.9351,0.9464,-0.0113,0.8781,0.8982,0.9917,0.9843,2.24,2.00,-0.24
3665,310,easy,0.8755,0.8868,-0.0113,0.7786,0.7966,0.9258,0.9453,4.19,4.00,-0.19
3666,585,easy,0.6935,0.7049,-0.0114,0.5309,0.5443,0.9886,0.9886,2.24,2.00,-0.24
3667,370,easy,0.8227,0.8342,-0.0115,0.6988,0.7155,0.9556,0.9564,7.23,7.28,0.05
3668,1629,easy,0.7857,0.7972,-0.0115,0.6471,0.6628,0.9508,0.9672,1.66,1.41,-0.25
3669,52,easy,0.8966,0.9080,-0.0115,0.8125,0.8316,0.9432,0.9489,1.00,1.00,0.00
3670,907,easy,0.9426,0.9541,-0.0115,0.8915,0.9123,0.9561,0.9651,4.24,3.61,-0.64
3671,3845,easy,0.7987,0.8102,-0.0115,0.6648,0.6809,0.9956,0.9977,74.08,67.24,-6.84
3672,4295,easy,0.5455,0.5570,-0.0116,0.3750,0.3860,0.6875,0.6930,8.00,8.00,0.00
3673,15,easy,0.9005,0.9121,-0.0116,0.8190,0.8384,0.9479,0.9430,3.08,4.51,1.43
3674,106,easy,0.9136,0.9252,-0.0116,0.8409,0.8608,0.9451,0.9426,4.00,3.00,-1.00
3675,3731,easy,0.5531,0.5647,-0.0116,0.3823,0.3934,0.9625,0.9955,6.00,4.66,-1.34
3676,3567,easy,0.8921,0.9037,-0.0116,0.8052,0.8244,0.9242,0.9198,3.04,3.16,0.12
3677,3348,easy,0.5891,0.6008,-0.0117,0.4176,0.4294,0.9393,0.9356,14.04,12.65,-1.39
3678,1726,easy,0.9185,0.9302,-0.0118,0.8492,0.8696,0.9861,0.9747,2.24,2.24,0.00
3679,451,easy,0.9362,0.9480,-0.0118,0.8801,0.9011,0.9610,0.9769,2.83,2.24,-0.59
3680,200,easy,0.8465,0.8583,-0.0118,0.7338,0.7518,0.9952,0.9884,5.07,4.12,-0.95
3681,844,easy,0.8815,0.8934,-0.0119,0.7881,0.8073,0.9326,0.9385,6.94,5.00,-1.94
3682,2387,easy,0.8893,0.9012,-0.0119,0.8006,0.8201,0.9999,0.9999,2.00,2.00,0.00
3683,347,easy,0.9400,0.9519,-0.0119,0.8867,0.9082,0.9933,0.9890,2.00,1.41,-0.59
3684,1703,easy,0.9099,0.9219,-0.0120,0.8347,0.8551,0.9809,0.9598,5.00,5.00,0.00
3685,1687,easy,0.8000,0.8120,-0.0120,0.6667,0.6835,0.9500,0.9500,1.44,1.41,-0.03
3686,929,easy,0.6730,0.6850,-0.0120,0.5071,0.5209,0.9758,0.9725,9.85,8.94,-0.90
3687,1076,easy,0.8007,0.8128,-0.0121,0.6677,0.6847,0.8866,0.9100,4.00,3.38,-0.62
3688,1749,easy,0.7657,0.7778,-0.0121,0.6203,0.6364,0.8295,0.8380,5.00,5.00,0.00
3689,1056,easy,0.9411,0.9532,-0.0121,0.8887,0.9106,0.9667,0.9711,2.24,1.41,-0.82
3690,2608,easy,0.7330,0.7451,-0.0122,0.5785,0.5938,0.7895,0.7972,28.37,28.68,0.31
3691,581,easy,0.9020,0.9143,-0.0123,0.8215,0.8421,0.9785,0.9752,2.00,1.44,-0.56
3692,2359,easy,0.8076,0.8199,-0.0123,0.6773,0.6947,0.8603,0.8735,3.78,3.04,-0.74
3693,247,easy,0.7607,0.7729,-0.0123,0.6138,0.6299,0.9840,0.9619,7.64,6.24,-1.39
3694,3563,easy,0.9242,0.9365,-0.0123,0.8591,0.8806,0.9598,0.9544,2.24,2.24,0.00
3695,3832,easy,0.5942,0.6065,-0.0123,0.4227,0.4352,0.9807,0.9807,8.82,8.85,0.03
3696,4416,easy,0.7191,0.7314,-0.0124,0.5613,0.5766,0.9518,0.8719,3.16,7.08,3.92
3697,4204,easy,0.8376,0.8500,-0.0124,0.7206,0.7391,0.8603,0.8750,1.82,2.14,0.32
3698,170,easy,0.6705,0.6829,-0.0124,0.5043,0.5185,0.8333,0.8218,2.83,2.24,-0.59
3699,1378,easy,0.9316,0.9440,-0.0124,0.8719,0.8939,0.9860,0.9843,1.00,1.00,0.00
3700,1218,easy,0.9159,0.9283,-0.0124,0.8449,0.8662,0.9900,0.9847,2.00,1.41,-0.59
3701,551,easy,0.6986,0.7110,-0.0125,0.5368,0.5516,0.8219,0.8258,24.25,24.52,0.27
3702,870,easy,0.9341,0.9466,-0.0125,0.8764,0.8986,0.9917,0.9894,2.00,1.82,-0.18
3703,973,easy,0.9150,0.9275,-0.0126,0.8433,0.8649,0.9869,0.9571,2.00,2.83,0.83
3704,3691,easy,0.8280,0.8405,-0.0126,0.7064,0.7249,0.8951,0.8900,9.85,10.55,0.71
3705,732,easy,0.8734,0.8860,-0.0126,0.7752,0.7953,0.9721,0.9702,2.83,2.24,-0.59
3706,915,easy,0.8537,0.8663,-0.0126,0.7447,0.7642,0.8975,0.9149,10.30,9.01,-1.28
3707,3949,easy,0.1010,0.1136,-0.0126,0.0532,0.0602,0.9542,0.9542,11.82,13.19,1.37
3708,580,easy,0.9100,0.9227,-0.0126,0.8349,0.8564,0.9846,0.9805,1.41,1.41,0.00
3709,1681,easy,0.8864,0.8991,-0.0126,0.7961,0.8167,0.9352,0.9406,1.82,1.77,-0.06
3710,863,easy,0.9303,0.9430,-0.0126,0.8698,0.8921,0.9913,0.9841,2.27,2.59,0.33
3711,3537,easy,0.9131,0.9258,-0.0127,0.8401,0.8618,0.9784,0.9690,3.00,2.85,-0.15
3712,3756,easy,0.0682,0.0809,-0.0127,0.0353,0.0422,0.6470,0.6549,18.25,21.18,2.93
3713,1702,easy,0.8166,0.8294,-0.0127,0.6901,0.7085,0.9694,0.9542,2.00,1.41,-0.59
3714,4035,easy,0.6447,0.6575,-0.0128,0.4757,0.4898,0.9803,0.9705,2.21,2.01,-0.20
3715,1799,easy,0.8786,0.8914,-0.0128,0.7835,0.8041,0.8918,0.9021,2.00,2.00,0.00
3716,3376,easy,0.7230,0.7358,-0.0128,0.5662,0.5821,0.9108,0.9161,6.00,5.00,-1.00
3717,1377,easy,0.9157,0.9286,-0.0129,0.8445,0.8667,0.9799,0.9698,1.00,1.00,0.00
3718,3618,easy,0.7871,0.8000,-0.0129,0.6490,0.6667,0.8749,0.8820,2.24,2.24,0.00
3719,2114,easy,0.8825,0.8954,-0.0129,0.7897,0.8106,0.9875,0.9753,2.93,2.83,-0.10
3720,3097,easy,0.5279,0.5409,-0.0129,0.3586,0.3707,0.8784,0.8426,8.01,10.44,2.43
3721,4115,easy,0.0039,0.0169,-0.0130,0.0020,0.0085,0.5057,0.5142,34.41,25.70,-8.71
3722,1052,easy,0.9153,0.9283,-0.0130,0.8438,0.8662,0.9471,0.9485,3.68,2.83,-0.86
3723,1674,easy,0.8443,0.8573,-0.0130,0.7306,0.7503,0.9875,0.9771,2.24,2.24,0.00
3724,750,easy,0.6650,0.6781,-0.0130,0.4981,0.5129,0.9712,0.9554,14.49,12.64,-1.86
3725,985,easy,0.8478,0.8609,-0.0131,0.7358,0.7558,0.9959,0.9965,4.41,4.00,-0.41
3726,1570,easy,0.9187,0.9319,-0.0132,0.8497,0.8725,0.9924,0.9924,1.00,1.00,0.00
3727,731,easy,0.8503,0.8636,-0.0132,0.7396,0.7599,0.9611,0.9611,3.61,3.16,-0.44
3728,1110,easy,0.8494,0.8627,-0.0133,0.7383,0.7586,0.9322,0.9257,2.83,3.61,0.78
3729,3486,easy,0.9222,0.9355,-0.0133,0.8556,0.8788,0.9917,0.9752,3.16,2.83,-0.33
3730,1560,easy,0.9175,0.9309,-0.0133,0.8476,0.8706,0.9709,0.9629,1.00,1.00,0.00
3731,605,easy,0.8015,0.8148,-0.0133,0.6687,0.6875,0.9909,0.9954,2.24,2.00,-0.24
3732,3566,easy,0.8976,0.9110,-0.0134,0.8141,0.8365,0.9422,0.9379,2.83,2.24,-0.59
3733,1398,easy,0.9280,0.9415,-0.0135,0.8657,0.8894,0.9867,0.9819,1.00,1.00,0.00
3734,4171,easy,0.3736,0.3871,-0.0135,0.2297,0.2400,0.6400,0.6318,24.76,26.17,1.41
3735,4478,easy,0.4714,0.4849,-0.0135,0.3084,0.3201,0.6670,0.6699,26.83,25.51,-1.32
3736,402,easy,0.9190,0.9325,-0.0136,0.8501,0.8736,0.9570,0.9497,7.48,7.98,0.50
3737,734,easy,0.8686,0.8822,-0.0136,0.7678,0.7892,0.9764,0.9735,2.88,2.83,-0.05
3738,1108,easy,0.8609,0.8744,-0.0136,0.7557,0.7769,0.9279,0.9264,6.21,6.24,0.03
3739,3693,easy,0.7845,0.7981,-0.0136,0.6454,0.6640,0.8489,0.8362,10.01,9.22,-0.79
3740,2011,easy,0.6988,0.7124,-0.0137,0.5370,0.5533,0.9978,0.9837,6.05,6.00,-0.05
3741,1569,easy,0.9375,0.9513,-0.0138,0.8824,0.9071,0.9769,0.9797,1.00,1.00,0.00
3742,1694,easy,0.9208,0.9347,-0.0139,0.8532,0.8774,0.9947,0.9947,1.00,1.00,0.00
3743,3788,easy,0.7562,0.7701,-0.0139,0.6080,0.6262,0.9424,0.9411,9.15,9.61,0.46
3744,1399,easy,0.9478,0.9617,-0.0139,0.9008,0.9263,0.9911,0.9856,1.41,1.00,-0.41
3745,3855,easy,0.5556,0.5695,-0.0140,0.3846,0.3981,0.9786,0.9573,4.46,4.00,-0.46
3746,3833,easy,0.1239,0.1379,-0.0140,0.0660,0.0741,0.9994,0.9757,12.32,11.86,-0.46
3747,842,easy,0.8410,0.8551,-0.0140,0.7257,0.7469,0.9249,0.9229,14.11,13.18,-0.93
3748,4094,easy,0.8360,0.8501,-0.0141,0.7182,0.7393,0.8995,0.9492,5.85,4.47,-1.38
3749,1029,easy,0.9414,0.9555,-0.0141,0.8893,0.9147,0.9626,0.9695,3.00,2.24,-0.76
3750,338,easy,0.8775,0.8916,-0.0141,0.7817,0.8043,0.9759,0.9461,4.00,6.32,2.32
3751,1392,easy,0.8986,0.9127,-0.0141,0.8158,0.8394,0.9282,0.9475,1.41,1.21,-0.21
3752,1630,easy,0.6667,0.6809,-0.0142,0.5000,0.5161,0.9705,0.9705,2.24,2.00,-0.24
3753,214,easy,0.8315,0.8457,-0.0142,0.7116,0.7326,0.8674,0.8782,10.00,9.22,-0.78
3754,221,easy,0.8576,0.8718,-0.0143,0.7506,0.7728,0.9914,0.9824,3.11,4.27,1.15
3755,1118,easy,0.6610,0.6753,-0.0143,0.4937,0.5098,0.7549,0.7549,5.27,6.00,0.73
3756,2143,easy,0.6667,0.6810,-0.0143,0.5000,0.5163,0.7789,0.7921,7.55,6.93,-0.62
3757,62,easy,0.9474,0.9617,-0.0143,0.9000,0.9262,0.9687,0.9708,1.00,1.00,0.00
3758,1257,easy,0.8681,0.8825,-0.0143,0.7670,0.7897,0.9100,0.9222,6.32,4.55,-1.77
3759,1023,easy,0.9447,0.9590,-0.0144,0.8952,0.9213,0.9661,0.9718,3.00,1.68,-1.32
3760,2101,easy,0.7606,0.7750,-0.0144,0.6136,0.6327,0.9917,0.9938,6.34,6.34,0.00
3761,4317,easy,0.5350,0.5495,-0.0145,0.3652,0.3788,0.6826,0.6894,8.06,8.06,0.00
3762,3599,easy,0.8035,0.8180,-0.0145,0.6715,0.6920,0.9960,0.9759,4.24,4.47,0.23
3763,1690,easy,0.8326,0.8472,-0.0145,0.7132,0.7348,0.9898,0.9898,2.00,2.00,0.00
3764,865,easy,0.9305,0.9451,-0.0146,0.8699,0.8958,0.9913,0.9847,2.24,2.24,0.00
3765,203,easy,0.9124,0.9271,-0.0146,0.8390,0.8640,0.9900,0.9876,1.00,1.00,0.00
3766,1291,easy,0.8359,0.8506,-0.0146,0.7181,0.7400,0.8690,0.8728,6.71,6.00,-0.71
3767,3674,easy,0.6856,0.7002,-0.0146,0.5216,0.5387,0.8112,0.8046,11.01,9.90,-1.11
3768,4054,easy,0.1793,0.1939,-0.0146,0.0985,0.1074,0.6665,0.7049,36.77,36.77,0.00
3769,3770,easy,0.5744,0.5891,-0.0147,0.4029,0.4175,0.9472,0.9132,9.90,14.26,4.36
3770,409,easy,0.8436,0.8584,-0.0148,0.7296,0.7520,0.8688,0.8831,9.96,8.22,-1.74
3771,362,easy,0.8924,0.9072,-0.0148,0.8057,0.8301,0.9668,0.9568,3.00,3.15,0.15
3772,386,easy,0.8841,0.8989,-0.0149,0.7922,0.8164,0.9121,0.9206,2.00,2.00,0.00
3773,4310,easy,0.5135,0.5284,-0.0149,0.3455,0.3591,0.6727,0.6795,8.94,8.91,-0.03
3774,3648,easy,0.5094,0.5244,-0.0149,0.3418,0.3553,0.7320,0.6804,24.48,29.51,5.03
3775,3339,easy,0.7330,0.7479,-0.0149,0.5785,0.5974,0.8987,0.8267,12.65,4.00,-8.65
3776,199,easy,0.8284,0.8434,-0.0150,0.7071,0.7292,0.9928,0.9928,4.51,3.84,-0.68
3777,408,easy,0.8283,0.8433,-0.0150,0.7069,0.7290,0.8565,0.8771,4.58,4.28,-0.30
3778,1524,easy,0.8662,0.8812,-0.0150,0.7639,0.7876,0.9758,0.9759,2.21,1.97,-0.24
3779,50,easy,0.9273,0.9423,-0.0150,0.8644,0.8909,0.9904,0.9711,1.00,1.00,0.00
3780,3205,easy,0.6111,0.6262,-0.0150,0.4400,0.4558,0.7212,0.7279,11.39,11.70,0.31
3781,3473,easy,0.8830,0.8981,-0.0151,0.7905,0.8150,0.9150,0.9224,10.74,11.66,0.92
3782,3850,easy,0.8453,0.8604,-0.0151,0.7321,0.7550,0.9903,0.9839,2.24,2.14,-0.09
3783,698,easy,0.8195,0.8347,-0.0151,0.6943,0.7162,0.9738,0.9650,8.43,7.13,-1.30
3784,367,easy,0.8989,0.9140,-0.0151,0.8164,0.8417,0.9871,0.9621,3.61,3.84,0.24
3785,3055,easy,0.6021,0.6173,-0.0151,0.4307,0.4464,0.9587,0.9523,7.07,6.08,-0.99
3786,3562,easy,0.9258,0.9410,-0.0151,0.8619,0.8885,0.9676,0.9654,2.24,2.00,-0.24
3787,1697,easy,0.7810,0.7961,-0.0152,0.6406,0.6613,0.9881,0.9881,1.41,1.00,-0.41
3788,66,easy,0.8803,0.8954,-0.0152,0.7861,0.8107,0.9503,0.9536,1.41,1.88,0.47
3789,3309,easy,0.7195,0.7347,-0.0152,0.5619,0.5806,0.7947,0.8157,6.39,5.80,-0.58
3790,1431,easy,0.7884,0.8037,-0.0152,0.6508,0.6718,0.9358,0.9460,3.61,2.95,-0.66
3791,4293,easy,0.5532,0.5684,-0.0152,0.3824,0.3971,0.6912,0.6985,8.00,8.00,0.00
3792,571,easy,0.7425,0.7578,-0.0152,0.5905,0.6100,0.9492,0.9420,2.24,2.21,-0.02
3793,206,easy,0.9028,0.9180,-0.0153,0.8228,0.8485,0.9802,0.9827,1.41,1.41,0.00
3794,941,easy,0.8525,0.8679,-0.0155,0.7429,0.7667,0.9941,0.9918,5.14,4.32,-0.82
3795,3718,easy,0.5817,0.5972,-0.0155,0.4102,0.4258,0.9996,0.9963,6.32,6.08,-0.24
3796,956,easy,0.8595,0.8750,-0.0155,0.7536,0.7778,0.9450,0.9503,4.12,3.70,-0.42
3797,197,easy,0.8783,0.8939,-0.0155,0.7830,0.8081,0.9825,0.9651,1.41,2.00,0.59
3798,4088,easy,0.8807,0.8963,-0.0156,0.7869,0.8121,0.9034,0.9527,5.39,6.00,0.61
3799,3665,easy,0.7248,0.7405,-0.0157,0.5684,0.5880,0.9380,0.8186,19.92,6.71,-13.22
3800,4472,easy,0.6335,0.6492,-0.0157,0.4636,0.4806,0.7459,0.7536,27.44,28.17,0.73
3801,4036,easy,0.6125,0.6282,-0.0157,0.4414,0.4579,0.9803,0.9803,2.24,2.00,-0.24
3802,745,easy,0.8701,0.8859,-0.0158,0.7701,0.7952,0.9295,0.9231,2.00,2.00,0.00
3803,1067,easy,0.9004,0.9163,-0.0159,0.8189,0.8455,0.9684,0.9684,1.27,1.00,-0.27
3804,969,easy,0.9246,0.9404,-0.0159,0.8597,0.8876,0.9904,0.9715,2.14,2.00,-0.14
3805,942,easy,0.8824,0.8983,-0.0159,0.7895,0.8153,0.9917,0.9845,3.16,2.83,-0.33
3806,1344,easy,0.8387,0.8547,-0.0160,0.7222,0.7463,0.8838,0.8937,15.26,15.62,0.36
3807,4313,easy,0.4946,0.5106,-0.0160,0.3286,0.3429,0.6643,0.6714,9.97,9.57,-0.40
3808,3668,easy,0.6807,0.6968,-0.0161,0.5160,0.5347,0.8753,0.7959,19.01,8.49,-10.53
3809,1466,easy,0.8555,0.8717,-0.0161,0.7475,0.7725,0.9857,0.9831,3.00,2.24,-0.76
3810,3635,easy,0.5948,0.6109,-0.0161,0.4233,0.4398,0.8026,0.7208,23.82,15.50,-8.31
3811,3688,easy,0.8410,0.8571,-0.0162,0.7256,0.7500,0.9040,0.9134,7.81,10.68,2.87
3812,3421,easy,0.8421,0.8583,-0.0162,0.7273,0.7518,0.8852,0.8926,2.66,2.00,-0.66
3813,4167,easy,0.6494,0.6656,-0.0162,0.4809,0.4988,0.8020,0.7833,9.21,9.90,0.69
3814,3536,easy,0.8960,0.9122,-0.0162,0.8116,0.8386,0.9963,0.9916,5.06,4.30,-0.76
3815,1572,easy,0.8675,0.8837,-0.0163,0.7660,0.7917,0.9286,0.9524,1.00,1.00,0.00
3816,204,easy,0.8908,0.9071,-0.0163,0.8031,0.8300,0.9928,0.9857,1.00,1.00,0.00
3817,3290,easy,0.7945,0.8108,-0.0163,0.6591,0.6818,0.8295,0.8409,5.00,4.47,-0.53
3818,589,easy,0.8881,0.9044,-0.0163,0.7987,0.8255,0.9767,0.9767,1.41,1.08,-0.33
3819,967,easy,0.9275,0.9439,-0.0163,0.8649,0.8937,0.9947,0.9744,2.00,1.41,-0.59
3820,2612,easy,0.6390,0.6554,-0.0164,0.4695,0.4875,0.7348,0.7437,34.45,34.45,0.00
3821,1315,easy,0.7791,0.7956,-0.0165,0.6381,0.6606,0.8895,0.9186,2.13,2.00,-0.13
3822,4099,easy,0.8324,0.8489,-0.0165,0.7129,0.7375,0.8741,0.9578,5.88,4.47,-1.41
3823,986,easy,0.8896,0.9061,-0.0166,0.8011,0.8284,0.9721,0.9610,3.00,3.27,0.27
3824,3547,easy,0.9053,0.9219,-0.0166,0.8270,0.8552,0.9970,0.9767,5.21,4.00,-1.21
3825,148,easy,0.7742,0.7910,-0.0168,0.6316,0.6542,0.8636,0.8535,7.29,7.45,0.16
3826,1469,easy,0.7460,0.7628,-0.0168,0.5949,0.6166,0.9616,0.9682,2.24,2.00,-0.24
3827,1432,easy,0.8104,0.8273,-0.0169,0.6812,0.7054,0.8499,0.8664,5.83,5.00,-0.83
3828,3476,easy,0.8939,0.9108,-0.0169,0.8082,0.8363,0.9480,0.9426,7.06,8.00,0.94
3829,1037,easy,0.9226,0.9395,-0.0169,0.8563,0.8860,0.9460,0.9535,4.62,4.19,-0.43
3830,562,easy,0.8928,0.9097,-0.0169,0.8063,0.8344,0.9810,0.9867,1.41,1.41,0.00
3831,3819,easy,0.8535,0.8705,-0.0170,0.7444,0.7707,0.9510,0.9380,6.32,7.81,1.49
3832,2146,easy,0.7560,0.7732,-0.0172,0.6078,0.6303,0.8050,0.8174,7.00,6.71,-0.29
3833,4065,easy,0.5783,0.5955,-0.0172,0.4067,0.4239,0.8184,0.7306,21.24,11.64,-9.60
3834,1058,easy,0.8125,0.8298,-0.0173,0.6842,0.7091,0.9535,0.9535,1.00,1.00,0.00
3835,2305,easy,0.8123,0.8296,-0.0173,0.6839,0.7089,0.8511,0.8639,11.62,10.81,-0.82
3836,425,easy,0.8307,0.8480,-0.0173,0.7104,0.7361,0.8716,0.8948,5.94,5.10,-0.84
3837,3540,easy,0.8957,0.9130,-0.0174,0.8111,0.8400,0.9963,0.9922,4.37,4.00,-0.37
3838,3472,easy,0.9031,0.9205,-0.0174,0.8232,0.8526,0.9764,0.9665,3.43,2.83,-0.60
3839,569,easy,0.8038,0.8213,-0.0174,0.6720,0.6967,0.9200,0.9250,1.62,1.41,-0.21
3840,459,easy,0.7290,0.7466,-0.0175,0.5736,0.5956,0.8766,0.8633,4.95,5.00,0.05
3841,2895,easy,0.7192,0.7368,-0.0175,0.5615,0.5832,0.7834,0.7923,9.00,7.83,-1.17
3842,4041,easy,0.3778,0.3953,-0.0176,0.2329,0.2464,0.9999,0.9999,3.16,3.16,0.00
3843,4419,easy,0.7291,0.7469,-0.0178,0.5737,0.5960,0.9410,0.9136,7.60,5.91,-1.69
3844,372,easy,0.7099,0.7276,-0.0178,0.5502,0.5719,0.9233,0.9084,8.34,8.17,-0.16
3845,958,easy,0.8729,0.8908,-0.0178,0.7745,0.8031,0.9663,0.9637,3.61,2.83,-0.78
3846,257,easy,0.7548,0.7726,-0.0179,0.6061,0.6295,0.9889,0.9902,4.47,4.26,-0.21
3847,2390,easy,0.8922,0.9101,-0.0179,0.8054,0.8350,0.9124,0.9261,4.00,4.00,0.00
3848,1306,easy,0.7495,0.7674,-0.0179,0.5993,0.6226,0.9340,0.8901,4.32,4.02,-0.30
3849,2147,easy,0.8194,0.8373,-0.0179,0.6940,0.7201,0.8470,0.8601,4.04,4.04,0.00
3850,2284,easy,0.1727,0.1907,-0.0180,0.0945,0.1054,0.7801,0.7298,28.29,36.16,7.86
3851,355,easy,0.9376,0.9556,-0.0181,0.8824,0.9150,0.9953,0.9832,2.13,1.41,-0.72
3852,1982,easy,0.5941,0.6122,-0.0182,0.4225,0.4412,0.7344,0.7344,17.77,17.77,0.00
3853,4316,easy,0.5276,0.5459,-0.0183,0.3584,0.3754,0.6792,0.6877,8.11,8.06,-0.05
3854,733,easy,0.8528,0.8711,-0.0183,0.7434,0.7717,0.9645,0.9622,2.24,2.00,-0.24
3855,4130,easy,0.4384,0.4567,-0.0183,0.2807,0.2959,0.9443,0.9027,5.67,6.54,0.87
3856,611,easy,0.8015,0.8199,-0.0184,0.6687,0.6948,0.9999,0.9999,2.12,2.00,-0.12
3857,790,easy,0.9265,0.9449,-0.0184,0.8631,0.8956,0.9446,0.9647,2.00,1.41,-0.59
3858,3054,easy,0.7320,0.7504,-0.0184,0.5772,0.6005,0.8840,0.8737,11.86,12.08,0.22
3859,3786,easy,0.7911,0.8096,-0.0185,0.6543,0.6800,0.9704,0.9688,8.28,8.58,0.30
3860,174,easy,0.7534,0.7719,-0.0185,0.6044,0.6286,0.8416,0.8416,2.65,2.71,0.06
3861,1299,easy,0.8106,0.8292,-0.0186,0.6815,0.7082,0.8615,0.8648,9.06,9.06,0.00
3862,4418,easy,0.7346,0.7532,-0.0186,0.5805,0.6041,0.9472,0.9091,5.88,7.28,1.40
3863,544,easy,0.8498,0.8684,-0.0186,0.7388,0.7674,0.9037,0.9156,14.07,10.19,-3.88
3864,3478,easy,0.8868,0.9054,-0.0186,0.7966,0.8271,0.9831,0.9695,5.00,5.00,0.00
3865,3945,easy,0.6786,0.6972,-0.0187,0.5135,0.5352,0.9522,0.9522,2.24,2.24,0.00
3866,1141,easy,0.7110,0.7296,-0.0187,0.5515,0.5744,0.7801,0.7932,5.07,5.00,-0.07
3867,1201,easy,0.8966,0.9153,-0.0187,0.8125,0.8438,0.9333,0.9500,1.00,1.00,0.00
3868,1748,easy,0.7500,0.7688,-0.0188,0.6000,0.6244,0.8170,0.8299,5.00,5.11,0.11
3869,2025,easy,0.3333,0.3521,-0.0188,0.2000,0.2137,0.9798,0.9998,6.76,6.45,-0.31
3870,3692,easy,0.7879,0.8067,-0.0188,0.6500,0.6760,0.8576,0.8515,10.20,9.22,-0.98
3871,4315,easy,0.5379,0.5567,-0.0188,0.3679,0.3857,0.6839,0.6929,9.13,8.99,-0.13
3872,3884,easy,0.9018,0.9206,-0.0189,0.8211,0.8529,0.9828,0.9851,3.16,2.32,-0.84
3873,1355,easy,0.8627,0.8817,-0.0189,0.7586,0.7884,0.8846,0.9038,6.00,2.24,-3.76
3874,4285,easy,0.8730,0.8920,-0.0190,0.7746,0.8050,0.9744,0.9757,15.33,16.15,0.81
3875,607,easy,0.8537,0.8727,-0.0190,0.7448,0.7742,0.9964,0.9999,2.24,2.00,-0.24
3876,1633,easy,0.8592,0.8782,-0.0190,0.7532,0.7829,0.9722,0.9722,1.41,1.41,0.00
3877,121,easy,0.7651,0.7841,-0.0190,0.6195,0.6449,0.9149,0.9509,2.24,2.00,-0.24
3878,1634,easy,0.8271,0.8462,-0.0190,0.7052,0.7333,0.9840,0.9801,2.24,2.00,-0.24
3879,1581,easy,0.8649,0.8839,-0.0191,0.7619,0.7920,0.9660,0.9805,1.00,1.00,0.00
3880,4306,easy,0.4603,0.4793,-0.0191,0.2989,0.3152,0.6519,0.6602,10.98,9.98,-0.99
3881,3666,easy,0.6303,0.6494,-0.0191,0.4601,0.4808,0.8166,0.7411,21.01,14.42,-6.59
3882,1658,easy,0.9070,0.9262,-0.0191,0.8299,0.8625,0.9770,0.9816,2.00,1.41,-0.59
3883,2370,easy,0.8600,0.8792,-0.0191,0.7545,0.7844,0.8936,0.9060,3.00,2.24,-0.76
3884,4473,easy,0.5939,0.6130,-0.0192,0.4223,0.4420,0.7243,0.7329,27.80,28.85,1.06
3885,3544,easy,0.9174,0.9365,-0.0192,0.8473,0.8807,0.9923,0.9844,3.49,3.00,-0.49
3886,3787,easy,0.7867,0.8060,-0.0193,0.6484,0.6750,0.9686,0.9670,8.70,8.86,0.16
3887,3173,easy,0.6640,0.6834,-0.0194,0.4970,0.5191,0.7693,0.7854,7.00,7.16,0.16
3888,770,easy,0.8592,0.8787,-0.0195,0.7532,0.7837,0.9465,0.9253,6.23,5.10,-1.13
3889,4124,easy,0.2069,0.2264,-0.0195,0.1154,0.1277,0.8156,0.8156,7.52,6.71,-0.81
3890,3306,easy,0.6971,0.7167,-0.0195,0.5351,0.5584,0.7711,0.7867,5.93,5.64,-0.29
3891,1289,easy,0.3467,0.3662,-0.0195,0.2097,0.2241,0.6412,0.6413,19.32,20.06,0.74
3892,3784,easy,0.8082,0.8278,-0.0196,0.6782,0.7062,0.9836,0.9787,8.90,8.54,-0.35
3893,1199,easy,0.8025,0.8221,-0.0196,0.6701,0.6979,0.9577,0.9718,1.41,1.27,-0.14
3894,2357,easy,0.8583,0.8780,-0.0197,0.7517,0.7825,0.9056,0.9207,3.16,2.04,-1.13
3895,2893,easy,0.7086,0.7282,-0.0197,0.5487,0.5726,0.7769,0.7870,9.44,8.60,-0.84
3896,3305,easy,0.6733,0.6930,-0.0197,0.5075,0.5302,0.8040,0.8355,6.02,5.40,-0.63
3897,1813,easy,0.7047,0.7244,-0.0197,0.5440,0.5679,0.9788,0.8239,3.38,4.03,0.65
3898,2366,easy,0.8492,0.8690,-0.0198,0.7379,0.7683,0.8867,0.9134,3.61,2.83,-0.78
3899,3053,easy,0.7398,0.7596,-0.0198,0.5870,0.6124,0.9110,0.9015,11.65,11.76,0.11
3900,1960,easy,0.5235,0.5435,-0.0199,0.3546,0.3731,0.6807,0.6947,16.28,16.13,-0.15
3901,3947,easy,0.6707,0.6907,-0.0200,0.5046,0.5275,0.9363,0.9562,2.24,2.85,0.61
3902,992,easy,0.8107,0.8306,-0.0200,0.6816,0.7103,0.9309,0.8810,5.03,5.83,0.80
3903,3302,easy,0.6333,0.6532,-0.0200,0.4633,0.4850,0.7340,0.7458,5.99,5.97,-0.02
3904,1080,easy,0.6990,0.7190,-0.0200,0.5373,0.5613,0.8046,0.8357,10.01,7.75,-2.26
3905,3558,easy,0.9223,0.9425,-0.0202,0.8559,0.8913,0.9635,0.9668,2.24,2.00,-0.24
3906,4299,easy,0.5068,0.5270,-0.0202,0.3394,0.3578,0.6697,0.6789,8.60,8.25,-0.35
3907,4122,easy,0.2000,0.2202,-0.0202,0.1111,0.1237,0.8156,0.8156,8.29,7.76,-0.53
3908,2092,easy,0.8132,0.8334,-0.0202,0.6852,0.7144,0.9987,0.9988,5.00,4.32,-0.68
3909,4139,easy,0.8475,0.8678,-0.0203,0.7353,0.7664,0.8748,0.8906,10.50,9.61,-0.89
3910,1039,easy,0.8848,0.9052,-0.0204,0.7934,0.8269,0.9285,0.9355,5.73,5.00,-0.73
3911,3155,easy,0.6088,0.6292,-0.0204,0.4376,0.4590,0.8695,0.8234,5.39,6.60,1.22
3912,3542,easy,0.9116,0.9320,-0.0204,0.8376,0.8727,0.9943,0.9912,3.88,3.00,-0.88
3913,3888,easy,0.8929,0.9134,-0.0205,0.8066,0.8406,0.9757,0.9648,3.16,3.00,-0.16
3914,1089,easy,0.8237,0.8443,-0.0206,0.7003,0.7306,0.8687,0.8986,5.41,5.39,-0.02
3915,1672,easy,0.8387,0.8594,-0.0208,0.7222,0.7535,0.9884,0.9788,3.00,3.00,0.00
3916,834,easy,0.8803,0.9011,-0.0208,0.7862,0.8200,0.9227,0.9384,5.00,3.90,-1.10
3917,888,easy,0.9353,0.9561,-0.0208,0.8785,0.9160,0.9910,0.9857,3.00,3.16,0.16
3918,4134,easy,0.5044,0.5253,-0.0208,0.3373,0.3562,0.9595,0.9192,6.17,5.06,-1.10
3919,284,easy,0.6425,0.6634,-0.0209,0.4733,0.4963,0.9529,0.9508,5.91,5.69,-0.22
3920,3560,easy,0.9212,0.9422,-0.0210,0.8540,0.8908,0.9813,0.9837,2.24,2.00,-0.24
3921,1321,easy,0.8317,0.8526,-0.0210,0.7118,0.7431,0.8640,0.8753,6.71,6.00,-0.71
3922,748,easy,0.7863,0.8073,-0.0210,0.6479,0.6769,0.9509,0.9313,1.41,1.41,0.00
3923,1314,easy,0.7802,0.8012,-0.0210,0.6396,0.6684,0.8387,0.8494,7.21,6.78,-0.43
3924,3642,easy,0.4017,0.4229,-0.0211,0.2514,0.2681,0.6785,0.6553,28.60,30.26,1.66
3925,862,easy,0.8719,0.8931,-0.0212,0.7729,0.8068,0.9795,0.9826,3.61,3.00,-0.61
3926,314,easy,0.8794,0.9007,-0.0213,0.7848,0.8193,0.9267,0.9528,4.18,4.19,0.01
3927,920,easy,0.7920,0.8132,-0.0213,0.6556,0.6853,0.9915,0.9886,4.47,4.08,-0.39
3928,1559,easy,0.8732,0.8945,-0.0213,0.7750,0.8092,0.9843,0.9804,2.32,2.06,-0.27
3929,4097,easy,0.8418,0.8632,-0.0213,0.7269,0.7593,0.8859,0.9607,5.39,4.36,-1.03
3930,348,easy,0.8827,0.9041,-0.0214,0.7901,0.8250,0.9669,0.9349,5.00,7.00,2.00
3931,3052,easy,0.7481,0.7695,-0.0214,0.5975,0.6253,0.9269,0.9175,10.64,11.79,1.15
3932,2090,easy,0.8143,0.8357,-0.0214,0.6868,0.7178,0.9975,0.9982,5.08,4.58,-0.51
3933,2105,easy,0.7516,0.7730,-0.0214,0.6020,0.6300,0.9896,0.9904,6.74,6.50,-0.24
3934,3282,easy,0.7510,0.7725,-0.0214,0.6013,0.6293,0.8026,0.8322,5.51,4.52,-0.98
3935,369,easy,0.8788,0.9004,-0.0215,0.7839,0.8188,0.9828,0.9785,3.61,3.16,-0.44
3936,1065,easy,0.9127,0.9344,-0.0217,0.8394,0.8769,0.9713,0.9672,1.56,1.00,-0.56
3937,1574,easy,0.8093,0.8311,-0.0217,0.6797,0.7109,0.9438,0.9642,2.00,1.41,-0.59
3938,3886,easy,0.8935,0.9153,-0.0218,0.8075,0.8438,0.9772,0.9740,3.16,3.00,-0.16
3939,3204,easy,0.7500,0.7718,-0.0218,0.6000,0.6284,0.8136,0.8377,9.10,8.11,-1.00
3940,3872,easy,0.8998,0.9217,-0.0219,0.8179,0.8548,0.9383,0.9346,3.00,2.30,-0.70
3941,358,easy,0.8751,0.8971,-0.0220,0.7780,0.8134,0.9815,0.9568,4.00,3.61,-0.39
3942,857,easy,0.9331,0.9552,-0.0220,0.8746,0.9142,0.9900,0.9849,3.61,2.24,-1.37
3943,1954,easy,0.4113,0.4333,-0.0220,0.2589,0.2766,0.6456,0.6383,65.00,20.12,-44.88
3944,2008,easy,0.7746,0.7967,-0.0221,0.6321,0.6621,0.9983,0.9333,4.07,4.00,-0.07
3945,1057,easy,0.6610,0.6833,-0.0223,0.4937,0.5190,0.7968,0.8105,8.01,8.00,-0.01
3946,1903,easy,0.7052,0.7275,-0.0223,0.5446,0.5717,0.7766,0.7895,17.26,16.05,-1.22
3947,1651,easy,0.8576,0.8800,-0.0224,0.7507,0.7858,0.9963,0.9856,2.83,2.93,0.10
3948,3774,easy,0.6795,0.7020,-0.0225,0.5146,0.5409,0.9589,0.9206,11.36,11.20,-0.16
3949,2148,easy,0.7920,0.8147,-0.0226,0.6557,0.6873,0.8339,0.8526,6.04,5.03,-1.00
3950,3843,easy,0.7978,0.8204,-0.0226,0.6636,0.6955,0.9998,0.9998,2.24,2.24,0.00
3951,2607,easy,0.7551,0.7777,-0.0226,0.6066,0.6363,0.8037,0.8194,27.55,27.86,0.31
3952,1955,easy,0.4170,0.4397,-0.0227,0.2634,0.2818,0.6476,0.6409,59.18,19.26,-39.92
3953,3847,easy,0.7061,0.7288,-0.0227,0.5457,0.5733,0.9997,0.9997,79.41,78.85,-0.56
3954,962,easy,0.8870,0.9099,-0.0229,0.7970,0.8347,0.9707,0.9626,2.83,2.24,-0.59
3955,1066,easy,0.9053,0.9283,-0.0229,0.8271,0.8661,0.9824,0.9824,1.23,1.00,-0.23
3956,850,easy,0.8042,0.8272,-0.0230,0.6725,0.7053,0.8555,0.8801,9.09,8.49,-0.60
3957,340,easy,0.8745,0.8977,-0.0232,0.7770,0.8144,0.9870,0.9423,4.00,7.07,3.07
3958,2286,easy,0.4508,0.4740,-0.0232,0.2910,0.3106,0.6953,0.6888,25.41,34.55,9.14
3959,960,easy,0.8776,0.9008,-0.0232,0.7818,0.8194,0.9484,0.9462,2.85,2.44,-0.41
3960,604,easy,0.7091,0.7324,-0.0233,0.5493,0.5778,0.9999,0.9999,3.49,2.74,-0.76
3961,3840,easy,0.5705,0.5939,-0.0234,0.3991,0.4223,0.9998,0.9998,6.38,3.61,-2.78
3962,835,easy,0.6475,0.6710,-0.0235,0.4788,0.5049,0.7621,0.7702,14.32,13.15,-1.17
3963,944,easy,0.7977,0.8212,-0.0235,0.6634,0.6966,0.9687,0.9513,9.43,8.94,-0.49
3964,3841,easy,0.8460,0.8696,-0.0236,0.7331,0.7692,0.9998,0.9838,2.00,2.00,0.00
3965,2897,easy,0.7062,0.7297,-0.0236,0.5458,0.5745,0.7751,0.7876,8.06,8.17,0.11
3966,357,easy,0.9380,0.9617,-0.0237,0.8833,0.9262,0.9972,0.9864,2.24,1.41,-0.82
3967,342,easy,0.8696,0.8935,-0.0238,0.7693,0.8074,0.9783,0.9504,5.00,6.08,1.08
3968,3772,easy,0.5728,0.5968,-0.0240,0.4014,0.4253,0.9514,0.9154,9.98,13.52,3.54
3969,2098,easy,0.8195,0.8436,-0.0240,0.6943,0.7294,0.9994,0.9995,4.47,3.70,-0.77
3970,984,easy,0.8603,0.8844,-0.0242,0.7548,0.7928,0.9937,0.9923,4.33,3.13,-1.20
3971,4138,easy,0.4656,0.4900,-0.0243,0.3035,0.3245,0.9917,0.9917,5.07,4.55,-0.52
3972,1882,easy,0.1770,0.2015,-0.0245,0.0971,0.1120,0.5500,0.5586,42.05,41.94,-0.11
3973,3200,easy,0.7994,0.8241,-0.0247,0.6659,0.7009,0.8329,0.8504,7.05,7.00,-0.05
3974,1372,easy,0.7793,0.8041,-0.0248,0.6385,0.6724,0.9662,0.9382,4.47,3.99,-0.48
3975,1538,easy,0.8474,0.8722,-0.0248,0.7352,0.7733,0.9875,0.9792,2.24,2.00,-0.24
3976,3539,easy,0.8930,0.9178,-0.0248,0.8067,0.8481,0.9878,0.9807,3.16,2.83,-0.33
3977,2392,easy,0.8478,0.8727,-0.0249,0.7358,0.7741,0.8780,0.9003,4.00,4.00,0.00
3978,344,easy,0.8683,0.8932,-0.0249,0.7673,0.8071,0.9731,0.9499,5.00,6.29,1.29
3979,4372,easy,0.8329,0.8579,-0.0250,0.7137,0.7511,0.9362,0.9402,9.95,10.55,0.60
3980,1079,easy,0.7456,0.7707,-0.0251,0.5943,0.6269,0.8298,0.8781,7.81,5.17,-2.64
3981,2121,easy,0.8030,0.8281,-0.0252,0.6708,0.7067,0.9963,0.9982,5.34,4.55,-0.79
3982,3831,easy,0.5087,0.5339,-0.0252,0.3411,0.3641,0.9805,0.9806,10.01,9.14,-0.88
3983,926,easy,0.6577,0.6829,-0.0252,0.4900,0.5185,0.9938,0.9948,11.89,10.72,-1.17
3984,1259,easy,0.8753,0.9006,-0.0252,0.7783,0.8191,0.9053,0.9330,6.71,4.47,-2.24
3985,1797,easy,0.8242,0.8495,-0.0253,0.7009,0.7383,0.8505,0.8692,5.39,5.00,-0.39
3986,2000,easy,0.6601,0.6855,-0.0254,0.4926,0.5215,0.9768,0.9854,4.12,4.00,-0.12
3987,3882,easy,0.8968,0.9222,-0.0254,0.8129,0.8557,0.9753,0.9836,3.14,2.24,-0.90
3988,3585,easy,0.6935,0.7190,-0.0254,0.5308,0.5612,0.9898,0.9082,7.75,5.15,-2.60
3989,352,easy,0.8776,0.9030,-0.0254,0.7819,0.8232,0.9774,0.9677,5.00,3.16,-1.84
3990,3629,easy,0.9053,0.9308,-0.0255,0.8270,0.8705,0.9653,0.9768,2.00,1.41,-0.59
3991,1261,easy,0.8802,0.9057,-0.0255,0.7861,0.8276,0.9091,0.9405,7.55,7.07,-0.47
3992,3060,easy,0.4539,0.4794,-0.0255,0.2936,0.3153,0.8297,0.8297,20.41,24.60,4.18
3993,262,easy,0.7623,0.7880,-0.0257,0.6159,0.6502,0.9891,0.9685,7.07,5.69,-1.38
3994,3285,easy,0.2280,0.2537,-0.0258,0.1287,0.1453,0.6592,0.6231,10.32,11.18,0.86
3995,1558,easy,0.8762,0.9020,-0.0258,0.7797,0.8214,0.9554,0.9554,1.27,1.00,-0.27
3996,353,easy,0.9212,0.9470,-0.0258,0.8539,0.8993,0.9936,0.9862,2.83,2.00,-0.83
3997,1998,easy,0.6667,0.6925,-0.0258,0.5000,0.5296,0.9683,0.9854,4.07,3.84,-0.23
3998,4291,easy,0.7259,0.7518,-0.0258,0.5698,0.6023,0.7882,0.8118,25.86,25.40,-0.47
3999,346,easy,0.8897,0.9156,-0.0259,0.8012,0.8443,0.9741,0.9490,4.87,6.44,1.57
4000,3475,easy,0.8681,0.8940,-0.0259,0.7670,0.8084,0.9031,0.9180,12.04,12.00,-0.04
4001,350,easy,0.8880,0.9140,-0.0259,0.7986,0.8416,0.9788,0.9572,5.03,4.47,-0.56
4002,1320,easy,0.8069,0.8329,-0.0260,0.6763,0.7136,0.8431,0.8664,7.78,6.40,-1.38
4003,3534,easy,0.9042,0.9302,-0.0260,0.8251,0.8695,0.9970,0.9929,4.24,3.16,-1.08
4004,3508,easy,0.8392,0.8652,-0.0261,0.7229,0.7625,0.9411,0.9485,1.41,1.21,-0.21
4005,356,easy,0.8752,0.9013,-0.0261,0.7780,0.8203,0.9825,0.9658,3.16,2.24,-0.93
4006,4481,easy,0.3537,0.3798,-0.0261,0.2148,0.2344,0.6177,0.6244,31.50,30.56,-0.94
4007,1632,easy,0.7021,0.7283,-0.0262,0.5410,0.5727,0.9582,0.9374,1.85,1.41,-0.44
4008,3532,easy,0.9069,0.9331,-0.0262,0.8296,0.8745,0.9947,0.9872,4.12,2.24,-1.89
4009,1253,easy,0.8705,0.8968,-0.0263,0.7707,0.8129,0.9049,0.9261,5.83,4.12,-1.71
4010,2115,easy,0.7843,0.8107,-0.0264,0.6452,0.6817,0.9930,0.9950,5.84,5.02,-0.82
4011,349,easy,0.8983,0.9247,-0.0265,0.8153,0.8600,0.9964,0.9905,3.16,2.24,-0.93
4012,1621,easy,0.4887,0.5152,-0.0265,0.3234,0.3469,0.9089,0.8862,4.09,4.00,-0.09
4013,316,easy,0.8617,0.8882,-0.0265,0.7570,0.7989,0.9131,0.9583,5.03,4.14,-0.90
4014,3556,easy,0.9344,0.9609,-0.0265,0.8768,0.9247,0.9791,0.9843,2.24,1.41,-0.82
4015,1644,easy,0.6447,0.6713,-0.0266,0.4757,0.5053,0.9999,0.9897,3.02,2.06,-0.96
4016,832,easy,0.8734,0.9001,-0.0266,0.7753,0.8183,0.9132,0.9315,5.78,4.58,-1.21
4017,376,easy,0.8611,0.8878,-0.0266,0.7561,0.7982,0.8924,0.9130,2.24,2.77,0.53
4018,3863,easy,0.7534,0.7801,-0.0267,0.6044,0.6395,0.8182,0.8349,17.07,14.98,-2.09
4019,1301,easy,0.8416,0.8684,-0.0268,0.7266,0.7674,0.8943,0.9024,6.81,6.18,-0.63
4020,696,easy,0.7730,0.7998,-0.0268,0.6300,0.6664,0.9577,0.9521,8.25,5.86,-2.39
4021,3268,easy,0.6895,0.7163,-0.0268,0.5261,0.5580,0.7640,0.7858,10.44,10.00,-0.44
4022,4141,easy,0.8350,0.8619,-0.0269,0.7167,0.7573,0.8703,0.8906,10.41,9.44,-0.97
4023,3265,easy,0.7282,0.7551,-0.0269,0.5725,0.6065,0.7863,0.8065,9.08,8.94,-0.14
4024,1421,easy,0.2432,0.2703,-0.0270,0.1385,0.1562,0.9818,0.8570,12.79,12.79,0.00
4025,351,easy,0.9094,0.9365,-0.0271,0.8339,0.8806,0.9946,0.9882,3.00,2.00,-1.00
4026,971,easy,0.9070,0.9342,-0.0272,0.8299,0.8765,0.9923,0.9648,2.14,2.24,0.09
4027,3311,easy,0.7308,0.7581,-0.0273,0.5758,0.6104,0.8000,0.8298,6.07,5.29,-0.79
4028,2873,easy,0.3069,0.3342,-0.0273,0.1813,0.2006,0.8481,0.6414,9.48,18.39,8.91
4029,3660,easy,0.6437,0.6710,-0.0273,0.4746,0.5049,0.8265,0.7546,23.16,20.72,-2.44
4030,922,easy,0.7826,0.8099,-0.0273,0.6429,0.6806,0.9673,0.9587,7.65,6.40,-1.25
4031,1263,easy,0.8538,0.8813,-0.0274,0.7449,0.7877,0.8870,0.9187,8.08,5.00,-3.08
4032,393,easy,0.9033,0.9308,-0.0275,0.8237,0.8705,0.9271,0.9514,2.24,1.53,-0.70
4033,3874,easy,0.9026,0.9301,-0.0275,0.8225,0.8694,0.9522,0.9435,3.00,2.24,-0.76
4034,3524,easy,0.8613,0.8889,-0.0276,0.7564,0.8000,0.9338,0.9412,1.23,1.00,-0.23
4035,3552,easy,0.9127,0.9403,-0.0276,0.8394,0.8873,0.9859,0.9764,3.16,2.24,-0.93
4036,3879,easy,0.7690,0.7967,-0.0276,0.6247,0.6620,0.8556,0.8692,18.41,17.37,-1.03
4037,548,easy,0.7483,0.7760,-0.0277,0.5978,0.6339,0.8306,0.8658,16.16,12.01,-4.16
4038,1750,easy,0.7415,0.7692,-0.0277,0.5892,0.6250,0.8096,0.8267,5.00,5.00,0.00
4039,2010,easy,0.8709,0.8986,-0.0278,0.7713,0.8159,0.9941,0.9623,2.24,2.24,0.00
4040,3479,easy,0.8822,0.9099,-0.0278,0.7892,0.8347,0.9154,0.9409,10.77,9.10,-1.67
4041,1175,easy,0.8267,0.8545,-0.0278,0.7045,0.7460,0.8761,0.9109,5.94,5.85,-0.09
4042,114,easy,0.7984,0.8263,-0.0279,0.6644,0.7039,0.8880,0.9279,2.00,2.00,0.00
4043,997,easy,0.7561,0.7840,-0.0279,0.6078,0.6447,0.8845,0.8458,165.68,6.36,-159.33
4044,3294,easy,0.7530,0.7811,-0.0280,0.6039,0.6408,0.8019,0.8214,5.00,4.66,-0.34
4045,1375,easy,0.9207,0.9488,-0.0281,0.8531,0.9027,0.9771,0.9657,1.41,1.00,-0.41
4046,557,easy,0.8823,0.9104,-0.0282,0.7893,0.8356,0.9798,0.9783,2.24,2.00,-0.24
4047,858,easy,0.8470,0.8752,-0.0282,0.7346,0.7781,0.9409,0.9291,3.00,2.24,-0.76
4048,2094,easy,0.8299,0.8580,-0.0282,0.7092,0.7514,0.9964,0.9965,4.60,3.61,-1.00
4049,354,easy,0.8891,0.9174,-0.0282,0.8004,0.8474,0.9827,0.9745,4.08,2.24,-1.84
4050,513,easy,0.7495,0.7778,-0.0283,0.5994,0.6364,0.9204,0.9055,12.21,4.94,-7.26
4051,988,easy,0.8846,0.9130,-0.0284,0.7931,0.8399,0.9850,0.9603,3.00,2.83,-0.17
4052,860,easy,0.7795,0.8079,-0.0284,0.6387,0.6778,0.9820,0.9806,4.12,3.16,-0.96
4053,1533,easy,0.6820,0.7104,-0.0284,0.5174,0.5509,0.8707,0.8832,3.08,2.91,-0.17
4054,4140,easy,0.7295,0.7580,-0.0285,0.5742,0.6103,0.9315,0.9280,3.06,3.90,0.84
4055,193,easy,0.7215,0.7500,-0.0285,0.5644,0.6000,0.9253,0.9253,8.94,2.19,-6.76
4056,1035,easy,0.9167,0.9452,-0.0285,0.8462,0.8961,0.9401,0.9612,5.66,4.24,-1.41
4057,1031,easy,0.9138,0.9423,-0.0285,0.8412,0.8909,0.9436,0.9637,6.34,2.83,-3.51
4058,1583,easy,0.6067,0.6353,-0.0286,0.4355,0.4655,0.9655,0.9655,2.77,2.80,0.03
4059,2119,easy,0.7963,0.8249,-0.0286,0.6615,0.7020,0.9951,0.9964,5.83,5.00,-0.83
4060,1453,easy,0.5483,0.5771,-0.0288,0.3777,0.4055,0.8153,0.8574,5.00,4.12,-0.88
4061,2870,easy,0.6532,0.6821,-0.0289,0.4850,0.5176,0.9029,0.7787,8.94,14.32,5.37
4062,1470,easy,0.7255,0.7545,-0.0290,0.5692,0.6057,0.9285,0.9550,2.83,2.24,-0.59
4063,3006,easy,0.3768,0.4058,-0.0290,0.2321,0.2545,0.8041,0.7185,14.10,10.98,-3.12
4064,3773,easy,0.5707,0.5998,-0.0291,0.3993,0.4284,0.9562,0.9196,10.00,12.44,2.44
4065,4475,easy,0.5224,0.5516,-0.0292,0.3535,0.3808,0.6901,0.7020,24.64,23.38,-1.25
4066,249,easy,0.7545,0.7837,-0.0292,0.6058,0.6444,0.9851,0.9697,7.96,6.40,-1.56
4067,1033,easy,0.9143,0.9436,-0.0293,0.8422,0.8932,0.9449,0.9597,5.00,4.02,-0.98
4068,3875,easy,0.8570,0.8864,-0.0293,0.7498,0.7959,0.9033,0.9270,10.19,8.56,-1.63
4069,2096,easy,0.8400,0.8694,-0.0294,0.7241,0.7689,0.9952,0.9954,4.35,3.61,-0.74
4070,2100,easy,0.8362,0.8656,-0.0294,0.7185,0.7630,0.9994,0.9995,4.12,3.32,-0.81
4071,4087,easy,0.8704,0.9000,-0.0296,0.7706,0.8182,0.8922,0.9244,5.83,5.00,-0.83
4072,4476,easy,0.4975,0.5272,-0.0297,0.3311,0.3580,0.6779,0.6899,25.12,24.17,-0.95
4073,3411,easy,0.7862,0.8159,-0.0297,0.6477,0.6890,0.9749,0.9707,2.00,2.00,0.00
4074,3878,easy,0.8979,0.9276,-0.0297,0.8147,0.8649,0.9519,0.9473,4.00,3.07,-0.93
4075,112,easy,0.8100,0.8397,-0.0297,0.6806,0.7237,0.8880,0.9104,5.29,5.07,-0.22
4076,359,easy,0.9246,0.9544,-0.0298,0.8597,0.9127,0.9980,0.9889,3.00,1.41,-1.59
4077,3646,easy,0.4696,0.4994,-0.0298,0.3069,0.3328,0.7042,0.6803,24.58,30.71,6.13
4078,198,easy,0.8533,0.8832,-0.0298,0.7442,0.7908,0.9847,0.9772,2.24,2.00,-0.24
4079,3551,easy,0.9272,0.9571,-0.0299,0.8643,0.9177,0.9896,0.9796,3.16,2.00,-1.16
4080,3318,easy,0.5935,0.6235,-0.0300,0.4220,0.4529,0.7644,0.7789,9.22,9.16,-0.06
4081,3967,easy,0.6021,0.6321,-0.0300,0.4307,0.4621,0.9947,0.9851,9.91,10.66,0.75
4082,3549,easy,0.9246,0.9546,-0.0300,0.8598,0.9132,0.9805,0.9684,3.02,2.00,-1.02
4083,2613,easy,0.6118,0.6419,-0.0301,0.4408,0.4727,0.7222,0.7380,15.73,13.13,-2.60
4084,647,easy,0.8274,0.8577,-0.0303,0.7056,0.7509,0.8771,0.9725,6.66,3.92,-2.74
4085,4218,easy,0.6931,0.7234,-0.0303,0.5303,0.5667,0.8182,0.8091,9.07,9.08,0.01
4086,3368,easy,0.6386,0.6690,-0.0304,0.4691,0.5027,0.8271,0.8455,7.81,7.21,-0.60
4087,2104,easy,0.8052,0.8357,-0.0305,0.6739,0.7177,0.9979,0.9980,4.47,4.00,-0.47
4088,1307,easy,0.7948,0.8254,-0.0306,0.6595,0.7027,0.8446,0.8672,7.00,7.00,0.00
4089,2872,easy,0.3027,0.3333,-0.0307,0.1783,0.2000,0.8367,0.6641,9.00,16.62,7.62
4090,3965,easy,0.5815,0.6122,-0.0307,0.4099,0.4411,0.9994,0.9971,10.16,10.80,0.64
4091,3292,easy,0.7778,0.8085,-0.0307,0.6364,0.6786,0.8182,0.8393,5.00,4.47,-0.53
4092,265,easy,0.6955,0.7262,-0.0308,0.5331,0.5701,0.8991,0.9212,7.02,5.93,-1.09
4093,1288,easy,0.5299,0.5607,-0.0308,0.3605,0.3895,0.7152,0.7326,17.00,15.01,-1.99
4094,3481,easy,0.8538,0.8846,-0.0308,0.7450,0.7931,0.8880,0.9150,12.81,12.08,-0.73
4095,2086,easy,0.7938,0.8247,-0.0309,0.6581,0.7017,0.9956,0.9970,5.66,5.00,-0.66
4096,3775,easy,0.6773,0.7083,-0.0310,0.5120,0.5483,0.9615,0.9314,10.77,10.95,0.18
4097,4098,easy,0.8292,0.8603,-0.0311,0.7083,0.7548,0.8712,0.9618,6.00,4.58,-1.42
4098,3298,easy,0.6681,0.6994,-0.0312,0.5017,0.5377,0.7559,0.7761,5.34,5.00,-0.34
4099,3059,easy,0.3963,0.4276,-0.0313,0.2471,0.2720,0.8347,0.8348,14.42,20.68,6.25
4100,3340,easy,0.7456,0.7769,-0.0313,0.5944,0.6352,0.9204,0.8519,10.77,3.07,-7.70
4101,2102,easy,0.8434,0.8747,-0.0313,0.7292,0.7773,0.9988,0.9983,4.12,3.16,-0.96
4102,3541,easy,0.8788,0.9101,-0.0313,0.7837,0.8350,0.9972,0.9906,4.00,3.54,-0.46
4103,2117,easy,0.7779,0.8094,-0.0315,0.6366,0.6799,0.9954,0.9974,5.15,4.41,-0.73
4104,4034,easy,0.6443,0.6761,-0.0318,0.4752,0.5106,0.9705,0.9705,2.24,2.01,-0.22
4105,3300,easy,0.6364,0.6681,-0.0318,0.4667,0.5017,0.7357,0.7559,5.39,5.00,-0.39
4106,3528,easy,0.9268,0.9586,-0.0318,0.8636,0.9204,0.9947,0.9901,3.16,2.00,-1.16
4107,3526,easy,0.9290,0.9608,-0.0318,0.8674,0.9245,0.9924,0.9876,3.16,2.00,-1.16
4108,943,easy,0.8560,0.8879,-0.0318,0.7483,0.7984,0.9944,0.9928,3.96,2.83,-1.13
4109,2088,easy,0.7922,0.8240,-0.0319,0.6558,0.7007,0.9974,0.9987,5.66,5.00,-0.66
4110,1983,easy,0.5660,0.5979,-0.0319,0.3947,0.4265,0.7344,0.7266,17.71,17.77,0.06
4111,51,easy,0.8821,0.9140,-0.0319,0.7890,0.8416,0.9886,0.9829,1.00,1.00,0.00
4112,312,easy,0.8666,0.8985,-0.0319,0.7646,0.8157,0.9089,0.9420,5.31,4.89,-0.41
4113,3288,easy,0.7391,0.7711,-0.0320,0.5862,0.6275,0.7931,0.8147,7.35,6.43,-0.92
4114,4417,easy,0.6875,0.7195,-0.0320,0.5238,0.5619,0.9508,0.9100,3.47,5.24,1.77
4115,3961,easy,0.6215,0.6535,-0.0321,0.4508,0.4854,0.9994,0.9935,9.18,9.43,0.26
4116,2113,easy,0.8044,0.8366,-0.0321,0.6728,0.7191,0.9931,0.9908,6.13,5.89,-0.24
4117,259,easy,0.7770,0.8095,-0.0325,0.6353,0.6799,0.9882,0.9827,4.50,4.00,-0.50
4118,1251,easy,0.8268,0.8593,-0.0325,0.7047,0.7533,0.8771,0.9101,7.11,5.72,-1.39
4119,2899,easy,0.6672,0.6997,-0.0325,0.5006,0.5381,0.7509,0.7697,8.00,8.06,0.06
4120,3561,easy,0.9132,0.9457,-0.0325,0.8403,0.8971,0.9965,0.9933,4.24,2.00,-2.24
4121,2140,easy,0.6242,0.6569,-0.0327,0.4537,0.4891,0.7447,0.7947,6.32,5.00,-1.32
4122,2107,easy,0.7296,0.7624,-0.0328,0.5743,0.6160,0.9990,0.9941,7.37,7.16,-0.21
4123,3346,easy,0.5841,0.6170,-0.0329,0.4125,0.4462,0.9402,0.9376,14.14,11.99,-2.15
4124,423,easy,0.8046,0.8376,-0.0330,0.6730,0.7206,0.8533,0.8909,6.40,5.30,-1.10
4125,361,easy,0.9101,0.9435,-0.0334,0.8350,0.8931,0.9979,0.9813,2.90,2.00,-0.90
4126,2304,easy,0.8375,0.8710,-0.0335,0.7204,0.7714,0.8686,0.8942,11.38,5.67,-5.71
4127,4048,easy,0.1796,0.2132,-0.0336,0.0987,0.1193,0.6921,0.7690,37.48,36.77,-0.71
4128,2109,easy,0.7367,0.7704,-0.0337,0.5831,0.6265,0.9991,0.9898,7.40,7.59,0.18
4129,546,easy,0.7822,0.8159,-0.0337,0.6422,0.6890,0.8596,0.8863,14.95,11.79,-3.16
4130,4037,easy,0.6806,0.7143,-0.0337,0.5158,0.5556,0.9899,0.9999,2.83,2.24,-0.59
4131,1457,easy,0.8490,0.8827,-0.0337,0.7376,0.7901,0.9663,0.9641,2.01,1.41,-0.60
4132,3530,easy,0.9079,0.9422,-0.0343,0.8313,0.8907,0.9965,0.9921,4.24,2.24,-2.01
4133,378,easy,0.5753,0.6096,-0.0344,0.4038,0.4385,0.7091,0.7271,7.07,7.07,0.00
4134,3380,easy,0.5806,0.6150,-0.0344,0.4091,0.4441,0.7880,0.7473,6.00,8.37,2.37
4135,1053,easy,0.7281,0.7626,-0.0344,0.5725,0.6163,0.8347,0.8589,6.32,5.88,-0.44
4136,4102,easy,0.7960,0.8304,-0.0344,0.6611,0.7100,0.8455,0.8798,8.06,7.00,-1.06
4137,2108,easy,0.8478,0.8823,-0.0345,0.7358,0.7893,0.9908,0.9858,3.61,3.00,-0.61
4138,3553,easy,0.9206,0.9551,-0.0345,0.8529,0.9141,0.9928,0.9832,3.61,2.00,-1.61
4139,457,easy,0.6277,0.6623,-0.0346,0.4574,0.4950,0.8733,0.8164,10.19,11.82,1.63
4140,2901,easy,0.6534,0.6880,-0.0346,0.4852,0.5244,0.7429,0.7634,8.04,8.76,0.72
4141,3880,easy,0.8984,0.9331,-0.0347,0.8155,0.8746,0.9612,0.9680,3.16,2.24,-0.93
4142,3559,easy,0.9184,0.9532,-0.0348,0.8490,0.9106,0.9968,0.9942,4.24,2.00,-2.24
4143,3269,easy,0.6135,0.6484,-0.0349,0.4425,0.4797,0.7216,0.7440,11.18,10.88,-0.30
4144,2111,easy,0.7458,0.7806,-0.0349,0.5946,0.6402,0.9977,0.9883,7.44,7.10,-0.34
4145,4032,easy,0.3019,0.3368,-0.0350,0.1778,0.2025,0.9209,0.9209,5.10,4.12,-0.98
4146,1424,easy,0.7079,0.7429,-0.0350,0.5478,0.5909,0.7972,0.8066,4.15,3.56,-0.59
4147,3548,easy,0.8876,0.9226,-0.0350,0.7979,0.8563,0.9979,0.9957,4.35,3.00,-1.35
4148,3876,easy,0.9005,0.9356,-0.0351,0.8190,0.8790,0.9607,0.9532,3.00,2.00,-1.00
4149,3557,easy,0.9318,0.9669,-0.0351,0.8724,0.9360,0.9913,0.9865,3.61,1.14,-2.46
4150,3267,easy,0.7078,0.7430,-0.0352,0.5478,0.5911,0.7751,0.8042,9.89,9.00,-0.89
4151,798,easy,0.8583,0.8936,-0.0353,0.7518,0.8077,0.9156,0.9529,2.91,1.62,-1.29
4152,3877,easy,0.7821,0.8174,-0.0353,0.6422,0.6912,0.8783,0.9028,17.00,16.28,-0.73
4153,3266,easy,0.6966,0.7320,-0.0354,0.5345,0.5773,0.7672,0.7936,9.43,8.54,-0.89
4154,2145,easy,0.7123,0.7478,-0.0355,0.5532,0.5972,0.7766,0.7996,7.39,7.07,-0.32
4155,3284,easy,0.7546,0.7901,-0.0355,0.6059,0.6530,0.8059,0.8404,5.39,4.32,-1.07
4156,3550,easy,0.9006,0.9361,-0.0355,0.8192,0.8799,0.9956,0.9920,4.12,2.83,-1.29
4157,117,easy,0.5053,0.5408,-0.0356,0.3380,0.3706,0.7307,0.7547,5.00,4.68,-0.32
4158,1323,easy,0.7846,0.8203,-0.0358,0.6455,0.6954,0.8333,0.8524,8.02,7.35,-0.67
4159,1455,easy,0.4890,0.5248,-0.0358,0.3236,0.3558,0.7760,0.8064,11.02,10.07,-0.95
4160,3554,easy,0.9249,0.9608,-0.0359,0.8603,0.9246,0.9905,0.9931,3.61,1.41,-2.19
4161,849,easy,0.8353,0.8712,-0.0359,0.7172,0.7718,0.8710,0.9154,7.81,7.01,-0.80
4162,4042,easy,0.3736,0.4096,-0.0360,0.2297,0.2576,0.9999,0.9999,3.16,3.02,-0.15
4163,4043,easy,0.3736,0.4096,-0.0360,0.2297,0.2576,0.9999,0.9999,3.16,2.83,-0.33
4164,472,easy,0.6857,0.7218,-0.0361,0.5217,0.5647,0.8692,0.8692,3.08,2.66,-0.42
4165,3378,easy,0.6497,0.6858,-0.0361,0.4812,0.5219,0.8183,0.8184,5.00,6.00,1.00
4166,1883,easy,0.1990,0.2352,-0.0361,0.1105,0.1332,0.5579,0.5707,23.26,38.13,14.87
4167,3555,easy,0.9162,0.9524,-0.0362,0.8454,0.9091,0.9946,0.9874,3.61,2.00,-1.61
4168,3308,easy,0.6667,0.7029,-0.0362,0.5000,0.5419,0.7533,0.7733,5.97,6.40,0.43
4169,830,easy,0.8451,0.8813,-0.0362,0.7318,0.7878,0.8989,0.9182,8.18,6.37,-1.81
4170,380,easy,0.5602,0.5965,-0.0363,0.3891,0.4250,0.6954,0.7143,8.31,8.06,-0.24
4171,2110,easy,0.8249,0.8612,-0.0363,0.7020,0.7562,0.9979,0.9988,4.24,3.61,-0.64
4172,4136,easy,0.4858,0.5221,-0.0363,0.3209,0.3533,0.9836,0.9756,5.16,4.50,-0.66
4173,4477,easy,0.4956,0.5321,-0.0365,0.3294,0.3625,0.6784,0.6932,25.69,22.46,-3.24
4174,2122,easy,0.3500,0.3868,-0.0368,0.2121,0.2398,0.9994,0.9876,9.00,7.69,-1.31
4175,1002,easy,0.5733,0.6102,-0.0368,0.4019,0.4390,0.9507,0.9403,149.84,148.77,-1.07
4176,3658,easy,0.6027,0.6396,-0.0369,0.4313,0.4702,0.7847,0.7368,23.02,32.16,9.14
4177,4046,easy,0.0824,0.1194,-0.0371,0.0429,0.0635,0.6294,0.7219,9.22,11.03,1.81
4178,2112,easy,0.8470,0.8841,-0.0371,0.7345,0.7922,0.9947,0.9981,4.00,3.61,-0.39
4179,4044,easy,0.0347,0.0718,-0.0371,0.0176,0.0372,0.5553,0.6293,10.04,11.32,1.28
4180,1985,easy,0.5412,0.5783,-0.0371,0.3710,0.4068,0.7500,0.7608,18.81,18.78,-0.03
4181,3296,easy,0.7113,0.7485,-0.0372,0.5519,0.5981,0.7760,0.8019,5.53,5.00,-0.53
4182,2009,easy,0.6425,0.6798,-0.0372,0.4733,0.5149,0.9994,0.9872,7.07,6.24,-0.83
4183,4260,easy,0.5173,0.5547,-0.0373,0.3489,0.3838,0.9619,0.9266,12.04,11.40,-0.64
4184,3669,easy,0.6875,0.7249,-0.0373,0.5238,0.5685,0.8710,0.8203,21.21,10.34,-10.87
4185,3206,easy,0.5656,0.6030,-0.0374,0.3943,0.4316,0.7224,0.7158,10.13,12.09,1.96
4186,3165,easy,0.0000,0.0376,-0.0376,0.0000,0.0191,0.5000,0.5180,190.98,16.12,-174.86
4187,3694,easy,0.7666,0.8043,-0.0377,0.6215,0.6727,0.8212,0.8385,10.00,9.89,-0.11
4188,3836,easy,0.7220,0.7598,-0.0378,0.5649,0.6127,0.9999,0.9999,2.89,2.00,-0.89
4189,1458,easy,0.8843,0.9223,-0.0380,0.7926,0.8558,0.9793,0.9690,2.05,1.41,-0.63
4190,1371,easy,0.8000,0.8380,-0.0380,0.6667,0.7212,0.9381,0.9213,4.47,4.28,-0.20
4191,1943,easy,0.6470,0.6852,-0.0382,0.4782,0.5211,0.7643,0.7605,64.00,10.00,-54.00
4192,3004,easy,0.2979,0.3361,-0.0382,0.1751,0.2020,0.8192,0.7203,18.46,14.21,-4.24
4193,1074,easy,0.7226,0.7610,-0.0383,0.5657,0.6142,0.8497,0.8841,3.23,3.16,-0.07
4194,4039,easy,0.7812,0.8197,-0.0384,0.6410,0.6944,0.9999,1.0000,1.41,1.00,-0.41
4195,1892,easy,0.8142,0.8526,-0.0384,0.6866,0.7431,0.8461,0.8797,5.83,5.83,0.00
4196,3644,easy,0.4473,0.4863,-0.0390,0.2881,0.3212,0.7057,0.6830,27.26,30.00,2.74
4197,1620,easy,0.4130,0.4521,-0.0390,0.2603,0.2920,0.8724,0.8234,4.01,4.21,0.20
4198,2106,easy,0.8260,0.8650,-0.0390,0.7035,0.7621,0.9958,0.9923,4.12,3.61,-0.52
4199,1357,easy,0.8108,0.8499,-0.0391,0.6818,0.7389,0.8488,0.8884,7.00,2.01,-4.99
4200,3643,easy,0.5796,0.6191,-0.0395,0.4080,0.4483,0.8221,0.7256,29.43,13.34,-16.09
4201,4093,easy,0.8181,0.8577,-0.0396,0.6921,0.7508,0.8710,0.9291,6.56,4.12,-2.43
4202,1654,easy,0.8323,0.8722,-0.0399,0.7127,0.7733,0.9227,0.9661,3.61,2.00,-1.61
4203,3316,easy,0.6224,0.6623,-0.0399,0.4518,0.4951,0.7739,0.7686,7.15,7.21,0.06
4204,3177,easy,0.6856,0.7257,-0.0401,0.5216,0.5694,0.8900,0.8965,3.47,4.14,0.66
4205,3936,easy,0.6640,0.7042,-0.0402,0.4970,0.5435,0.9608,0.9858,5.00,3.18,-1.82
4206,3362,easy,0.7624,0.8027,-0.0402,0.6161,0.6704,0.9758,0.9730,8.00,6.01,-1.99
4207,800,easy,0.8596,0.9000,-0.0404,0.7537,0.8182,0.8961,0.9411,3.55,2.00,-1.55
4208,4120,easy,0.2069,0.2474,-0.0405,0.1154,0.1412,0.8156,0.8157,8.52,8.54,0.01
4209,333,easy,0.7348,0.7755,-0.0407,0.5807,0.6333,0.8494,0.8870,5.13,4.24,-0.88
4210,4496,easy,0.3402,0.3810,-0.0408,0.2050,0.2354,0.6424,0.6316,18.93,36.10,17.17
4211,4474,easy,0.5652,0.6062,-0.0410,0.3939,0.4349,0.7121,0.7314,22.68,21.10,-1.58
4212,684,easy,0.6454,0.6865,-0.0410,0.4765,0.5226,0.7562,0.7810,10.90,11.14,0.23
4213,3730,easy,0.5870,0.6283,-0.0413,0.4154,0.4580,0.9460,0.9956,5.10,4.00,-1.10
4214,837,easy,0.7009,0.7423,-0.0414,0.5396,0.5903,0.8097,0.8186,11.18,10.00,-1.18
4215,825,easy,0.7686,0.8101,-0.0415,0.6242,0.6809,0.8515,0.8669,9.85,8.42,-1.43
4216,649,easy,0.8580,0.8996,-0.0416,0.7513,0.8175,0.8839,0.9511,6.60,4.58,-2.02
4217,2661,easy,0.6566,0.6982,-0.0417,0.4887,0.5364,0.8610,0.8277,47.99,48.68,0.69
4218,2303,easy,0.8587,0.9004,-0.0418,0.7523,0.8189,0.8824,0.9171,10.00,4.00,-6.00
4219,55,easy,0.8451,0.8872,-0.0421,0.7317,0.7973,0.9225,0.9155,1.59,1.68,0.09
4220,211,easy,0.6839,0.7260,-0.0422,0.5196,0.5699,0.8630,0.8630,4.97,5.04,0.06
4221,4312,easy,0.5382,0.5806,-0.0424,0.3682,0.4091,0.6841,0.7045,8.94,8.06,-0.88
4222,602,easy,0.6087,0.6512,-0.0425,0.4375,0.4828,0.9999,0.9999,3.36,2.53,-0.83
4223,3175,easy,0.6893,0.7318,-0.0425,0.5259,0.5770,0.8112,0.8322,6.00,6.69,0.69
4224,2144,easy,0.6698,0.7123,-0.0425,0.5035,0.5532,0.7518,0.7766,7.46,7.09,-0.37
4225,1387,easy,0.7176,0.7602,-0.0426,0.5596,0.6132,0.8764,0.9011,3.08,2.83,-0.25
4226,3485,easy,0.8798,0.9225,-0.0427,0.7854,0.8562,0.9057,0.9587,8.19,5.00,-3.19
4227,3477,easy,0.8543,0.8975,-0.0432,0.7457,0.8141,0.8945,0.9233,12.73,11.00,-1.73
4228,856,easy,0.8058,0.8490,-0.0432,0.6747,0.7376,0.9641,0.9618,3.47,2.83,-0.64
4229,930,easy,0.5398,0.5832,-0.0434,0.3696,0.4116,0.8448,0.8962,22.51,22.67,0.16
4230,410,easy,0.7114,0.7549,-0.0435,0.5521,0.6063,0.7780,0.8061,10.16,10.09,-0.06
4231,1116,easy,0.6397,0.6835,-0.0437,0.4703,0.5191,0.7417,0.7639,5.40,5.39,-0.01
4232,2014,easy,0.8243,0.8680,-0.0438,0.7011,0.7669,0.9977,0.9913,3.63,2.83,-0.80
4233,1295,easy,0.7457,0.7896,-0.0439,0.5945,0.6523,0.8305,0.8389,8.42,8.23,-0.19
4234,4033,easy,0.6575,0.7015,-0.0440,0.4898,0.5402,0.9705,0.9607,2.24,2.00,-0.24
4235,3951,easy,0.1070,0.1513,-0.0443,0.0565,0.0818,0.9542,0.9089,12.23,14.30,2.08
4236,4031,easy,0.3232,0.3678,-0.0446,0.1928,0.2254,0.9209,0.9210,5.30,4.12,-1.18
4237,4030,easy,0.3232,0.3678,-0.0446,0.1928,0.2254,0.9209,0.9210,5.39,4.12,-1.26
4238,471,easy,0.7400,0.7847,-0.0447,0.5873,0.6457,0.8394,0.8761,5.00,3.60,-1.40
4239,4482,easy,0.3163,0.3610,-0.0448,0.1878,0.2203,0.6030,0.6158,33.45,31.56,-1.90
4240,1055,easy,0.6901,0.7350,-0.0448,0.5269,0.5810,0.8054,0.8353,7.21,6.35,-0.86
4241,1947,easy,0.4283,0.4732,-0.0449,0.2725,0.3099,0.6626,0.6550,65.60,15.00,-50.60
4242,363,easy,0.9033,0.9486,-0.0452,0.8237,0.9022,0.9966,0.9773,3.16,1.41,-1.75
4243,1071,easy,0.7547,0.8000,-0.0453,0.6061,0.6667,0.9255,0.9255,4.79,4.82,0.03
4244,1331,easy,0.6690,0.7147,-0.0457,0.5026,0.5560,0.7827,0.8987,27.87,28.28,0.41
4245,2942,easy,0.6695,0.7155,-0.0460,0.5032,0.5570,0.7802,0.8075,6.04,5.69,-0.35
4246,392,easy,0.8202,0.8662,-0.0460,0.6952,0.7639,0.8631,0.9022,6.06,3.00,-3.06
4247,1318,easy,0.7889,0.8350,-0.0460,0.6514,0.7167,0.8321,0.8627,8.06,6.09,-1.97
4248,3286,easy,0.7414,0.7875,-0.0460,0.5891,0.6494,0.7945,0.8247,7.16,6.08,-1.08
4249,615,easy,0.4068,0.4528,-0.0461,0.2553,0.2927,0.9799,0.9799,8.06,7.00,-1.06
4250,4220,easy,0.5854,0.6316,-0.0462,0.4138,0.4615,0.8272,0.8272,8.89,9.00,0.11
4251,2903,easy,0.6471,0.6934,-0.0462,0.4784,0.5307,0.7395,0.7662,8.05,8.76,0.72
4252,3317,easy,0.7345,0.7811,-0.0465,0.5805,0.6408,0.7902,0.8204,6.17,5.39,-0.79
4253,395,easy,0.8096,0.8562,-0.0466,0.6801,0.7486,0.8619,0.8972,3.74,3.16,-0.58
4254,4038,easy,0.7407,0.7874,-0.0467,0.5882,0.6494,0.9999,0.9999,2.00,1.41,-0.59
4255,3581,easy,0.7619,0.8096,-0.0477,0.6154,0.6801,0.9960,0.9305,7.01,3.61,-3.40
4256,2001,easy,0.8479,0.8958,-0.0479,0.7360,0.8113,0.9979,0.9602,3.16,2.00,-1.16
4257,2911,easy,0.6564,0.7043,-0.0479,0.4885,0.5436,0.7445,0.7721,8.32,7.07,-1.25
4258,3338,easy,0.6562,0.7043,-0.0482,0.4883,0.5436,0.8752,0.8374,12.68,7.55,-5.13
4259,1302,easy,0.7296,0.7782,-0.0487,0.5743,0.6370,0.9142,0.8321,5.33,8.56,3.23
4260,2018,easy,0.8056,0.8545,-0.0489,0.6744,0.7459,0.9977,0.9960,4.47,3.61,-0.87
4261,643,easy,0.7917,0.8407,-0.0490,0.6553,0.7252,0.8392,0.9562,8.50,4.74,-3.76
4262,641,easy,0.7474,0.7965,-0.0491,0.5967,0.6619,0.8150,0.9238,10.28,5.24,-5.03
4263,3673,easy,0.6735,0.7227,-0.0491,0.5077,0.5658,0.8173,0.8224,12.86,10.63,-2.23
4264,2665,easy,0.5037,0.5532,-0.0495,0.3366,0.3824,0.8776,0.8610,44.03,47.29,3.27
4265,3203,easy,0.4963,0.5458,-0.0495,0.3300,0.3754,0.6652,0.6879,15.12,14.32,-0.80
4266,1018,easy,0.7497,0.8006,-0.0509,0.5996,0.6675,0.9824,0.9705,5.10,2.83,-2.27
4267,2012,easy,0.8369,0.8879,-0.0510,0.7196,0.7985,0.9940,0.9876,3.00,2.24,-0.76
4268,4497,easy,0.2438,0.2951,-0.0513,0.1388,0.1731,0.6347,0.6117,19.42,33.94,14.52
4269,2016,easy,0.8224,0.8742,-0.0518,0.6984,0.7765,0.9977,0.9961,4.12,3.00,-1.12
4270,3483,easy,0.8214,0.8733,-0.0519,0.6969,0.7751,0.8612,0.9045,15.65,13.00,-2.65
4271,3357,easy,0.7057,0.7577,-0.0520,0.5452,0.6099,0.8653,0.8363,6.08,8.25,2.16
4272,3355,easy,0.6634,0.7155,-0.0521,0.4963,0.5570,0.8390,0.8060,7.00,8.03,1.03
4273,3377,easy,0.6128,0.6650,-0.0522,0.4417,0.4981,0.9153,0.9108,14.91,10.16,-4.75
4274,4092,easy,0.8383,0.8909,-0.0526,0.7216,0.8033,0.8802,0.9413,7.62,5.00,-2.62
4275,1944,easy,0.6166,0.6694,-0.0528,0.4457,0.5031,0.7576,0.7518,64.29,10.00,-54.29
4276,945,easy,0.7800,0.8329,-0.0529,0.6393,0.7136,0.9814,0.9752,6.93,5.83,-1.10
4277,1952,easy,0.4351,0.4882,-0.0531,0.2780,0.3229,0.6612,0.6615,66.20,19.02,-47.18
4278,771,easy,0.7971,0.8503,-0.0532,0.6627,0.7396,0.9512,0.9319,9.99,6.81,-3.18
4279,2905,easy,0.6449,0.6985,-0.0536,0.4759,0.5367,0.7382,0.7687,8.06,7.81,-0.25
4280,3865,easy,0.6797,0.7333,-0.0536,0.5148,0.5788,0.7689,0.8033,22.04,17.69,-4.34
4281,2029,easy,0.8569,0.9109,-0.0539,0.7497,0.8363,0.9971,0.9695,3.00,2.00,-1.00
4282,603,easy,0.7500,0.8041,-0.0541,0.6000,0.6724,0.9999,0.9999,3.61,2.77,-0.84
4283,4091,easy,0.8438,0.8981,-0.0544,0.7298,0.8151,0.8770,0.9311,7.38,5.00,-2.38
4284,2907,easy,0.6417,0.6961,-0.0544,0.4725,0.5339,0.7365,0.7669,8.40,8.00,-0.40
4285,614,easy,0.6625,0.7172,-0.0547,0.4953,0.5591,0.9999,0.9905,7.62,4.43,-3.19
4286,2364,easy,0.7958,0.8506,-0.0548,0.6609,0.7401,0.8397,0.8804,4.15,3.61,-0.54
4287,4051,easy,0.4321,0.4870,-0.0549,0.2756,0.3219,0.7361,0.7271,21.97,24.96,2.99
4288,1953,easy,0.3993,0.4545,-0.0552,0.2495,0.2941,0.6437,0.6471,66.26,19.77,-46.49
4289,2909,easy,0.6407,0.6961,-0.0554,0.4713,0.5339,0.7359,0.7669,8.58,8.05,-0.54
4290,3315,easy,0.7621,0.8177,-0.0556,0.6156,0.6916,0.8108,0.8503,5.39,4.63,-0.75
4291,991,easy,0.7674,0.8232,-0.0559,0.6225,0.6996,0.9699,0.9498,4.15,2.24,-1.91
4292,1890,easy,0.7469,0.8031,-0.0562,0.5961,0.6709,0.8001,0.8378,13.39,8.06,-5.33
4293,1935,easy,0.3793,0.4356,-0.0563,0.2340,0.2784,0.6237,0.6421,64.76,26.94,-37.82
4294,3871,easy,0.7573,0.8142,-0.0570,0.6094,0.6867,0.8165,0.8611,17.28,14.86,-2.42
4295,928,easy,0.5502,0.6074,-0.0572,0.3795,0.4362,0.9907,0.9955,17.84,16.22,-1.62
4296,1889,easy,0.7650,0.8227,-0.0577,0.6195,0.6988,0.8125,0.8522,14.24,6.71,-7.53
4297,2442,easy,0.1903,0.2482,-0.0579,0.1051,0.1417,0.7694,0.5976,22.94,15.92,-7.02
4298,3364,easy,0.7236,0.7818,-0.0582,0.5669,0.6418,0.9115,0.9025,6.65,4.40,-2.25
4299,2657,easy,0.3226,0.3810,-0.0584,0.1923,0.2353,0.8124,0.8124,47.21,59.12,11.91
4300,694,easy,0.7459,0.8045,-0.0587,0.5947,0.6730,0.9366,0.9272,9.72,8.49,-1.24
4301,3603,easy,0.8409,0.9000,-0.0591,0.7255,0.8182,0.9683,0.9557,1.41,1.00,-0.41
4302,1019,easy,0.7098,0.7689,-0.0592,0.5501,0.6246,0.9550,0.9424,150.21,4.43,-145.78
4303,2869,easy,0.6349,0.6941,-0.0592,0.4651,0.5315,0.9002,0.8268,8.49,11.31,2.83
4304,3930,easy,0.7975,0.8571,-0.0596,0.6633,0.7500,0.8611,0.9083,5.71,6.15,0.44
4305,4029,easy,0.3495,0.4096,-0.0601,0.2118,0.2576,0.9736,0.9473,5.39,3.93,-1.45
4306,1422,easy,0.2968,0.3571,-0.0604,0.1742,0.2174,0.9105,0.7678,6.82,7.04,0.22
4307,772,easy,0.7134,0.7749,-0.0615,0.5544,0.6325,0.9641,0.9474,12.13,10.59,-1.54
4308,3873,easy,0.7986,0.8604,-0.0618,0.6647,0.7550,0.8464,0.8999,15.57,11.40,-4.16
4309,2933,easy,0.5534,0.6154,-0.0620,0.3825,0.4444,0.6931,0.7235,12.91,11.11,-1.80
4310,4078,easy,0.4453,0.5074,-0.0620,0.2864,0.3399,0.7414,0.7922,24.08,28.15,4.06
4311,3959,easy,0.5936,0.6561,-0.0625,0.4221,0.4882,0.9993,0.9936,10.02,8.60,-1.42
4312,3359,easy,0.7465,0.8091,-0.0626,0.5955,0.6794,0.9027,0.8767,6.08,7.33,1.25
4313,3361,easy,0.7167,0.7794,-0.0626,0.5585,0.6385,0.8710,0.8451,7.86,9.38,1.52
4314,1211,easy,0.6314,0.6941,-0.0627,0.4614,0.5315,0.7806,0.8251,10.34,7.07,-3.27
4315,1333,easy,0.8036,0.8667,-0.0631,0.6716,0.7647,0.8409,0.8939,3.39,2.25,-1.14
4316,3934,easy,0.7571,0.8204,-0.0632,0.6092,0.6955,0.9415,0.9693,3.27,2.00,-1.27
4317,2913,easy,0.6811,0.7445,-0.0634,0.5164,0.5930,0.7582,0.7965,7.00,6.00,-1.00
4318,1986,easy,0.5111,0.5750,-0.0639,0.3433,0.4035,0.7500,0.7500,18.72,18.84,0.12
4319,4254,easy,0.5600,0.6239,-0.0639,0.3889,0.4534,0.7109,0.7499,26.15,25.01,-1.14
4320,3366,easy,0.6736,0.7375,-0.0639,0.5078,0.5842,0.8565,0.8786,7.26,5.59,-1.67
4321,3605,easy,0.7835,0.8475,-0.0640,0.6441,0.7353,0.9809,0.9746,2.00,1.33,-0.67
4322,1072,easy,0.7571,0.8227,-0.0656,0.6092,0.6989,0.8136,0.8639,5.10,4.47,-0.63
4323,952,easy,0.5161,0.5817,-0.0656,0.3478,0.4102,0.7451,0.7852,9.85,9.28,-0.56
4324,2033,easy,0.7222,0.7879,-0.0657,0.5652,0.6500,1.0000,1.0000,1.41,1.41,0.00
4325,1809,easy,0.6074,0.6731,-0.0657,0.4362,0.5072,0.8360,0.7869,4.00,4.12,0.12
4326,4090,easy,0.8392,0.9049,-0.0657,0.7230,0.8264,0.8661,0.9317,7.13,5.59,-1.54
4327,2363,easy,0.6971,0.7643,-0.0672,0.5350,0.6185,0.8359,0.9279,3.86,2.00,-1.86
4328,119,easy,0.6786,0.7460,-0.0674,0.5135,0.5949,0.8104,0.8790,2.86,2.24,-0.63
4329,3491,easy,0.8660,0.9338,-0.0678,0.7637,0.8758,0.8947,0.9523,7.27,4.10,-3.17
4330,3932,easy,0.7979,0.8665,-0.0686,0.6638,0.7644,0.9221,0.9416,4.69,1.74,-2.96
4331,809,easy,0.1499,0.2186,-0.0687,0.0810,0.1227,0.6095,0.6255,95.84,18.12,-77.71
4332,3672,easy,0.6678,0.7373,-0.0695,0.5013,0.5839,0.8279,0.8346,14.93,10.83,-4.10
4333,1330,easy,0.3191,0.3892,-0.0701,0.1898,0.2416,0.7109,0.8417,30.56,30.71,0.15
4334,1316,easy,0.7259,0.7965,-0.0706,0.5697,0.6618,0.7905,0.8391,9.22,6.34,-2.88
4335,2020,easy,0.7841,0.8551,-0.0710,0.6449,0.7469,0.9985,0.9960,5.21,3.16,-2.05
4336,3670,easy,0.6605,0.7325,-0.0720,0.4931,0.5779,0.8510,0.8274,20.13,10.63,-9.50
4337,3685,easy,0.7716,0.8441,-0.0725,0.6281,0.7302,0.8264,0.8830,8.00,11.53,3.53
4338,1999,easy,0.8288,0.9023,-0.0735,0.7076,0.8221,0.9995,0.9712,3.61,2.00,-1.61
4339,3867,easy,0.6342,0.7079,-0.0737,0.4644,0.5479,0.7394,0.7834,24.12,20.12,-4.00
4340,3601,easy,0.7833,0.8571,-0.0739,0.6437,0.7500,0.9982,0.9139,9.38,2.02,-7.35
4341,1328,easy,0.0000,0.0740,-0.0740,0.0000,0.0384,0.4980,0.6211,35.25,34.86,-0.38
4342,2028,easy,0.8174,0.8915,-0.0741,0.6911,0.8043,0.9995,0.9779,3.61,2.00,-1.61
4343,990,easy,0.8218,0.8964,-0.0746,0.6975,0.8123,0.9836,0.9677,4.21,2.24,-1.98
4344,3703,easy,0.2633,0.3382,-0.0748,0.1516,0.2035,0.5759,0.6026,28.77,41.74,12.97
4345,989,easy,0.8134,0.8889,-0.0755,0.6855,0.8000,0.9923,0.9863,4.22,2.00,-2.22
4346,1234,easy,0.6102,0.6860,-0.0758,0.4390,0.5221,0.9798,0.9732,158.27,2.24,-156.04
4347,1945,easy,0.5549,0.6315,-0.0766,0.3840,0.4615,0.7286,0.7307,63.15,10.14,-53.01
4348,3696,easy,0.6674,0.7446,-0.0772,0.5009,0.5931,0.7548,0.8018,10.30,10.12,-0.17
4349,2032,easy,0.7222,0.8000,-0.0778,0.5652,0.6667,1.0000,1.0000,1.41,1.41,0.00
4350,3697,easy,0.6452,0.7231,-0.0779,0.4762,0.5663,0.7442,0.7902,9.85,10.63,0.78
4351,2007,easy,0.8177,0.8956,-0.0779,0.6916,0.8110,0.9996,0.9829,3.61,2.00,-1.61
4352,740,easy,0.2136,0.2917,-0.0781,0.1196,0.1707,0.6340,0.5854,42.73,3.14,-39.59
4353,4483,easy,0.2596,0.3392,-0.0796,0.1491,0.2042,0.5819,0.6063,33.72,32.30,-1.42
4354,2142,easy,0.6443,0.7256,-0.0813,0.4752,0.5694,0.7526,0.8131,8.00,5.00,-3.00
4355,3375,easy,0.6204,0.7034,-0.0829,0.4497,0.5425,0.9193,0.9213,14.00,9.00,-5.00
4356,3202,easy,0.5582,0.6412,-0.0830,0.3872,0.4719,0.6938,0.7362,13.59,12.25,-1.34
4357,2030,easy,0.7406,0.8251,-0.0845,0.5881,0.7022,0.9994,0.9963,4.35,2.83,-1.52
4358,3270,easy,0.4720,0.5578,-0.0858,0.3089,0.3868,0.6546,0.6938,17.87,15.70,-2.17
4359,3583,easy,0.6919,0.7789,-0.0870,0.5289,0.6379,0.9972,0.9751,8.00,5.82,-2.18
4360,3487,easy,0.8366,0.9238,-0.0872,0.7191,0.8584,0.8703,0.9498,9.52,5.00,-4.52
4361,741,easy,0.7407,0.8283,-0.0875,0.5882,0.7069,0.9878,1.0000,35.84,1.41,-34.43
4362,1646,easy,0.6216,0.7097,-0.0881,0.4510,0.5500,0.9479,0.9285,6.98,6.85,-0.13
4363,4400,easy,0.6349,0.7232,-0.0883,0.4651,0.5664,0.9718,0.8535,10.78,11.04,0.25
4364,3869,easy,0.6942,0.7829,-0.0886,0.5317,0.6432,0.7726,0.8300,21.30,16.12,-5.18
4365,1423,easy,0.2063,0.2951,-0.0887,0.1150,0.1731,0.9641,0.8214,9.35,8.69,-0.65
4366,3695,easy,0.6931,0.7829,-0.0898,0.5304,0.6433,0.7711,0.8244,9.22,9.90,0.68
4367,3729,easy,0.6415,0.7320,-0.0905,0.4722,0.5773,0.9213,0.9627,4.21,2.77,-1.44
4368,584,easy,0.5989,0.6897,-0.0908,0.4274,0.5263,0.9906,0.9629,4.12,2.22,-1.90
4369,1891,easy,0.7351,0.8265,-0.0913,0.5812,0.7043,0.7946,0.8591,8.52,7.18,-1.34
4370,3201,easy,0.6810,0.7728,-0.0919,0.5163,0.6298,0.7584,0.8170,8.68,7.16,-1.52
4371,2024,easy,0.7900,0.8820,-0.0920,0.6529,0.7889,0.9986,0.9844,5.34,2.12,-3.22
4372,2022,easy,0.7683,0.8612,-0.0929,0.6237,0.7562,0.9985,0.9961,6.08,3.16,-2.92
4373,4080,easy,0.4297,0.5231,-0.0934,0.2736,0.3542,0.7329,0.7880,24.00,25.69,1.69
4374,3640,easy,0.3607,0.4541,-0.0934,0.2200,0.2938,0.6575,0.6688,28.71,29.24,0.54
4375,2943,easy,0.6706,0.7642,-0.0937,0.5044,0.6184,0.7719,0.8349,5.39,3.00,-2.39
4376,2003,easy,0.7545,0.8483,-0.0938,0.6057,0.7366,0.9994,0.9941,4.36,2.24,-2.12
4377,994,easy,0.4293,0.5242,-0.0949,0.2733,0.3552,0.9499,0.9346,12.13,8.40,-3.73
4378,3363,easy,0.6978,0.7938,-0.0960,0.5359,0.6581,0.8912,0.8662,9.00,9.08,0.08
4379,2663,easy,0.5702,0.6667,-0.0965,0.3988,0.5000,0.8610,0.8499,44.10,48.40,4.30
4380,1090,easy,0.6917,0.7888,-0.0971,0.5287,0.6512,0.7726,0.8640,6.71,6.87,0.16
4381,2027,easy,0.7962,0.8938,-0.0976,0.6614,0.8080,0.9977,0.9844,5.39,2.13,-3.26
4382,4114,easy,0.1183,0.2169,-0.0986,0.0629,0.1217,0.7280,0.7363,34.54,23.82,-10.72
4383,2048,easy,0.5524,0.6517,-0.0993,0.3816,0.4833,0.9999,0.9999,3.00,2.20,-0.80
4384,2005,easy,0.7796,0.8789,-0.0993,0.6388,0.7840,0.9995,0.9863,3.61,2.04,-1.57
4385,3704,easy,0.2232,0.3232,-0.0999,0.1256,0.1927,0.5628,0.5970,26.03,41.83,15.80
4386,2026,easy,0.7868,0.8875,-0.1007,0.6486,0.7978,0.9985,0.9844,5.39,2.12,-3.27
4387,3982,easy,0.4703,0.5710,-0.1007,0.3075,0.3996,0.9991,0.9969,11.01,7.07,-3.94
4388,3373,easy,0.6224,0.7245,-0.1020,0.4518,0.5680,0.9098,0.9317,14.00,8.81,-5.19
4389,3976,easy,0.4177,0.5210,-0.1033,0.2640,0.3523,0.9988,0.9183,12.02,11.67,-0.35
4390,3365,easy,0.6695,0.7740,-0.1045,0.5032,0.6313,0.8995,0.8822,10.05,8.22,-1.83
4391,2659,easy,0.3252,0.4301,-0.1049,0.1942,0.2740,0.8124,0.8124,47.27,47.93,0.66
4392,4063,easy,0.4378,0.5435,-0.1057,0.2803,0.3732,0.8108,0.7428,22.78,13.81,-8.97
4393,3371,easy,0.6345,0.7424,-0.1079,0.4646,0.5903,0.8996,0.9192,13.00,7.00,-6.00
4394,4375,easy,0.5257,0.6337,-0.1079,0.3566,0.4638,0.8085,0.8220,17.17,22.42,5.25
4395,3369,easy,0.6267,0.7362,-0.1095,0.4563,0.5825,0.8892,0.8960,13.00,7.00,-6.00
4396,950,easy,0.4597,0.5706,-0.1109,0.2984,0.3992,0.6815,0.7381,20.30,8.60,-11.70
4397,2930,easy,0.7033,0.8150,-0.1118,0.5423,0.6878,0.7759,0.8636,6.22,5.00,-1.22
4398,2426,easy,0.1352,0.2471,-0.1118,0.0725,0.1409,0.9451,0.7836,14.46,10.55,-3.92
4399,2920,easy,0.7284,0.8403,-0.1119,0.5728,0.7245,0.7885,0.8987,5.43,5.00,-0.43
4400,2915,easy,0.6790,0.7921,-0.1131,0.5140,0.6558,0.7570,0.8287,6.00,4.89,-1.11
4401,3489,easy,0.8090,0.9233,-0.1143,0.6793,0.8575,0.8494,0.9414,10.86,5.66,-5.21
4402,3281,easy,0.0488,0.1644,-0.1156,0.0250,0.0896,0.5250,0.6499,10.27,9.91,-0.36
4403,3367,easy,0.6194,0.7357,-0.1163,0.4487,0.5819,0.8780,0.8816,13.00,8.01,-4.99
4404,1946,easy,0.4539,0.5702,-0.1164,0.2935,0.3988,0.6765,0.6994,64.26,11.18,-53.08
4405,1000,easy,0.5795,0.6971,-0.1175,0.4080,0.5350,0.9647,0.9544,149.01,106.61,-42.41
4406,3671,easy,0.6275,0.7456,-0.1181,0.4572,0.5944,0.8209,0.8494,21.23,10.64,-10.59
4407,3979,easy,0.4121,0.5308,-0.1188,0.2595,0.3613,0.9989,0.9993,13.41,10.06,-3.35
4408,2921,easy,0.7158,0.8355,-0.1198,0.5573,0.7175,0.7787,0.8944,5.39,4.55,-0.83
4409,4398,easy,0.4222,0.5455,-0.1232,0.2676,0.3750,0.9594,0.7558,16.12,11.40,-4.72
4410,2932,easy,0.6285,0.7518,-0.1233,0.4583,0.6023,0.7314,0.8117,11.31,6.08,-5.23
4411,3699,easy,0.6552,0.7786,-0.1233,0.4873,0.6374,0.7477,0.8350,8.60,8.06,-0.54
4412,2036,easy,0.7600,0.8837,-0.1237,0.6129,0.7917,1.0000,1.0000,1.41,1.00,-0.41
4413,1987,easy,0.4516,0.5753,-0.1237,0.2917,0.4038,0.7282,0.7282,19.97,19.11,-0.86
4414,2929,easy,0.7164,0.8404,-0.1240,0.5581,0.7247,0.7870,0.8883,6.18,4.00,-2.18
4415,3349,easy,0.4707,0.5948,-0.1240,0.3078,0.4232,0.7815,0.7940,12.06,97.69,85.62
4416,3977,easy,0.4273,0.5517,-0.1244,0.2717,0.3810,0.9989,0.9319,11.99,9.79,-2.20
4417,1186,easy,0.6094,0.7339,-0.1246,0.4382,0.5797,0.9534,0.9651,63.80,6.86,-56.94
4418,3684,easy,0.7157,0.8424,-0.1267,0.5573,0.7277,0.7875,0.8830,9.00,11.21,2.21
4419,3698,easy,0.6343,0.7611,-0.1268,0.4645,0.6144,0.7354,0.8177,8.88,7.81,-1.07
4420,4061,easy,0.3874,0.5154,-0.1279,0.2402,0.3471,0.7754,0.7569,23.64,19.97,-3.68
4421,4049,easy,0.3925,0.5208,-0.1283,0.2441,0.3520,0.7202,0.7922,23.55,24.72,1.17
4422,836,easy,0.7689,0.8994,-0.1306,0.6245,0.8172,0.8612,0.9458,14.99,5.00,-9.99
4423,2923,easy,0.6921,0.8258,-0.1337,0.5292,0.7033,0.7649,0.8823,7.62,5.00,-2.62
4424,2034,easy,0.7536,0.8889,-0.1353,0.6047,0.8000,1.0000,0.9615,1.14,1.00,-0.14
4425,2931,easy,0.6474,0.7829,-0.1356,0.4786,0.6433,0.7408,0.8293,8.06,6.21,-1.85
4426,685,easy,0.7104,0.8472,-0.1368,0.5508,0.7349,0.7864,0.9042,7.07,5.00,-2.07
4427,191,easy,0.4301,0.5674,-0.1373,0.2740,0.3960,0.9760,0.9761,13.64,129.57,115.93
4428,3504,easy,0.5750,0.7124,-0.1374,0.4035,0.5533,0.7101,0.7938,19.72,16.81,-2.91
4429,3981,easy,0.4500,0.5875,-0.1375,0.2903,0.4160,0.9991,0.9995,12.71,7.65,-5.05
4430,4053,easy,0.3567,0.4950,-0.1384,0.2170,0.3289,0.7390,0.7272,23.42,20.93,-2.49
4431,3634,easy,0.2043,0.3439,-0.1396,0.1137,0.2076,0.5890,0.6149,32.92,28.48,-4.44
4432,3980,easy,0.4328,0.5731,-0.1403,0.2762,0.4016,0.9990,0.9994,13.04,8.57,-4.47
4433,2365,easy,0.5911,0.7317,-0.1406,0.4196,0.5769,0.7400,0.8599,7.07,2.69,-4.38
4434,1143,easy,0.4681,0.6102,-0.1421,0.3056,0.4390,0.8548,0.7903,10.12,9.20,-0.92
4435,1645,easy,0.3133,0.4561,-0.1429,0.1857,0.2955,0.9999,0.9999,3.25,2.58,-0.67
4436,2922,easy,0.7015,0.8451,-0.1435,0.5403,0.7317,0.7716,0.8983,6.32,5.00,-1.32
4437,4110,easy,0.6215,0.7652,-0.1436,0.4509,0.6197,0.9460,0.8749,9.22,8.21,-1.01
4438,3600,easy,0.7176,0.8616,-0.1439,0.5596,0.7568,0.9994,0.9930,8.06,2.92,-5.14
4439,3870,easy,0.7754,0.9204,-0.1450,0.6332,0.8526,0.8254,0.9377,6.93,3.61,-3.33
4440,69,easy,0.5047,0.6500,-0.1453,0.3375,0.4815,0.9654,0.9482,3.00,2.24,-0.76
4441,2998,easy,0.3567,0.5028,-0.1461,0.2171,0.3358,0.9357,0.7205,16.02,7.06,-8.96
4442,1332,easy,0.7049,0.8511,-0.1461,0.5443,0.7407,0.7739,0.8822,5.47,3.16,-2.31
4443,3577,easy,0.7379,0.8856,-0.1477,0.5847,0.7947,0.9995,0.9494,10.19,1.41,-8.77
4444,2031,easy,0.7324,0.8814,-0.1490,0.5778,0.7879,1.0000,1.0000,1.41,1.00,-0.41
4445,3978,easy,0.4241,0.5761,-0.1520,0.2691,0.4046,0.9899,0.9724,12.00,9.56,-2.44
4446,2928,easy,0.6823,0.8354,-0.1531,0.5178,0.7173,0.7661,0.8812,6.78,3.61,-3.18
4447,2917,easy,0.6832,0.8391,-0.1559,0.5188,0.7228,0.7594,0.8627,5.83,4.24,-1.59
4448,3579,easy,0.7211,0.8771,-0.1561,0.5638,0.7812,0.9996,0.9689,7.07,2.83,-4.24
4449,2924,easy,0.6578,0.8157,-0.1580,0.4900,0.6888,0.7450,0.8717,8.00,5.10,-2.90
4450,622,easy,0.2806,0.4416,-0.1610,0.1632,0.2833,0.7436,0.6449,87.29,7.33,-79.96
4451,2919,easy,0.6887,0.8552,-0.1665,0.5252,0.7471,0.7633,0.8914,5.83,4.63,-1.20
4452,3602,easy,0.7062,0.8750,-0.1688,0.5458,0.7778,0.9996,0.9725,7.21,2.83,-4.38
4453,854,easy,0.6776,0.8464,-0.1688,0.5124,0.7337,0.9695,0.9696,8.00,2.08,-5.91
4454,2428,easy,0.1389,0.3086,-0.1696,0.0747,0.1824,0.9452,0.8647,13.60,9.79,-3.81
4455,3575,easy,0.7219,0.8921,-0.1702,0.5648,0.8052,0.9995,0.9685,10.00,1.41,-8.59
4456,1017,easy,0.6878,0.8585,-0.1707,0.5241,0.7521,0.9761,0.9662,146.94,2.24,-144.70
4457,2367,easy,0.0843,0.2558,-0.1715,0.0440,0.1467,0.8924,0.8927,44.94,11.97,-32.98
4458,3353,easy,0.6703,0.8426,-0.1723,0.5041,0.7280,0.9705,0.9404,10.79,2.44,-8.34
4459,2927,easy,0.6642,0.8416,-0.1774,0.4973,0.7266,0.7549,0.8917,8.54,3.61,-4.94
4460,762,easy,0.3696,0.5473,-0.1776,0.2267,0.3767,0.7027,0.6993,30.24,14.19,-16.05
4461,1631,easy,0.5000,0.6849,-0.1849,0.3333,0.5208,0.9999,0.8906,2.24,1.65,-0.59
4462,4059,easy,0.3396,0.5248,-0.1852,0.2045,0.3558,0.7330,0.7616,23.83,19.65,-4.18
4463,775,easy,0.2722,0.4650,-0.1928,0.1575,0.3029,0.9647,0.9555,19.29,10.67,-8.62
4464,3351,easy,0.6254,0.8189,-0.1935,0.4550,0.6933,0.9308,0.9099,12.27,3.16,-9.11
4465,2925,easy,0.6158,0.8136,-0.1978,0.4449,0.6857,0.7224,0.8664,8.52,5.00,-3.52
4466,2994,easy,0.4197,0.6190,-0.1993,0.2656,0.4483,0.9799,0.7549,12.65,5.00,-7.65
4467,3630,easy,0.1477,0.3490,-0.2013,0.0797,0.2114,0.5704,0.7054,23.25,22.86,-0.38
4468,2432,easy,0.1734,0.3750,-0.2016,0.0949,0.2308,0.9584,0.7754,11.18,6.88,-4.30
4469,4055,easy,0.2857,0.4936,-0.2079,0.1667,0.3277,0.7267,0.7332,23.68,15.72,-7.96
4470,2926,easy,0.6345,0.8468,-0.2124,0.4646,0.7344,0.7352,0.8960,9.08,3.61,-5.47
4471,946,easy,0.1081,0.3214,-0.2133,0.0571,0.1915,0.5425,0.5957,22.01,18.00,-4.01
4472,3636,easy,0.1749,0.3892,-0.2143,0.0959,0.2416,0.5766,0.6370,34.01,30.15,-3.86
4473,3207,easy,0.4617,0.6770,-0.2153,0.3002,0.5117,0.7302,0.7627,15.85,8.03,-7.81
4474,4057,easy,0.2836,0.5000,-0.2164,0.1652,0.3333,0.7328,0.7514,23.58,18.40,-5.18
4475,601,easy,0.1641,0.3855,-0.2214,0.0894,0.2388,0.9703,0.9705,48.13,3.61,-44.52
4476,2430,easy,0.1372,0.3605,-0.2233,0.0737,0.2199,0.9452,0.9187,13.73,8.95,-4.78
4477,1981,easy,0.2707,0.4941,-0.2234,0.1565,0.3281,0.6405,0.6641,18.90,18.66,-0.23
4478,2360,easy,0.1440,0.3772,-0.2332,0.0776,0.2324,0.6568,0.7414,37.14,9.73,-27.40
4479,840,easy,0.5948,0.8368,-0.2419,0.4233,0.7193,0.7400,0.9150,17.99,13.96,-4.04
4480,4111,easy,0.5539,0.7960,-0.2420,0.3831,0.6611,0.9478,0.8908,20.86,8.05,-12.81
4481,3638,easy,0.2194,0.4674,-0.2480,0.1232,0.3050,0.6008,0.6793,35.07,31.94,-3.14
4482,2996,easy,0.3950,0.6444,-0.2495,0.2461,0.4754,0.9603,0.7843,14.47,5.86,-8.61
4483,3632,easy,0.0926,0.3724,-0.2798,0.0486,0.2288,0.5458,0.7213,26.74,24.59,-2.15
4484,4112,easy,0.4862,0.7898,-0.3036,0.3212,0.6526,0.9535,0.8987,23.70,7.54,-16.17
4485,948,easy,0.1915,0.5072,-0.3157,0.1059,0.3397,0.5737,0.7171,21.29,8.00,-13.29
4486,756,easy,0.0000,0.3180,-0.3180,0.0000,0.1891,0.4997,0.7288,38.68,28.36,-10.32
4487,2266,easy,0.0930,0.4138,-0.3208,0.0488,0.2609,0.7996,0.6500,32.71,46.85,14.14
4488,3461,easy,0.3644,0.6903,-0.3258,0.2228,0.5270,0.8725,0.8545,9.03,2.95,-6.08
4489,620,easy,0.3776,0.7067,-0.3290,0.2328,0.5464,0.8544,0.8011,78.47,4.00,-74.47
4490,752,easy,0.2690,0.6081,-0.3391,0.1554,0.4369,0.6339,0.9218,34.03,13.62,-20.42
4491,1758,easy,0.0000,0.3404,-0.3404,0.0000,0.2051,0.4998,0.6026,177.41,3.00,-174.41
4492,3460,easy,0.3504,0.6909,-0.3405,0.2124,0.5278,0.8725,0.8454,37.31,2.68,-34.63
4493,1452,easy,0.4775,0.8235,-0.3461,0.3136,0.7000,0.8540,0.8583,100.47,4.10,-96.37
4494,4113,easy,0.3837,0.7450,-0.3613,0.2374,0.5936,0.9550,0.9026,29.69,7.01,-22.68
4495,838,easy,0.4849,0.8505,-0.3656,0.3201,0.7399,0.6818,0.9229,21.59,13.85,-7.74
4496,760,easy,0.0418,0.4658,-0.4240,0.0213,0.3036,0.5214,0.6584,33.02,14.42,-18.59
4497,3458,easy,0.0552,0.4848,-0.4297,0.0284,0.3200,0.5362,0.7908,44.00,42.00,-2.00
4498,995,easy,0.0000,0.4571,-0.4571,0.0000,0.2963,0.4997,0.7059,168.07,137.01,-31.06
4499,3459,easy,0.2787,0.7400,-0.4613,0.1619,0.5873,0.8088,0.8363,42.51,2.21,-40.29
4500,754,easy,0.0000,0.5136,-0.5136,0.0000,0.3455,0.4997,0.8557,47.17,30.50,-16.67
4501,3860,easy,0.0000,0.5167,-0.5167,0.0000,0.3483,0.4999,0.9793,113.07,7.07,-106.00
4502,3457,easy,0.0000,0.5254,-0.5254,0.0000,0.3563,0.4998,0.7460,45.00,42.00,-3.00
4503,3858,easy,0.0000,0.5359,-0.5359,0.0000,0.3660,0.4998,0.9043,121.11,7.76,-113.34
4504,1762,easy,0.0000,0.5556,-0.5556,0.0000,0.3846,0.4998,0.6923,173.18,2.00,-171.18
4505,3856,easy,0.0000,0.5723,-0.5723,0.0000,0.4008,0.4998,0.9199,114.52,18.41,-96.11
4506,774,easy,0.0000,0.6162,-0.6162,0.0000,0.4453,0.4997,0.9405,48.77,10.30,-38.47
4507,773,easy,0.0000,0.6374,-0.6374,0.0000,0.4678,0.4998,0.9420,50.32,12.05,-38.28
4508,3455,easy,0.0000,0.6383,-0.6383,0.0000,0.4688,0.4998,0.7381,45.01,3.16,-41.85
4509,3456,easy,0.0000,0.6383,-0.6383,0.0000,0.4688,0.4998,0.7381,45.01,3.16,-41.85
4510,1760,easy,0.0000,0.7213,-0.7213,0.0000,0.5641,0.4998,0.7821,177.31,2.00,-175.31
4511,3862,easy,0.0333,0.8795,-0.8462,0.0169,0.7849,0.5088,0.8968,101.82,5.58,-96.24
4512,3868,easy,0.0142,0.9018,-0.8876,0.0071,0.8211,0.5036,0.9219,23.40,4.47,-18.93
4513,3864,easy,0.0043,0.8989,-0.8947,0.0021,0.8164,0.5010,0.9221,105.19,5.00,-100.19
4514,3866,easy,0.0000,0.9056,-0.9056,0.0000,0.8275,0.4999,0.9419,38.92,5.00,-33.92
